customer_id,customer_unique_id,customer_zip_code_prefix,customer_city,customer_state
0b87eea12c9bc8ae36b6e4c551f4770e,945a0478f858996b861b5c9b1905e56c,22451,rio de janeiro,RJ
0ccda8ca5a2e6382c05ca6321324c14b,81332bd0a95775e25469d45e070b8e65,04401,sao paulo,SP
0f0242e95194275e6fcb0660f728b7c3,c7ebaf88b0022b8aa6893bf62abaf74f,55644,gravata,PE
9c64abffb2de9888aa146da8c65a547f,18e362d58b54666925aacfd86ff84213,04944,sao paulo,SP
61f53bd3b55a43b690dde0258d8a87ae,d0bd25a13b24e8d59a11adda68bd3ecd,26050,nova iguacu,RJ
6cee76d1e3c3c310a01384d453f50e3f,a8fd074b27a3bcbb16deba85b778900f,13202,jundiai,SP
e3b69efc2115373fe6b3a9dd760fe777,2c7ad76b7694988382706caa2b5b33f9,25250,duque de caxias,RJ
b1b12d4f09aac15cf601f1dcab1897eb,92780b513694a69ad78065593f467900,89460,canoinhas,SC
0b280cd2ad379473688c1be86b9056e7,cbd059178a127dc1fe0171c00e743630,05542,sao paulo,SP
3aa2c129bd23bcce61a0683c4460860b,4a858d3e945b66b74a3b87cd245338a8,37757,poco fundo,MG
e8f6f2dc565be3effe09647d2aa8d8fb,1bb986e8abaa9271acdc815a41b02528,88880,lauro muller,SC
3db6d62286946e62a243790edb0ffc7f,c054a91d51e30816ffa37af660fef903,44340,muritiba,BA
2df9cae8b89e49873d8113b80efcc2fe,536a45120c7e443ad9d244872e8e06a4,13280,vinhedo,SP
a98e6344e3e2c0c8d612f390e428b824,d664dbfc7f2860095fc9da34a8615106,21930,rio de janeiro,RJ
553401fd74b3b623533d44c214a46431,bbb33ce14486df60882804a8e58fd5e1,12040,taubate,SP
2433b1918b00716d9d91da3cdc60f337,5e9c90f330da0758e806f4d69b012db1,78600,barra do garcas,MT
51213d198073a44b1d741f3bd18b7dbd,60d2c77bdfa612a796a9896d5d78bc95,79150,maracaju,MS
a72e3f9ee84689eb9473a5be145d8c94,2f3456e43b33068795c95cab77201cb0,17670,quintana,SP
eb133f781391608caf3443da896ade64,7bf6a12a0bbfad0a1ae0b1c9f5aae2d7,04641,sao paulo,SP
cbff1f00d84d9b3e20f8cee1f84f6dd7,d2f1fe59d13ac0fcdfcecc8427ec4f0c,39330,brasilia de minas,MG
6ace2360ea84b10f876d79d001766346,128a90cf48fe0a34afa7b0296bae977a,78098,cuiaba,MT
c30def9299a42a45fc635a77f7aa8d10,053ee39e5fff8053a860892cbd54d1ed,04235,sao paulo,SP
b49bca9a4fca7f417da7a01e96f21295,fb02e1bc1acdbf3718b2456b5fb0b67a,88025,florianopolis,SC
7ff290e59c82983e21d8337602e2ff6c,371467d2fc99bed797f8a4e955cd773d,12286,cacapava,SP
f59bcf02757dd0a656acd021758b6b0f,82e64e3af13810067a2c33a1372580be,48540,jeremoabo,BA
fff0f9fbcdf9cfe4d9328bd3a7af71d7,0cb95f1e2d716b9f4cf002be8cee2d54,39620,medina,MG
d0eaf0e4b95a2db94a72cfd221a0b58e,85f43d7bf17a5b212fc13da627ee0150,30350,belo horizonte,MG
f8b4a24fe1e43e25a94ceff98545fc1e,97fa03cbfede93a3c8a4173d76a365a7,02245,sao paulo,SP
edaad9e07395713e9f5a2124f6c846a1,0eb92bf267eecf025c7aa43ec480fc2c,88220,itapema,SC
86c180c33f454b35e1596a99da3dddc4,cd929c5ecff5fc60e9d808d33702e434,95890,teutonia,RS
d7244bf822c9028b0c0635c1e3948047,b4732f7f936d7ef982279a97cd38251a,57820,murici,AL
0298eec43baa253837fca6e98da66903,fc648355528e6e9bdd813a261820ff48,29057,vitoria,ES
946b7e93d437f40f31318b7c37886e9a,731d225b9315bdc8f31dd72a2724fbed,95115,caxias do sul,RS
a2e7ca2b5d23adf8d5b5b3c6d37ec9ef,d20af6b0ad09b59c805eb438e3e42e8a,50070,recife,PE
e5cd3e75fe2ef1e3464a4a038f81fd48,b413c4606ef07dbf8eec895fdff606d9,60326,fortaleza,CE
57e761e5abb85226f648d44620795d9c,2267afdad1a2e7358badcecca16edfbb,17340,barra bonita,SP
2d3475236fe57f9f651be1b918bcde00,40f0da18186594032bed8e6d57b32ae4,03968,sao paulo,SP
f0289c6986fdfbe99462623ab490d8c2,c6b85e905cf24c14d9a115839c6f65dd,13215,jundiai,SP
50cb9d021d1b098d40d98fc0ae2d3bc9,be613a35923fa92b794676311bed9b89,22793,rio de janeiro,RJ
48a5aad743589b82d3c338f578e649a8,1e0926e360000226b237bf277aec3380,30411,belo horizonte,MG
ba06469dfb61ced36ea2962bf482aeef,ad9ff8cd876fd0c70ee6319f79f5fbc1,05103,sao paulo,SP
c0a44bf37d5601228051fc07852f951f,00cc12a6d8b578b8ebd21ea4e2ae8b27,03178,sao paulo,SP
8d35d30d13d298189f5800e7be43739d,2b84aa7dd6e854a4bc775fbc095504ee,45816,arraial d'ajuda,BA
752b76f403f16b021896686a71396435,c957b57bcaff0ed3a494d95c865de4a1,85460,quedas do iguacu,PR
421b26251df460215626e527be273792,60c1d12c4160d4f1c05c841a8173d458,02712,sao paulo,SP
f3e2d62c0fa412bfb895c3ce908a13c0,d38fbef1736e1ae87e8ed4e3759887f9,98140,quevedos,RS
22dd57dda1a7124a255bec1538c5668e,efcd1b1ac37b14b9b45dfc697aba1c7a,04346,sao paulo,SP
450e5c83c3396f9f80f6628763f4a28b,ba9b9295dc91d13a41c9051d5847d25c,30170,belo horizonte,MG
c2c832eecd792fba9a48c6820ae9bbce,2b174670dbec666bbc68b6e2a4062740,29116,vila velha,ES
c4abe2d92241e0ef3e26bce6bf3ecc10,481b4f4abd0242f301beb442bda1dfc1,35420,mariana,MG
35bc79a6752a082a4494248f3ef790f9,4fa4136bcd85ca070168ab87d4a1a2e6,22250,rio de janeiro,RJ
c3482ff6a57386fb93da1cfed67d1aad,961c63d31987fe328f1f88c1208efc7b,37968,monte santo de minas,MG
fb866358cc889170eb31f05f257e16e4,82bb03fe517ba388c128ea1ddd264d25,71070,brasilia,DF
0b1353eb976bcec7ee3c4a354954e055,a5b461313c449c6d2ad4c49d40468515,05847,sao paulo,SP
b7e657b12cba6b628653085d819ba8ed,9e2dcd5e9030986f0589e4db7b5c7987,66080,belem,PA
83544d0319d25a8e7c587c7116a19907,5a5dd627a94c1bc236e9386eaeaa848e,89255,jaragua do sul,SC
cbde8134b8a718381d08167dfc58ec8c,137b3b977306da3cbeb1b552378f08e2,85903,toledo,PR
ffbd58aa41cbab07f08190801e939f59,f74c8f68bd37ba2c2e6e0f5ed1918a46,02252,sao paulo,SP
ed76cdbb0c0ff741552f5ec16de70723,27882c07591b6e9fca6661b9e14c6978,89770,seara,SC
43ea8f218eab9dfb67ad0142ddb4ae7b,a3efc07134342a5d8926a8ed1b508275,22210,rio de janeiro,RJ
02e863ab696665672ed67992fd04cf14,4fcf46adf3a479ececeed6b48508a1aa,02611,sao paulo,SP
5d6d4a900e250bbef1deb1167433fbfc,76a642a5f1a0134a2bbbb05089a64c41,69042,manaus,AM
7cb60a605d9d8f9ade653d72231b3c68,f5a13ea8679ff8c58b2f2ddbb2e2aaf5,06243,osasco,SP
5630d1e56c15300cc61665fc9b5d8239,cd7cfb30414777d6586f1ccb79cc1cb5,06663,itapevi,SP
259601eb3d9959930d3b49499a4a3a80,d3fdac471469bb98181e0629e781d017,30628,belo horizonte,MG
b24db387af945bdac7f0e3802cdf45a7,8ae811f1cb9bdf616b018c95f923b3cf,35450,itabirito,MG
521970d6651d909ddcac8dd4d7abb5de,26089991ae039f0c3ea4b6a8f4aad636,62880,horizonte,CE
cf212d0f6f868b6abdb9b852145ee55c,d372a040e57bcdc6b9ecb52f3feda0d9,25065,duque de caxias,RJ
78a6f7a1d011eca1b849325f3a4c220a,765737cd840f37587af53f66184d4d08,89600,joacaba,SC
224d51fe180f7dd46ddec94c0c3f50d6,bd618c7170ee97ac25bed1a72d0b6ab5,87303,campo mourao,PR
bb205b0f9f296e7cbb610b231dc401d3,f5016f52227bede6734fdb32eed47df9,28950,armacao dos buzios,RJ
66ecae67a2a9deb541bb0de3d2c48927,dc443b4872692acb2d61bd82c758ff75,22080,rio de janeiro,RJ
b3c9b5795c9e172c44c29fbb63f750d8,bf6656ef50e6fd00e7517b01d615b4f3,29102,vila velha,ES
5f2d32c9dc38e07a3f364d00b94ff674,94c0cc1d2ff6fbba79af9a5769d2b18d,86010,londrina,PR
e0351bcc6002fa51ad0dcdf775866672,e039e48b34bc0a8730a11b455d9b43c6,07704,caieiras,SP
17887d2c567172820aea8be8d25f34d7,19759427b9c94d4f7e25373d0410107c,24901,marica,RJ
194db5a5d58e5c923d6c2ef8c41e1234,8867d0789d37cb74fd4ca9333f5e3750,12412,pindamonhangaba,SP
50ccf61ea77c231ba7bf387ab5dbae8c,74c47b3790848b8498124ff22a650126,28333,raposo,RJ
fdf4c0a219286d7a9b9c69c6924cef5e,6e6f2145f990db6dbfb520de52a208a7,18606,botucatu,SP
f744e91c00c30f8d6fbf8b82a0903c40,a438f83805f67b26a97db7536b3a35e3,25938,mage,RJ
56f298c3c06de7ccbb65d45171e17d90,079b59c6bbf13d2edc1d1420b37243db,07400,aruja,SP
2b8139c2d4525cf24d1193894346b2fe,afc3f49cfd0567e08a8c452beb212c04,12060,taubate,SP
8545a9b7b5b52bc607f0fe72c7dd323e,6e0547a3483b069df1f0fb2414669584,28896,rio das ostras,RJ
2c4801b37ab30b93c7fa391bb6ce2262,8165d1d25f74386543d08fe9fa82e3e3,88804,criciuma,SC
c386803d81b6b65686916f7231c2024c,da97d3a5a7013344d88b124902922376,04678,sao paulo,SP
6a3371f582b157ebaf97408844a22269,318013181d2cfb137b0c39489e36a7c1,99052,passo fundo,RS
2decf32109c63899d726c630b7e5d5f7,1549e4556b77686c668e20bc84d6deaf,13059,campinas,SP
5ff7b80721a72398e49b45f54e4e591b,08a5f925955465f418f69fa55991f1ab,86080,londrina,PR
b74ca180d63f9ae0443e4e13a2f5bdaf,398957fce766920db4c4b206d7c9aa85,09271,santo andre,SP
189ed22036bdb24d69e56a6789591b5e,f109e20869df5bdfc12bf46455935a99,22770,rio de janeiro,RJ
e1a7e3c252a0a62a4936908e3725f7d3,ac0651cf284cc653d37a4d2178ccbca2,70735,brasilia,DF
73c5717dd8b47b172b7a1496d2b2b3a0,07bf560f72be1e670efa23930e50970f,06502,santana de parnaiba,SP
e945178aa027f0306eb1da1f5dff2dd8,87108df7a6b7bb5e449484a26af24eef,17290,macatuba,SP
d219742971396623f8e4730e2e659dc9,efaf98dc52d15316e054c656447c7620,13218,jundiai,SP
dd37203d1d35f4c64e4cc650fa3ecf86,b76f6eaba28ec14718a362de5e2466e1,93180,portao,RS
c19b62621627c6a7cc64d317ecdd96ed,73fb607f7f03de13536aa056308f5b92,29162,serra,ES
43688fad66340b74b9c7426fe3a4aba9,500916dd05e1a0eef077815b20b9b644,23540,rio de janeiro,RJ
836507d096fb2a93e1ecd7fcc252998e,99b6693d3aca6d5a54d8b72529e2e58f,78300,tangara da serra,MT
0c4a8b93effd07ade151a4961ae8791d,af4f1a4fc432b8480911a4d2f8e9dee5,06401,barueri,SP
66febc71bf0586881bd835ddcbfd34e8,7508fcee150d3d55a1f0f2f590232de2,49037,aracaju,SE
86dc2ffce2dfff336de2f386a786e574,830d5b7aaa3b6f1e9ad63703bec97d23,14600,sao joaquim da barra,SP
3391d14b67f9a497f056bb575a5f7a30,8b9fb53ac87369f38cb793c2ebd89798,78398,porto estrela,MT
69009aaf4e400602c05b1da3989ca40b,87a309826a8cbca2e5cdc9c0e60a0129,38400,uberlandia,MG
473ff83f3d6ee032861533dfbd139f6f,c530c9b543cc976d3828f21a69abdec4,30320,belo horizonte,MG
d09df6efe1d655b47865fc3efe81494b,25266df8c27c20bf0f732404e17e68d7,24230,niteroi,RJ
42cb6791d77b43e03043928246e7e635,2136b2c3a9cdc3339a8245dda369171c,55400,catende,PE
f7f4c88bd5093db7e3fc7baad3cd8deb,fe52c2abb172426dd6416cc69e6b3689,06754,taboao da serra,SP
1ec9ca87ae6934e29a7f169ddaf26b34,d5d0403cf00b945253248bccb6f998c4,55740,machados,PE
e8094cb2a242669ede8f9084dbcba0e8,aeecf7bd5ed83636a9e87f36f691be93,60811,fortaleza,CE
88f690acd6593f15dcca7a39473c930f,d1ac24e7ed35312f2cb69d5099e31eee,02611,sao paulo,SP
99d24bc37b036ea1d3126f00f198151a,9248e335d66fbb55cce9b6669ad4be06,99900,getulio vargas,RS
35014cd0cb1b0f81a7abee599b4d051d,2ae8fe87f03b04a0154ffa68276432fa,13041,campinas,SP
c2586338703b7c08c56dab59d61cf3ea,1ad84d1ab5998f0c9c3564cec9a4c2d5,38070,uberaba,MG
04bac030c0366892396bc49c1c64a8e5,d10f23d669c51e0d983ba80de4d327e8,15770,tres fronteiras,SP
721597f917f48a34ca1712b58166ddee,d1ac3aa60c15345204ee1bbd16e4850f,46970,wagner,BA
f91b9de924df4019df6884555b9b23d2,e93171b16dd12e9618c52339f75bfc79,22713,rio de janeiro,RJ
2c91b53e99543c0a14b36a12298f7e75,37eb25f30a773f6b3c11cd76face26e8,07055,guarulhos,SP
6a2ccd604a2ab71df8ed90f9eae7390c,3832efdd7e69e23b2edef317d96539bc,13252,itatiba,SP
44a36762b3b2f6bc16c48380685d3d6e,5e98cd0ad93480e1d7f67062e4eee1b2,33015,santa luzia,MG
4930f6567dce2dc4c31030e3683c9827,931804c5ae857626f6855ad428616154,04272,sao paulo,SP
11b7e0e29ddb9d0f4831982cc89cd620,2136a45b6c2f821dfdc5149c045b3fdd,89801,chapeco,SC
0bfb2278d83ff358645a588158d39b8f,b1fa8a69946f10ba9b6010afde8f4762,22245,rio de janeiro,RJ
75baf74d97b2339e14e57681073a42ef,459a68fbf277556ad8bc2343a06328be,67110,ananindeua,PA
1dd6365590f7404135bd554c7ae0d5e9,77549fed82091864308ef3a2348357b5,11630,ilhabela,SP
6816cc08a7c9ef50ff5bde38948ea97a,160d2ef1a6e33ce2b48efc9686cc5443,39740,guanhaes,MG
935449dc5f857cffa4651a947e0a624a,3ecec63eb13591ff6e2ad09febb48a43,35680,itauna,MG
5058aeeff6ed95ff28cd16cb102b2530,9944c97a2e3692fd6f2865897764cee0,79105,campo grande,MS
bf46f5628006409ce5740517ad6506f1,8ef79d985c967673a6b6040cf4770936,28893,rio das ostras,RJ
c9b87d9c9f40b48c6872a6bdc623ca72,69582cf013f08d7c033cdd159437a174,38400,uberlandia,MG
5da48e4724bbe609f697fc1f8bd09bba,37b975d4dae9f50590e7f0e7196e9b61,27115,barra do pirai,RJ
817bf570282659feeeea95bd68a6ce1d,5a320cebe0fb0785ff2a0eb7b0c02cbe,06730,vargem grande paulista,SP
22cac6c36d7a61cf34dc7fdc830240a0,bd050a364076179f4d12b0f07ce3fac2,70390,brasilia,DF
9f8d30b8c684bbe0947a28248a3887e7,bac3c6884e558760dc56569bbb0b4e92,13201,jundiai,SP
e8f23326e2c34831368372a3dbcf8ce3,2477493cd0ffd29ef87933e32466fb8e,22260,rio de janeiro,RJ
2cb79aea06667972ae3cacb4fef8cb08,7e110abf1ee26d55dab6d1fc136b443c,15775,santa fe do sul,SP
9a80c8377644236e27f59e83862f1ae2,0a11a4d0e9f9e864f03a7451f0f255b6,12970,piracaia,SP
c02e0664590e5c59486088c7676ec031,00293787e2aec37a9c253b63fdfe2049,21380,rio de janeiro,RJ
d1240cdcdb9e6f08aa9a329bf1751c0e,657b9acae4845d34e8766e84be3de88b,12929,braganca paulista,SP
221624054ca47ae560a9af1059268c30,e2ebcd44979f59626a98ef7e88c5ea6b,74115,goiania,GO
a2990e7d5162b8c79d2a89d4fe8fec83,0783b656b537a909058d433c12179328,13020,campinas,SP
20eda7fbcb57c4fc74b34177112e0ba3,cf30949fd7be59e0a2bc640745ba5165,18078,sorocaba,SP
8a2384d1b9ee16f3fc7114fc0c293451,05f1259e0082bb50b132b11aace45979,88809,criciuma,SC
998e3585ac05662e53050cfbba2f5ff2,7ec825a595229b555fdd6f63e07d732d,07111,guarulhos,SP
42382073d3ad89dce202e766862bc851,071cabf48b9a52a0138a68d3600c3cf5,11740,itanhaem,SP
8cad893a6771fcbf107ffedd147bc71d,8f1c1b28cf191abb48fca6ec32155e93,13425,piracicaba,SP
f5b6ff880297253e328cb15463571be5,bdbc32f1050d9a778fd792c4ba18a66c,13212,jundiai,SP
3540507264d3464eff1ed1be3e92c502,c4c85e60adccaf6b8ccb7ff2701f2e36,36572,vicosa,MG
81fc34430fe53bb8eb3b8de3481e0353,3b86802bfba1e5e5ca2ae9923a2686be,13310,itu,SP
df845b3bc9b0bfd952ec5ea2ddedc0ce,82b54c1af06eec9d0c5254370b249919,35162,ipatinga,MG
b3f4c935e5e55ebf855699e8bc3c48ae,b2c20fdcb205a660b8d04f1f844bf220,34012,nova lima,MG
745eaa8698b4c162b69a731316cb890f,a657b54235be48ea97a5421ef6994153,90020,porto alegre,RS
3b2b96751131c948164edc5d21d27abb,55b3a0a9998356016bbb072bf8c188a6,60830,fortaleza,CE
f19f11ddfa4f4d61154a277408a98d0c,66ec2bc0802dd4fa439e49dcfcf813b6,58340,sape,PB
bb68c919b4fbf06dd84198eace96183f,4d39299268f3e150d37520451ee5b07b,02436,sao paulo,SP
bf04d8d8923728c5bc0e982837507773,40da859b36bc1c8a0ca2e4c478efbbf8,20270,rio de janeiro,RJ
9c78a4b143253799ac3fc65d6dd8e2c4,e3adfcbfe437714a4f8660e2189171d5,20220,rio de janeiro,RJ
7f9ef908b67c378f4f0279db3794346b,05805184af39a1de60d6f00eca676a86,33930,ribeirao das neves,MG
34667b3da73667b109439101ac3959d3,40b42c1dbf1e5e67da02ca8ee280e28d,03813,sao paulo,SP
553116a8650fecf9e64790c28a2aa2ae,a8e6d4ba769ab68e10b78899cd62777c,23970,paraty,RJ
315205cda3082eddd7f02842f2849062,f377461b37160ea383bbb3535714ba31,37589,silvianopolis,MG
d21097b4b1d179c559666ecf79db44b4,619406de7a0d11aca8ff92512287157c,13803,mogi mirim,SP
6b4407e55115a2b1ca3e6172366b9a79,ed38f65405c6e220fe7d51fee8e02305,13960,socorro,SP
c9a94eb5dd2f7cf3e804bd6f88aff19e,1ebf16b38edac7b012833599d86454f4,28300,itaperuna,RJ
ab43c99f81fbaa54332d8d8017506aa9,71f3dc040d7a2ba5ff5d49b521cce152,22780,rio de janeiro,RJ
d829c6a67a93d7fc7f62dd56abbcc4de,0a2b05c3d1a20898c3149697fdbc1034,21220,rio de janeiro,RJ
357d68b341e4f439ca00574b3288f931,48e57d4f0156fa9776721b687a75c29c,04576,sao paulo,SP
33ca2d3705d8c3d3aa3dc1ffd96a988f,aed997dc0ad462598f1b93bfd133a803,25035,duque de caxias,RJ
74919fdb4ad927fe09adbab786081109,f6ef9d933dcab3dfdb6802d24037deb6,02079,sao paulo,SP
f56a6a5c5852ba57ea52152a4002e051,43098516e4db2a2b193bbccc0086b3f5,70673,brasilia,DF
9ce95a2a798e3c8f3786f075794a1851,e1d8d3b04aee0a06fa51353f5f9a3fff,89700,concordia,SC
3303404d891a25079e25394503ae31f6,0e6c45c0729feb00ca065fc4c2025877,22450,rio de janeiro,RJ
6d9ded111ea89ad26ed04e6b806de89e,1163721cb0f5178d87f7f7acce41d9a6,17810,mariapolis,SP
2e03d2a2b5ffc88134384bd40c74d63e,4163b3db1318b7fd659e26595df94674,04649,sao paulo,SP
7dbc842dc7479f9708f950fb68fa7f29,5e8fcce8e57e95ac2100751527c9a485,71927,brasilia,DF
14c1e4101ca2dc7dbf876d9c9e6b11a6,7eb01c1ef439cd15ed3a4cc601d15dd8,14020,ribeirao preto,SP
9b4f2198d678fac1f1eff05da5061c44,465245bfcd32c50c0024472220b5f46c,06362,carapicuiba,SP
12cd97779bef91435975ccf9d4b3dea6,035067251b3612bbcc30e7570e335ce7,03160,sao paulo,SP
7035fb71c29a1d4d4ea49ad94e5969eb,73fb1dc5a70f88c9114dc85bcda21f6c,20520,rio de janeiro,RJ
7cf1f487ababcba38a7a9e4068840c9e,f034092386b115ba92ed5baf527bc876,46100,brumado,BA
a03fb45a2d3d8ccc2e66cd19cd7ab812,4562aef300ba013c113a12a93e63a1ff,15503,votuporanga,SP
cebec0575369eb5d6df1ffc926584e7c,021bca90c906d19b425e192070eb6f68,24020,niteroi,RJ
00c1cef22f54b3d3935e1c145b0c6ec6,d6ed810cf6ad03d565b645f0eb0d12a7,39848,sao jose do divino,MG
3405b496cbf59272a563bfe5f23caec1,0359ebc514411af89f5b6d86e4b29ebc,84025,ponta grossa,PR
80397076b6d12ded0a040352d6acc5d1,39deed49c6a307b9b5a83d7fcf45924a,70640,brasilia,DF
fdbe4c48a0093edfe912b1512a11a37c,a6d112867c57c65c40b72e988b0355ca,08285,sao paulo,SP
b4f165c52bae5d2d45193cd87801929f,cbc3d8e6acaec99eb90eb021e10bddf0,24754,sao goncalo,RJ
e20180b079f2d5685df5563e2483450b,9901546c835f089a1f5aa8488616cc4b,66095,belem,PA
304116a2b5c0a0d97740d1ed7cd1006a,56030b824757ac1ff1e598db51cca04f,09771,sao bernardo do campo,SP
f508e94f5b9c5311cbfc562bcbe6bd2f,20624bf2f9c39d2028397b80e4a285c5,13330,indaiatuba,SP
ec5637e1b926c79b5472bd41d67882f8,bdd88e5f6a6810d95baef27f2f6055fe,11713,praia grande,SP
1a187e61bc83d03ff6e887048de8b269,5624dec0a80e5d123f451b83ab841ee1,03925,sao paulo,SP
6f96ce3e9b2e07af1f4130650d3e2c2f,66b7b6bd73cd3b4083942859d6554041,24060,niteroi,RJ
5a4a794ff4256de4a4068824bba52840,e0ecd0648094462699bae6ca915bade4,06210,osasco,SP
cf02cea5a00d7ec7e67022f0c11b5873,246cc3392571eab3ff30b600972b83b1,04257,sao paulo,SP
b77ee5671feb9b6efce84cc804842024,5c64fc047d4115cc4be24c9c0c9503c2,73088,brasilia,DF
8dc42110e8149a83283cb1ade4b2eca5,af037724adaa380eb037626157e8c573,08744,mogi das cruzes,SP
ccc8c0890069937d85d36bc228d71e09,1bec060ef732408e238c5e7790726338,09530,sao caetano do sul,SP
c3c5566434df9ae3d5c663e4a29494eb,701293338dcef8f3757cd77e87df9dbc,20251,rio de janeiro,RJ
81593938cf7e6d2bd4a440fa02911be7,4a91b79e703593b32c60f073030b65c6,36015,juiz de fora,MG
1353a896c273c4c9727e6c65601de865,d27295915d486516b99c3aed8628e83b,20510,rio de janeiro,RJ
9d3ca2bdaa191d1909163cfc7d660a9d,1f904ed63c7126a173521eea1b290102,71020,brasilia,DF
4275510de6637b903e69994771170784,a57d5721ba2e163ca157db99ee1e6e18,21940,rio de janeiro,RJ
441746e39df2b72757086025aaa792f6,2641ebe0a58497179c5516f545732c2d,08330,sao paulo,SP
96acf11f5c1d5f2ddba8bedc04d41d3c,285d20e8ee89da04e022456f8201fd45,35147,acucena,MG
831f008be56b77027cedf97fb3ee5d7f,4205911ef6fb74c06c9eed690b79e89f,18277,tatui,SP
40ab1870554d1cdbf256d2610aece700,942b02e802a4dd2a3c87d82522b02ea5,86755,angulo,PR
0b240c246a1a3eceb71f40a707cc23c9,b2bd387fdc3cf05931f0f897d607dc88,14027,ribeirao preto,SP
1510278962879d204243606cbd1a9ede,4f2b39545ebc1f7457d44249f8d7fc7a,41680,salvador,BA
19c30d0bda26f7212ad56f6b31821a24,94772b34f9bf0a3b7af2d022e2039d26,17064,bauru,SP
eef9f64c72e64a8b3cb14ac0a1a83161,7542698921c5856de2ce737b2f0b57d8,36880,muriae,MG
adea16f52f570e5b1b7e6128a8ea45b3,50b41f655320311f2703f3eab37d6ceb,80035,curitiba,PR
4dee81b9fa9d2d25ed3ba1829f101c95,16c1d26925563b2094e827ab6e72eb64,11740,itanhaem,SP
ee62ccc1b368643dc5205c67379c52fc,b6e354c61d4be25b7846ae2d163fd8ea,14407,franca,SP
fc9fdbf5a26b1399e70bb3666cf7f9e6,5d323409404dee6bdb0f6cf9ef828dae,22763,rio de janeiro,RJ
d5121168d43b0c28479b59a2d52655fe,13a79a5c9389b44570b22291a262a3d9,21371,rio de janeiro,RJ
cb99d5f1c5278ded64a20fc48b03fd20,80983160f5a84682b0f41774c5e58789,12020,taubate,SP
4d31a630dc3cd14ed82fe2930834841b,8834fc0d71c8c6052a49cb5c4ebb9fb1,66085,belem,PA
4ba3acc57d02d5cf8b6a71c289dd06de,b7737cd1c12adf6a0bc2de497ce2935d,13090,campinas,SP
d961544083cc8837794f0fe258f812e0,60ca7b9a3d66cbc1568e81f3f8332c11,78068,cuiaba,MT
5f3789bef735a3dd4cc9a85f08b69fc5,48806103f609b2bb022644d2853a57f5,78045,cuiaba,MT
0df62d73f1108bad0d46174874a5803f,445dcdb5609e3b22fd35eb67b1f085b7,92200,canoas,RS
efc07f50d0a9346ec00e1c37b5b10748,11a40baf46bd96289d1f0936dae9a256,74015,goiania,GO
d8f3e586c5a006d51f26fa3de177ef19,a3d0e18c2fe7a415099f73e5dd10b34b,95020,caxias do sul,RS
1e9d3655bb1078f29527381ed32c85d4,efcac27a9cb4afabc3e8769a348e739d,78580,alta floresta,MT
f51d0dec3e2271fb4a343e53d3521d1f,cfd3e71a2fbf92caf30376cf4ece068a,21675,rio de janeiro,RJ
2c3f08833026ca74c848795bab72046d,afb52ea975d50186e84afb47816c156b,50710,recife,PE
c66b45c4e7a46b471b18da7f3f7a2e3b,63b4253e688c57bdaa18741b3fea5a01,05707,sao paulo,SP
a6fc0381aeb367470f89e0fce611d4f7,f6889049a2801e21211b556690f81590,24240,niteroi,RJ
d5feb26fb82922d91ca38c1ebd732861,bb10966dcf4d13066528b620ca430902,71699,brasilia,DF
866a094bef59e8319d5b5d363ceb48c4,1c1b2c1eda2e5313935f84bb7c1e6f7b,45026,vitoria da conquista,BA
a37eb493df9cc1c3d784a5d46930f2c5,0a62ae425772a001e2b3d3eb810f810e,95960,encantado,RS
1e80013eefbc021dad1bca9b09cc5924,b82988d501f3f8faf0b87c98e938e8d4,06950,juquitiba,SP
f3e2f7c38930a5bc15728d8208abb251,7849e2ad64c47de662ade0a002fa085b,79840,dourados,MS
21294aadb43a37affd883654606c610c,e12c31a96bb4d8480f10c31b98d50c84,04852,sao paulo,SP
45d178d60bbc8e23ec50779bff10bc7a,0b16886fbd4636b3ba85d357ca317732,60820,fortaleza,CE
b83ef9a2dc0cb8e6ab7c8db9d3ebce24,82c0c03a1fb8968a30707374c8566fba,88025,florianopolis,SC
ead83a4f8f7be8c3034b2e98754a6147,230a1e9f42924d41f37fd22a1d4a9707,06540,santana de parnaiba,SP
f989b6b1bb5f0245a0280ff76a677f11,d3c3f16d67a1e9c58841d83a420da18b,30411,belo horizonte,MG
5701ea1fb1188efea6f8a6795f4a9428,3b8cbc441bc04e834b9c94e28d59ee8d,06382,carapicuiba,SP
0a11cb0fb65032da800b780afcc1a1b7,b91094129b0c7e78a2d312269365968e,80020,curitiba,PR
2dd3795ab63cdf3a8a43473456101b25,5b49c1da69382cdfaacbbfb849603a99,87025,maringa,PR
2b456258ddb10164544de0a042fa0e3c,548077252c175bae61888f5d7d48df1a,39390,bocaiuva,MG
7c1ff053ffc866248a4a52626a541f05,892a397bf8506b6c30355f3fc1338900,26052,nova iguacu,RJ
4619dca3ccf1e57f50ba85089e2370f6,c7143a9592032729e880d38d25c39125,06654,itapevi,SP
40eb5f82c09d34902b3f2425898b93cf,e73e97b69887ff2806910c7f9afeb471,78050,cuiaba,MT
4bd294209a20481f0b350a90a502902f,dc6b93223a3aa3b912a8c4baadd26fc3,36301,sao joao del rei,MG
0bd0b101f44fe42c7046dbfdc9d22376,d6667d893ca322b67e7ba3c454d043de,04815,sao paulo,SP
dd3f1762eb601f41c5e289fa08dbc6bf,96e91c0dba30f7ff60c9acd47677c248,22631,rio de janeiro,RJ
896ca8dffa927becb8dca9eabff5ff84,18bc87094128bbfe943cf88adcf72059,01238,sao paulo,SP
ff51b92babcec282546c7ccf5c36adb3,b091f0594b694484477cb61cb0b19d49,93044,sao leopoldo,RS
1531106e1c467cea04c233e54a383098,5e8a37a9db66531212450e6bd9a3c9ad,15056,sao jose do rio preto,SP
73ef39f6e02433d37c9831e22b783924,0367dccc4908227b00b0ca2371f31a0d,12580,roseira,SP
39532dc2af2baa5bd9140a31c5c66e98,5bf62dde3184c792f5b6ca13a7aa746a,78640,canarana,MT
ee04dd46d48e1dffe76ca651a89bd83e,eef5c6fff0c62a0103b68d79ae1c90d7,97050,santa maria,RS
f20ec16f76db30b1d529b37ad9d6c46a,beeabe8deffa11b18c2a7fed32b92c60,88348,camboriu,SC
ae08c85c944806edb02d28ad32e03fa4,7c7bfb401444a00bbde18756aba06ee4,45000,vitoria da conquista,BA
a280a323beaedcc912723cdf400d7b4f,57aa54dd3bda31649edde38966637f7c,12246,sao jose dos campos,SP
1d044059d25414bea1765816c0f673b7,09e1ddd9b6497a73ad5ec4c93038aa30,90820,porto alegre,RS
35eb8474043d903a123d6d6965c530a4,a689fe2b66cd8b68f8eb95a9c0e44cb9,11630,ilhabela,SP
c3e4aeaece33e17cbdca142049cbc6ed,3ab0de2ef0b0d180a42a233eb350c570,21660,rio de janeiro,RJ
bfa1c30e404361ba4414a3c628341ba0,2f8c8d4e3887241eb619e9597d461898,85851,foz do iguacu,PR
1dd626464ca63eff653435fa35ed589b,867baeb0278332d0ec8a169c3d4b1486,07600,mairipora,SP
26177af1e6c1eb0bc6e2d9b0c180b50a,67dae1df1762de8eaad2140044f0ec2b,13900,amparo,SP
36b7395b5e6826109ad8846f08cab633,b7a6ddf792226a6c85e569e54fdf3092,12228,sao jose dos campos,SP
9c92464b07b65abf271a90a21896bb92,9f332d5645aea36f6cb2639598639dc7,36500,uba,MG
01541240e24ed7cc26a5e0dd60c57c30,0488f8e76b2ddeff4d52caa56df477ff,23060,rio de janeiro,RJ
86b3146187671c293c9d02862a8adf2d,454e072b6a4585efe18fff386c7ab302,09811,sao bernardo do campo,SP
632fb46531120e455250be499e52ae03,79859e9f052a65854540f5ef5d4dbe6a,04121,sao paulo,SP
ef71c5535a28abdda262e72781f9fa3c,f0eef6cf5547db77846878ea8a726450,06010,osasco,SP
24301c6ce48874a51221d4e5584a7885,5eed8cf8c54bff340300c214ddc32db4,93510,novo hamburgo,RS
ae3b618ec1ceed5483f277c0edf1c237,f40796e304f43d42a405f2440f3ad6eb,85710,santo antonio do sudoeste,PR
0d6541fbb2e3cbc0258137317ce89e4d,ba2e22743d219977fdd4d267da7e3be1,03669,sao paulo,SP
bc4107b4d96e42f69d48eb51dd533e1b,ee33b26ea0375dc14f17a2371e6f6537,85826,lindoeste,PR
7558e6beb7efdd069ac43b97f4f8e67d,975fd7a50474637f35629c9f8028b093,37200,lavras,MG
19700fca64117217cfc9b77a8ac62029,5846ebe666794f936844342c43e35066,06455,barueri,SP
8821ed2641ed1a27d5d7e5ae0c6b7ce5,774ffe5036cc11a7ee608762fd9da793,89190,taio,SC
1eea1a72f29237e9df4cf1025d118b04,e90afe2da9e3db075bae22fb36d71f9b,04551,sao paulo,SP
c16c09ea771d1b0231309f1320ebb264,157bf39fe35a77d760f6ee3908c914f7,76820,porto velho,RO
49fd33617b640dee95069826a8bd67af,cb025a103c5797268f4d366d1bd6217b,74884,goiania,GO
f33c9d0eaa22a1be86ff276c1516e17f,253dd87d06a70cf96ef4c39c8fc646e1,11920,iguape,SP
b375ea4c89a7a7c39ae09144086ac2f3,3f0972199a807fd45fb947d7b3130123,65810,alto parnaiba,MA
b9bc6f2fe88de6ce2ad5e8c28255fbb7,bcc12465c837cd4f7207d8d227be6d2b,13084,campinas,SP
e9046d06be1980b8187bc2822f6138ca,87d1d69222aaa629fd9ff9ac45b45263,14091,ribeirao preto,SP
2936a5186c34f7fa84440ad1a34d385a,fe52f0362c9ee4bfb27321db7c506d81,20040,rio de janeiro,RJ
672b3a9f04869358311e98e5190693df,51df14acd74dffa88ff840ac21d1f187,41740,salvador,BA
82c5e6b98e498b4150818c913f3e9bc7,0520a11c7af8a73b703f1d2e722c7c8a,19060,presidente prudente,SP
2d9cd6d6d59bfd360ba595e45d097409,6f6700b18880238014937d470e8f5f6f,81750,curitiba,PR
44055fae77e1dfd38877dae25d55aff7,294acd07163ef935a1719bacd53c0040,99150,marau,RS
276be2a63cf33e04a5ec94c088414f93,d94bbc58dba1ca15607d46ddfb7f83da,09761,sao bernardo do campo,SP
83e68f906d563e92e1c2f3773e4ffe75,cd8d93c72e95f185fcc268e4bb1dc5a1,06465,barueri,SP
a43f1d2370a5a5f59437fb8a30b0cc81,e425aa04ce44852f16a8de68921998d0,55660,bezerros,PE
ab5b237c2d936d6bc9e7c7ad3d51bc11,41de457d21687a6a7615555c237b5d3e,22021,rio de janeiro,RJ
2b51fc9067066cd728116c01796db41f,575001643331ab040be0214a113da0c0,14806,araraquara,SP
824422e62602d2ed7c09adc7c877fa70,c1f1283dda194fb643263dd9a9a73b50,29115,vila velha,ES
fa35f61d3b39768d840175d525433d13,e9e0edbf8aa28c72737fac59044014e3,05574,sao paulo,SP
8c6947c7234f5fc0f6471b13ff150eca,573d26de6cec5eb586a5098e19391918,18040,sorocaba,SP
2a6f62824b20538999dc2687bc4c7bfe,24accd58534958b25199bf036041c626,72015,brasilia,DF
ceb4667fc3851809ade8a13953032538,091f7424ba44e6db2873fb68ef2e67b3,21741,rio de janeiro,RJ
1b4e8dc00e2ab9c15e6ed1e4b4bc79af,951d2cf108b453a85c87e476f3b42dc8,17011,bauru,SP
966d6b478afaf9165164bd8b326b9773,ae99f2d72f5ab0511a0bf4edc6ffad13,03185,sao paulo,SP
1ff8a1ae692a49c3204aa327a2c9cc7f,81b0a5ae9245278a64c16a45ab1916d9,16880,valparaiso,SP
110f5c3e2c73a6e64c91c92fbc0d21a5,e9c985ab2f43caebdb3bbde01506b0c5,27920,macae,RJ
9de4d816d8f902680ce581950b0a7eb7,35081d48d94ad78947524b80e4d869e2,14340,brodowski,SP
c98e48163a11cce4e5fd20b4de73dfd0,fa760c8edd09b321a0ad039ac58c7743,04939,sao paulo,SP
ffaa6016ef664a87ad16212a2630bf23,3de473dafcdf00614810c9eb37ee2cd7,85813,cascavel,PR
5990c968f67702de9d23d27d91d4f902,5cc97f5eb1aaa36fc039a20913e82ad6,03061,sao paulo,SP
4d02e7d9b02f003359bce7134dc4941f,595deb8c0af0545280e8d9bac8213073,88804,criciuma,SC
d4670c0c43833c0f28af490a7ce06839,d72c8efab3fada3d046ea0afd623dd16,30150,belo horizonte,MG
a6f13157245571c035876037e4cc3ca1,16831d934dc0ec602c64da2fb8899cf7,28893,rio das ostras,RJ
a8a69725fa8daeaf353b71d2bee13b59,fe698f543a90dd31d997b24dec8c20db,37705,pocos de caldas,MG
859f932eedd05cd8c8adb71320a3528e,844feccfac495cdeeb37b4b70d5b479b,60015,fortaleza,CE
397cee5da1a7fdfbbf0c6164d591246c,fb14459f7393f821170896328c3ea8e7,83490,adrianopolis,PR
41280f8f9f6be62c061b8af89ba9ef54,44b931de0be80ba9ae9c61a3d4fe339e,29360,castelo,ES
3b5668bf4322fb6b973bcfa600e7ab0f,e349bda5c41546f88f504f8a1a9ede60,13165,engenheiro coelho,SP
cb549c1deca0377593482067838961de,0dbb5af00b870407d4129d36bacb64db,39480,januaria,MG
6a0d947a17e548a260f8a0704af77282,c5fd9718cb1791bbdb9899214055f991,88025,florianopolis,SC
412974e7c238ff98dc3775a84b88429c,5da065e6ebf3b883ab8da676c8c79b9b,72241,brasilia,DF
337a8db159bfa694f3fdf52acafdd344,c9789f8b134367e211cec3d8c6478b10,79011,campo grande,MS
f91f25c334f44970a6b8e4b2f3b24f5f,df3fe24bb641f97427acab1c46a06dd2,83750,lapa,PR
db2539853e0c422a7bf64e43bafe390f,1f26419e119f6f95d42d47441942cbc1,08576,itaquaquecetuba,SP
181726b449c55cd7f8338b5d4609c2dc,7cacb8e960b2e07264dac972eb1acf29,35460,brumadinho,MG
ca4dfba4840aa9ac286c79e6f2b95d43,7b0c9f0a6a8fa1274c38050fc3f57c8d,86975,mandaguari,PR
cc639a99681c70b66a0fd990f76c8dc1,1c9335489ef62337129fd9f5023e7c32,33200,vespasiano,MG
d91ad413bd665321f272ca85a9abc337,f2f2077041b4e75c60c05f1c84e3ea9c,08534,ferraz de vasconcelos,SP
dd854e24b40e3bc2b306946dee252015,a8ee33e35637322a81a8c26592f6ce36,35162,ipatinga,MG
cdbf70a172e0b24ed5c246c3574f9b16,dfc631bc34b8cf59c55ece5cbf058454,74835,goiania,GO
6572a6aa6fe3f3f54977bbfac36d64a5,00256bf7b05c08f6a5849df3d0a64f1f,04503,sao paulo,SP
f7f57fa985f2f153e3fbf2bafffe6cc7,60f5f3a6aa066cb41e165ac5d5075d97,21221,rio de janeiro,RJ
2e7e3945a863350a4eec25b95bb8ef12,5015dcdde331f28a60af11688dd75f56,04630,sao paulo,SP
3be3915445cff816df03e7e980dce851,88df5fe10a11f87b72dcb9b9225d82ca,91280,porto alegre,RS
a3bac6d9f128db48e46167f95d96c523,69a8a056b0546417f2c1b91e3f210cdd,94420,viamao,RS
0ff624414ba63f57af8921508338a509,5ead757839be06943952cf4e7daf3e19,18090,sorocaba,SP
8639b075755e125011bbdf07da15f178,5ed9326877bf38c32c289ee4fd32eb76,04566,sao paulo,SP
3630110a4717d9f7969032afa285b469,3a56452dccc454b0a79012761fc871d3,26980,avelar,RJ
b12ec60d2b2d72228b9c194764f944b0,97100fd0e2931b9907dcf728a4eeb8a2,29970,pedro canario,ES
6bd97cd7b6f5dd3508633001ceedfdc9,0d7b8a66f1105bd2347a66a5822680de,79051,campo grande,MS
9e7e03debd14a03ed116a37125d8f250,d5d5fef2e7bc65667e835cf8b7d8ee15,01225,sao paulo,SP
ccb212cf6faf1356d9b5509259de0940,6a34ee4ea650624a9754fbdc99fdd356,19026,presidente prudente,SP
3bd12f7c1ad3a3908905785e43de8603,2e5fb502adb87cf265468f4d2096d724,65137,maioba,MA
fb21f7e36edb64a59f28725c2738a228,361f293b44a8217401121933a7c5f5b7,29932,sao mateus,ES
b72250b3fe9705bd075b55d6d0c0ff85,a4cf1b712d67ebba4ec2f4136458ed2d,18170,piedade,SP
8c3bb1ec148b8d1c603c47a15c41faa9,a6ecedfb81724dfa96774f35c0aba2f2,13301,itu,SP
d14b8484a2e75c490a1a1bc3d3426a48,53aad1a5130a37599dc14b0d5defd054,12502,guaratingueta,SP
6a324b18b0839168aba2a21a21044ebe,0eb960a14a7ba0fa05267161509be5cb,18682,lencois paulista,SP
22419d01eca598d91376a0f5216ba095,57850d57ea32f2f3ad99f29cfbf01d16,01321,sao paulo,SP
2774f58d0ab448db599165baa622db3f,667358b5a0a6c96b9bbf42bcf4ee228e,22795,rio de janeiro,RJ
55c46824828ced3be243bdac63ab61b3,3e6ee816aad8242adb9c7f34c5499921,54753,camaragibe,PE
f00ada1f8340fee461d7d4ddd48361e6,68c645bafc6a9b469977d8671423dffb,37014,varginha,MG
2b9bd261eabeaf1563fa5b33e1a15174,6e79f77f82ce8bfff699cb4f4fc0be24,21810,rio de janeiro,RJ
d7985e6fd1cd00201093d271a93f3985,bfbad637ec59b54146a553e6ef427ea4,20270,rio de janeiro,RJ
030bd1d7425888e0429cbe0b1db927c2,1f9756abd497b76eeccb492bfe91df35,64067,teresina,PI
3f0f45bd49f7908548178ad90f2e8f6d,566425abe7c05c2c0c1126852687f098,13092,campinas,SP
dc47946c59cec7bb8590aadf5f667ac6,a2b25629f92bcc296b154fcd7c1401cc,22041,rio de janeiro,RJ
0781f7137f42f48c0121b25b06a9587a,67ac6cb44629d3f7b3183a375232a658,22790,rio de janeiro,RJ
e58c0ad3fe50d712626d88bef0a8f3a5,613a2608945c46bcfd8eed5c9f520b77,88130,palhoca,SC
df252288cc550625697753e78aa41671,a9b3796cfcd0791094dfcc581202e3fa,38180,araxa,MG
1c72ed9963ce45f7733bcc782536c858,683aa0a880c1e5b4fe2aa8ca8b6eafd2,05417,sao paulo,SP
f02a30c0159ad2d40c75f300fa9e338c,2d4569914909ec4491ff62e042765142,46575,caturama,BA
3052a181fab0411b6f3dc1863ec8ac69,d1304197e77083b8db364bd1a8a14766,29690,itaguacu,ES
82801873ad509974bb62f7c5fbe26316,59ecdf85e2990f37a49405f00c8409bc,01543,sao paulo,SP
13a7cc23cc4555df6dd0129c430644ab,aa0a5b3534d3cc21fefa89c4f245e275,97542,alegrete,RS
db2bde8c137c06bd2b2f616b27414304,7168de2966ec5d0e040be29141e98aa2,37805,juruaia,MG
816cad5b6c83e24c31f8f68063b060c9,a0ddb45f8327cfd486856f4112c3e732,29090,vitoria,ES
174ba94e0f87a7589153a6222062dd21,5e11d92b083de2a67448f44eb9b92e65,03152,sao paulo,SP
c5ad72b2f05ae78bf8e25ff9865d6e2f,d10f3e7c372e6f22315cabf55de3bef3,04403,sao paulo,SP
2ca8b7b3830f1551de4a0e4ea27a5e39,366122ec4e27dba7770f9913cf5931c2,03375,sao paulo,SP
d4d6670e1258513bd852a41914b4f1f4,236e3817f24b45c8a6acf496aebdf699,88980,passo de torres,SC
379792aa619482a6545bd1db3905ab2b,3b81f91785d9ea36cf5177991962baba,04805,sao paulo,SP
0feb4570bb79ad1d9418a224faa1d93f,2c009bef0f63cb98b2067ad0ada95319,13940,aguas de lindoia,SP
3c5aa91b09e66fd7095a2bfd7a3181f5,4d800b032955ff2dd5f996ef71fd0358,82950,curitiba,PR
04da2645a56f541526058058e48a71e1,b7a9db47b9ee48844c5731e35f3c95e1,12320,jacarei,SP
224c0ca09b1e8b471104a957dc90c72b,5944261728e612d07e223a7ea4597315,15115,bady bassitt,SP
f141fbe08704cd463fd586a9d746b71a,5df0c87636ac65c60a7e0e17964a5072,69314,boa vista,RR
b9025d9e21715cc1eac81b2e40ee94d9,1494a353bdaf53ecc67c37956a57d929,09572,sao caetano do sul,SP
61c25529de8b4b286ad86c5b89ef1f71,7f68389bf3a90ae30f7da04f5ae7a7ca,88161,biguacu,SC
c57d5c9079bd335950f3317ab7c831fe,bbc01b3e8bc60ce72e59fa96039172a7,37550,pouso alegre,MG
3f6835f041140f84ab67567c59aa5e61,749e46453d6ab7071310a6aa11846ac5,09280,santo andre,SP
17bf9cb64d60724e449971a027dba7c8,dbe33e4f5169e4a85d89ec5a1c5191d8,05273,sao paulo,SP
0d0ee03c8b494f3343e61156cd13738a,dba41c3fd8f8d02f2586216bb9637595,30190,belo horizonte,MG
12a37243239f012531a09fd84936c8d6,44b2507321ee3e6b2ea8e0189990fb81,39803,teofilo otoni,MG
73e8189e7bd89b797c89b1dec2fc8f7c,a22db6502caed90511467435a9aa9c22,18055,sorocaba,SP
5f2269b4b3e234f5ede9b2f156bbd04a,1e6dc17adde78e52b6fa5e634f4454e0,13566,sao carlos,SP
62ca0be9b9b1232f45da308d28f061bb,7d4e11cad3ad4e059aa2eaa8de219531,22775,rio de janeiro,RJ
f282c09c41cb14c6a88481deb1c0b25e,316c893962c40dfcff2f2fdec409610f,29161,serra,ES
d3806fa21465451e5523e90253e2457d,0ee02c020cf6a1d5af1f44febcec7e69,09172,santo andre,SP
aa26d06d6a3115758bf39b5af7b53ac2,694bde413be910bc563ab60079e097b4,08745,mogi das cruzes,SP
0c292ba8f76828610bd7c666ffed392b,4a662185bcee16e495098724748fdcf4,06365,carapicuiba,SP
980dbc98d42220a8cbeb85142b6f6ee1,f9fafec759ae13336c5d3c942aa86a39,90480,porto alegre,RS
fb082762e5a4e41cedcf439f6f7b32c0,65ef1047a04dea7c4ac6c24cb960977e,08253,sao paulo,SP
5ca683b344929c41668368dcf9d5b168,f0a16779a7adc4efb88a1a329b15474b,31170,belo horizonte,MG
6959ca0d495c1527a2b718ba44912c1c,07c6f2c62ed11b92e5a90fd63f343e59,95900,lajeado,RS
a62372744da29668e0df550c55655cf4,e58e049eea2419a34274619f798d0cd4,21321,rio de janeiro,RJ
66d247f0fa0bd6815737e88786a29069,97eb0c8a6b634d0b5d448726f2664d0d,35277,sao joao do manteninha,MG
ec418576fd34a1b78480d1f2cb6efe97,947f166e72623f7311d8e7a20b780ec2,29070,vitoria,ES
7c34219589e3983d508d3e782f0c18ff,d56d91e2989c2aefa2eb79fb0942c1a2,22270,rio de janeiro,RJ
90d23f29955fce59c41212f0614a388d,508a43028aa2e5aeeaae7d857c6746ac,88850,forquilhinha,SC
5b331b0a1d63a261e9072be800107cfd,0011c98589159d6149979563c504cb21,38970,campos altos,MG
ee55172c933983bf29aac9668a6b3271,753aed13adf95f597a521544d58c2a6b,05423,sao paulo,SP
7bb4c430369ff8912aa785b2c4bfb20f,4eda428a9ac244556096982b960224a2,04553,sao paulo,SP
4cb1a8448844265aa0e0265f8bba2d9f,e5be4ac6d2046988ffaf9ef6321bda6b,02225,sao paulo,SP
d64fe56e08421cdb86546859c9bffa73,df938545d72c5f48afa75becb7c61ac8,08090,sao paulo,SP
afad943e741ecb9987d3be8e8bf37b7a,68cba357718011b646bed93018aabf8a,99700,erechim,RS
aa94ddb0d9628d99374e0ba9a4a077c9,0264a651d41a6d387cf2f061b5f914d3,33082,santa luzia,MG
5a31a9de95459eb5b6930f540a1b368c,194ec39b076fb2178ae682457b073c36,34004,nova lima,MG
0043b0afd67fb3af74360d2893b9a530,8f20ece0099d6e5c22c1fd0c24a1e681,23085,rio de janeiro,RJ
f8e3dd33cb55cad04f7ec33d102bd4a8,055cb384b9943609b975e574725f9fe1,27580,itatiaia,RJ
c46769e0da8615cdd59fe67f853ebd85,b9652692b36ba71e5cda65e4f8f83c4d,72146,brasilia,DF
c562ddeb1f9475e767b7e6310c2f1e80,ae0e4a6b52bcaa15eb032578f6936c23,05546,sao paulo,SP
529de59b3db538f52b46f5c3d0cf1877,ed8bf8f73a4c6a4d1e8b519c03c1c17b,98780,santa rosa,RS
a4f79cbf59e901cebcf236354f947b64,85f759383b36fc0ce9844aecac8b8117,25010,duque de caxias,RJ
ec9f90219ae301b43e928199c1dcfc5b,d132b863416f85f2abb1a988ca05dd12,09111,santo andre,SP
522499972c38320fb80a96a38d3b5395,3f92c696e9b3d2f871fb771eb98b5dcd,21831,rio de janeiro,RJ
1fcba89e5e84c66022ab9c144cd9d461,8447fb0ee2ab6850b3816682b498e25d,29215,guarapari,ES
391a099850a406987b6f3019c0d98116,189cbcf514cf83be8bc94f5563f61444,65072,sao luis,MA
1fabee44ed07815c74f684fe4826c686,43103ed378c67d1df45d3028173f68f7,65670,paraibano,MA
4c387e88401ccad5d2caef58bd1e2640,195ff54feef43a6051017e0d6748ed6b,11045,santos,SP
0045ac1c0957bc92e109f71e4941fa49,7ad12bd39f33737cb4f634c8c44af118,05027,sao paulo,SP
c3944031f7a763edadfa03361c9aa06d,529d9951adf27f4afea7121d109ad61b,40280,salvador,BA
583261b06de4aceabf4be22bc6885c70,a6155038b33cb1cc9ee39e606dc2bec6,36815,fervedouro,MG
83171346ae0f784f22fea771531c1874,c5fe29ed90f830512fb0d13e45628f1f,02336,sao paulo,SP
dbb869d4cbd925955933c54f00e0fe24,80c1a041f22f3968d1994c3fdfc1cee5,08421,sao paulo,SP
593b91288d1e295c048f02347c2920b7,447cb10f95dea91ce7886d7b445e6c77,88111,sao jose,SC
d1987854d71c2815f5b816a8815db271,6ec20c2a8312b4a1a7497f70cc7004ac,29280,iconha,ES
1c362ec19c48872fbc1a38557234ae1d,dfe454834d8880b9037fed8f2cc790b0,29308,cachoeiro de itapemirim,ES
f0d62fcceaafaea74a143d7fce54f1f4,46d2e80a1ca0ee7a62db0ab302e8b4b7,38065,uberaba,MG
6c1899f9cc87d4f860492f9b8d3723f5,5dd2534fbe0705c26df4c13679ff20de,15350,auriflama,SP
f618a0c08e27e7ef7b4761e39d3ba6ee,554e48f32c5c092f955c607fbdab5e5d,18135,sao roque,SP
2941af76d38100e0f8740a374f1a5dc3,e1f01a1bd6485e58ad3c769a5427d8a8,08230,sao paulo,SP
8e2c656d2fe9f0d003a5507c15fe39ae,cd757d2a56f899b388d0192ae19abb04,20510,rio de janeiro,RJ
6d2eff8b896317be39088c57f793c025,4a4e1fe09026d5e9a8fef9f18ca402c3,66120,belem,PA
37e867d86d228d8e7113b9bc3ee83e63,519d28a422fb85636a2d790fd34cb159,02403,sao paulo,SP
5b99d2ac45d9e913fa37e13a7e73f1fc,c8097588b6097a82e950fa34d338eada,19026,presidente prudente,SP
13c2dbc76e00f0ef236e19d51354e90a,927f5d7e01917bb3b8aeb3260ca42663,23595,rio de janeiro,RJ
a0d38bf433ba23da2f77930d36f9c4b4,4b256efb7d2b602ca8d8a070db7cd4ae,13214,jundiai,SP
9c11910f46b5a9a3d8366b09a0514c97,5882d9af214f8e2acb3e74b94a109c62,24431,sao goncalo,RJ
99182106be47066737d15f60d6fd95ee,707ba75acdbd8ed93c1d09ba20a76466,15200,jose bonifacio,SP
ca1a7da184d06f128df4600dd61381e0,78e618675fdc15e0296f197a22ee30dd,25955,teresopolis,RJ
106019032c892c9f50d957f3aabd895e,1c0a958a4332aee970a97c78c7c9a511,04363,sao paulo,SP
966f573b2758a1ba47501a93b010285f,1029c9af0ba3fa1769ae5c879c6fcb35,06700,cotia,SP
37ff7057c2badd64a377d87516b5158e,10672cde9b97aefe328cc97e4cb711ed,11730,mongagua,SP
ca8a2e8caac901e0d72dae6be36bd360,884c48ed950cf4ebc860ada3673b92d8,27930,macae,RJ
3f1dfe685c14112652c1765c32c99b95,2b934c366c12e40e1c6311e4d3a3fbbb,13575,sao carlos,SP
a77d3ffac9ab3752eea01fdc7a165a1d,6b15e3697a152815337dc002d7ca3328,28030,campos dos goytacazes,RJ
7c34bd204a60d620ac5f7e1b5022a122,161b83aa4444ffe5d7a2d1caf46754be,12380,santa branca,SP
e087e4206a57c94336bb38ae8966bc25,f43dbf4134f2d2eddd1549e48f094d53,58390,alagoinha,PB
ede477621ede321053765e5e58995ffb,9b7d9553275a448bb1f726ae6c626ca1,13630,pirassununga,SP
145a4deb39fadd4ac6f0c758335f1baf,845029c43770cb4ee07fb474384e6f2e,80410,curitiba,PR
2923a4f90cbe33627932ccbd6c6da251,cb056ec657a05e0b7d117ef0f00559ee,28893,rio das ostras,RJ
54beafe443d4349d60293245538ea602,a44e702d1e18a414504d5c8711fa145b,30130,belo horizonte,MG
ed3c7592e1ac84fb9ab17c6567560499,987ba1c91feeda94668be38f6398a706,62748,capistrano,CE
ab9be535b07b4c39dfb0f40494bc9d97,b097ca6b7c8f73187ee49ec44c234381,67200,marituba,PA
ce57d3c9775ce4934c368865113e94a7,caa3d56b7a6777daaa2793053bdf2309,09920,diadema,SP
010ac941a52f7717d87471a7da831cd0,ed1e4450166afd6ca7af55f4c5019412,32670,betim,MG
c535ef31f19453feff718c929e078f8e,849054e71c87e73d4a423d66880c6d61,13209,jundiai,SP
404f03b1642f9e710beb41b1013c2722,34741d8ad9e21e04bf0d49f8d76727c3,48895,sao domingos,BA
6f2f081626148a2af2c76cf5f3ee4967,4c152f861c2043d56004084731c60878,83860,pien,PR
7258ea0b59cf99de570d9c32c8c88560,e5a0a6fcda91e9d7bb406fdf31c90fd5,95098,caxias do sul,RS
1e5f21f18acbf4055a7da15ae09bf968,a4b00de045f5f5e70fe9b0560e70be51,05438,sao paulo,SP
657df615e86dce4fd9723ad0038cac71,0d5fb26538b69af6199244437e7db6db,84600,uniao da vitoria,PR
f6eacc4b1de6e9b5187151afed99c320,bdfd9830640a09302510bfe1d82e8ac7,12944,atibaia,SP
f62992f4db18d0fb581bfb925e104fdc,831225a0814354a7f1a49fe42e02e44e,28893,rio das ostras,RJ
24c2f55c41c141c8dd7397b3094d402b,6855bb508eae3d6c13c4a583c633bb73,01536,sao paulo,SP
0eb1f7243ce47d7b87fd0615123732b8,d7f535c3d4084c63479b6598bedfc003,91130,porto alegre,RS
9fff124c067a8e923fbcf6cdea20ea56,adcf8fd9566b3660ea51a1b9dd2f2791,22765,rio de janeiro,RJ
20f5a1cf347e797ab4f304906b1557b3,664770508f06c0c2fa1c37fed04a6dd7,19830,echapora,SP
850991cc1b670e3b24ed10a908808c72,33f47cbd30fc06d805e341e6731de6a6,24340,niteroi,RJ
59d897d033a38b312a0384b74e0b3fb9,5c68b714d9a747dfbe6aba322a4d692d,15900,taquaritinga,SP
7dd917a5403363d83494e19c46852249,791f2dba51d0c96479b732150bb50e52,64071,teresina,PI
20a828350fefc33a447a56d221c69535,bcede807848eef4857ee47f3ae57ebd6,95905,lajeado,RS
700660b5eabe7b1914f0bde53b1f7d2d,d11c72d8810235e6c7059e32df540dcc,24445,sao goncalo,RJ
686f78669a168af0b31d8a32ea06667f,0406cf15692299edc40fa5c2106ff7f6,32210,contagem,MG
34767d7c5bd566155efa60611cd0d56b,87b162d0110779fd1d97a4e03f7407d7,65070,sao luis,MA
7b4af48119080837db56a8c7d53ecc08,6e47014313b6b80ef3dd44568083862e,06472,barueri,SP
20143803d0cf60a8eb7d0d5876c3ca19,f626055170e6b451e1eb8f617e028d40,26086,nova iguacu,RJ
ee78e2394f33a3bf7e81e1ba6192863e,04c9f042aaafb2430f14e0c3d46c0a68,09120,santo andre,SP
f9030d8a14f66c686bbede3e008f3e11,9211811051790ac1fb9ece493f4deb3b,09351,maua,SP
5919e1f7863f9b5837dae40ab61436df,407312c8cd35affd61b35e18e7462453,22775,rio de janeiro,RJ
f2094fb8ea88f05bf92f84575b791ede,aa15eec8a65ce4197f7a8fabe1fa4699,08745,mogi das cruzes,SP
23ddf94544227d2f8d924c2051a6c0b9,725d3939caba3587f5d358c8e9cabb4d,83206,paranagua,PR
7736f29fbade4b21885578b5030282dc,edd3f97254cf3ce5e95da8245dea95dd,03337,sao paulo,SP
4956cc7d2a22d2682898172e9a1835a4,37c0416407c60e904db5952ad1e74d8a,06362,carapicuiba,SP
1a8582fe2b31a03c19ea05a47f1ff106,d3853962f84915235bb0691c562135af,07161,guarulhos,SP
c4ea73d6d19fee5568c98ff9ac70ee14,f37d14ccb1a8fe332c9430d3eedf468d,15190,nhandeara,SP
f27229ad9d11e93cd617cd1bd94d5b7b,e5fe7193f2e3cd2b324768ad402cfa42,42850,dias d'avila,BA
1e6bd00056db5ad190016e8d62d0bc36,8ae601304ff0d1de9280c32bd2e26e3b,13035,campinas,SP
70384b9ad39a6ded2fea90739122ae76,cd080c1dbd3c23b0e155437547a1cb5e,89114,gaspar,SC
2718b88837b22bacabdb53fe203c069a,49aca91995992bbff94b3698587bd35e,19500,martinopolis,SP
c03efef1b396371beb5420daed386df9,8351ff0f6b9dd7e92b2c808007ce7408,39280,buritizeiro,MG
5837b288ad076175ff451a905d6153f9,4619a0062095f6d6946a97ae46be4782,04327,sao paulo,SP
b93ea53bbc078967bbb66d23975fa361,24dff33d56d635f2dc09cb7c79606e4a,87013,maringa,PR
65e7411eaf24a7dd95a3c10759cb6c65,e9ccec7b2b61a18e279f2b306e784ad8,13416,piracicaba,SP
bbdab4e146801ce1813253529c3ac698,aa4551527eecfd02e170883a059ca155,06850,itapecerica da serra,SP
d742132fa21774454b21f5a511f05769,a16f65d65c3ef42c39ca5f2c36e0d0f3,22270,rio de janeiro,RJ
13baff7a51d9e50f8208790bbde38b89,c49003818eeffa06a089d621c92f05c0,99900,getulio vargas,RS
e8520f962df6b697d83e26d9d0307ba3,3cf33c394bf39b538eacf3d4ce394b74,85555,palmas,PR
f5d424d732a0df26a3f0e85276ce7664,0c1ddea173c72be4365ce597afae1709,66812,belem,PA
fb28fb8b06eeedf8e25812ba5380872f,bd6dc26d46e9b21a213198aa80d1fda1,63502,iguatu,CE
01cf93cabf578892dc3217e6601b0cef,36131d4506c2e4393ce19a946cd68239,01548,sao paulo,SP
dd67e5970a7912e2057d2af99b15467d,6debdd7009de6875c0871f7359dab059,65903,imperatriz,MA
d9110683c7a282144e9fc97660026a28,5cbfdb85ec130898108b32c50d619c39,74980,aparecida de goiania,GO
