order_id,customer_id,order_status,order_purchase_timestamp,order_approved_at,order_delivered_carrier_date,order_delivered_customer_date,order_estimated_delivery_date
286f5f216f1c33c728468b8049169006,1dd626464ca63eff653435fa35ed589b,delivered,2017-10-09 23:07:52,2017-10-11 03:14:34,2017-10-23 22:47:46,2017-10-26 18:07:50,2017-10-30 00:00:00
4bf9917773b973b77d02d12241387084,3f6835f041140f84ab67567c59aa5e61,delivered,2017-10-15 20:32:15,2017-10-15 20:49:21,2017-10-16 22:52:15,2017-10-24 00:45:29,2017-11-08 00:00:00
b48c1dd4cb4c98e4dceeb753c952c961,f59bcf02757dd0a656acd021758b6b0f,delivered,2018-03-11 22:48:32,2018-03-11 23:00:29,2018-03-13 23:11:38,2018-04-04 23:54:47,2018-04-11 00:00:00
53595a8aa421790cc9d2e85db64cb3c1,ae08c85c944806edb02d28ad32e03fa4,delivered,2018-07-23 17:45:45,2018-07-24 10:31:27,2018-07-24 13:40:00,2018-08-10 23:02:55,2018-08-13 00:00:00
1ad631eef80afb67f53ed0b9083846e7,8a2384d1b9ee16f3fc7114fc0c293451,delivered,2018-07-17 10:06:32,2018-07-19 02:50:08,2018-08-08 15:21:00,2018-08-14 15:11:48,2018-08-21 00:00:00
5bbb9f480d85449ab94a389f7cdae20b,eb133f781391608caf3443da896ade64,delivered,2018-01-08 13:04:03,2018-01-08 13:11:31,2018-01-10 18:09:46,2018-01-15 18:12:18,2018-02-01 00:00:00
beee47428ec6a6984d07930d75eb3c17,f27229ad9d11e93cd617cd1bd94d5b7b,delivered,2017-12-11 15:15:11,2017-12-11 15:32:05,2017-12-16 01:24:39,2017-12-27 18:17:21,2018-01-24 00:00:00
c3cf38b5ae4bba4ccb2082824d3066e0,fb082762e5a4e41cedcf439f6f7b32c0,delivered,2018-02-19 11:58:27,2018-02-20 07:30:54,2018-02-21 01:16:55,2018-02-26 18:11:50,2018-03-12 00:00:00
6779036ed0ba358b53a569a733f3e408,dd67e5970a7912e2057d2af99b15467d,delivered,2017-09-09 17:12:59,2017-09-09 17:28:56,2017-09-12 23:42:53,2017-10-09 21:25:28,2017-10-02 00:00:00
8d82989b46a15271fe364e6492758722,43ea8f218eab9dfb67ad0142ddb4ae7b,delivered,2017-10-18 01:12:36,2017-10-18 01:46:05,2017-10-18 19:48:29,2017-11-01 17:07:38,2017-11-06 00:00:00
557de3912df820904b9204e0d1879256,686f78669a168af0b31d8a32ea06667f,delivered,2017-10-24 12:52:16,2017-10-24 13:07:20,2017-10-28 12:52:50,2017-11-07 19:57:44,2017-11-23 00:00:00
f7adb52b8785594c7e357054489e371a,7c34219589e3983d508d3e782f0c18ff,delivered,2018-04-06 20:02:42,2018-04-06 20:10:22,2018-04-10 19:19:13,2018-04-18 18:08:42,2018-05-15 00:00:00
ce01ef7df5891810a0899cd241279caf,22cac6c36d7a61cf34dc7fdc830240a0,delivered,2018-05-03 17:24:58,2018-05-05 02:53:40,2018-05-07 12:14:00,2018-05-17 17:51:14,2018-05-22 00:00:00
93fe3d332271d38d6974bec644168f57,cb549c1deca0377593482067838961de,delivered,2017-09-30 19:56:40,2017-09-30 20:14:26,2017-10-02 16:28:19,2017-10-06 22:36:50,2017-10-25 00:00:00
9c3ac80bb91312f5c23ffc1097c4ba7d,ce57d3c9775ce4934c368865113e94a7,delivered,2017-12-03 23:14:29,2017-12-04 00:21:34,2017-12-04 20:23:33,2017-12-08 21:56:49,2017-12-20 00:00:00
5f82563eed1525084af012688a78398a,2c4801b37ab30b93c7fa391bb6ce2262,delivered,2017-09-26 06:53:22,2017-09-26 07:07:14,2017-09-26 13:20:05,2017-10-04 18:04:40,2017-10-31 00:00:00
1d549356573aec2c60e329901bdba77e,e087e4206a57c94336bb38ae8966bc25,delivered,2017-10-14 22:12:01,2017-10-14 22:28:16,2017-10-17 23:07:58,2017-10-30 15:13:55,2017-11-14 00:00:00
dba3d308cfb77b3fcc46a50e560080bb,f19f11ddfa4f4d61154a277408a98d0c,delivered,2018-01-07 22:41:05,2018-01-07 22:51:30,2018-01-08 18:22:30,2018-01-19 16:52:32,2018-02-14 00:00:00
abfacef50a27d7cea3f2c7aa60c08245,5f2d32c9dc38e07a3f364d00b94ff674,unavailable,2017-09-29 13:55:25,2017-09-30 02:36:26,,,2017-10-25 00:00:00
9cfc94a00cf39aa53d8f701fade170b9,9f8d30b8c684bbe0947a28248a3887e7,delivered,2017-05-19 16:57:25,2017-05-23 03:55:23,2017-05-23 13:10:27,2017-05-24 12:52:09,2017-06-02 00:00:00
887c6b210d8a2d3a1158dfaaec74e786,bb68c919b4fbf06dd84198eace96183f,delivered,2018-03-04 12:26:01,2018-03-04 13:21:27,2018-03-06 18:56:31,2018-03-16 15:55:40,2018-03-27 00:00:00
62c16e40e8cd43ca10fef5eadfc2d11f,4dee81b9fa9d2d25ed3ba1829f101c95,delivered,2017-05-06 21:49:07,2017-05-06 21:55:18,2017-05-09 07:25:56,2017-05-11 13:37:55,2017-05-29 00:00:00
834f1f6bfd5b32cabaa2d0d31dfcf63c,c3c5566434df9ae3d5c663e4a29494eb,delivered,2017-07-08 19:10:03,2017-07-08 19:23:10,2017-07-12 19:48:45,2017-07-21 18:43:12,2017-08-01 00:00:00
17ad13a5069275b16fe6b68460d1545b,20143803d0cf60a8eb7d0d5876c3ca19,delivered,2018-02-16 13:23:22,2018-02-16 13:35:32,2018-02-16 23:22:28,2018-02-24 20:45:08,2018-03-09 00:00:00
c3c35f2d43a0d5fd996de1f3b77ffa0d,d14b8484a2e75c490a1a1bc3d3426a48,delivered,2017-02-11 18:05:27,2017-02-12 06:45:45,2017-02-13 14:00:19,2017-02-21 16:52:29,2017-03-16 00:00:00
b983574a488ab6b6bf5355f8ea775f7e,b1b12d4f09aac15cf601f1dcab1897eb,delivered,2017-06-05 20:46:48,2017-06-05 21:04:21,2017-06-06 10:06:12,2017-06-13 16:04:54,2017-06-28 00:00:00
50361b5016be065cd60c76a7f14b3750,37e867d86d228d8e7113b9bc3ee83e63,delivered,2018-06-20 17:55:29,2018-06-20 18:46:53,2018-06-21 15:38:00,2018-06-22 19:14:30,2018-07-12 00:00:00
c977f4831578bc1ea3d13592827eb6fb,afad943e741ecb9987d3be8e8bf37b7a,delivered,2018-06-26 22:40:37,2018-06-27 08:12:16,2018-07-03 14:01:00,2018-07-06 20:26:34,2018-07-26 00:00:00
7bcb99610f15bdb8d701787bf59f0c25,583261b06de4aceabf4be22bc6885c70,delivered,2018-04-28 16:42:13,2018-04-28 16:53:34,2018-05-02 09:17:00,2018-05-09 18:18:35,2018-05-23 00:00:00
3e6f2b32accad480bf1508660cc2e609,e0351bcc6002fa51ad0dcdf775866672,delivered,2018-05-05 06:14:29,2018-05-05 06:29:42,2018-05-07 11:50:00,2018-05-14 23:16:41,2018-05-21 00:00:00
64cbe98d3ef9d927297f7dea3fab17d6,c2c832eecd792fba9a48c6820ae9bbce,delivered,2017-05-07 21:33:37,2017-05-07 21:45:14,2017-05-11 11:19:39,2017-05-25 13:27:47,2017-06-02 00:00:00
e57a80c38db54b7ff20c18cfe7bc2840,df845b3bc9b0bfd952ec5ea2ddedc0ce,delivered,2018-04-01 18:56:51,2018-04-01 19:47:29,2018-04-03 20:54:52,2018-04-16 20:50:57,2018-04-19 00:00:00
486189e06030d36779e10e55b6220d87,56f298c3c06de7ccbb65d45171e17d90,delivered,2017-10-17 08:37:59,2017-10-17 08:56:21,2017-10-18 18:33:02,2017-10-20 23:22:13,2017-10-27 00:00:00
7b71869b0ed372d90284fcfbfbba82d9,2c91b53e99543c0a14b36a12298f7e75,delivered,2017-09-16 15:03:12,2017-09-16 15:15:20,2017-09-18 21:05:47,2017-09-21 18:26:53,2017-09-28 00:00:00
0f1e7409f75f39dd6de647d802dd1094,5a4a794ff4256de4a4068824bba52840,delivered,2018-04-03 00:09:27,2018-04-03 00:50:19,2018-04-03 21:07:03,2018-04-06 00:02:43,2018-04-13 00:00:00
dcd9141cf681c0a831e8988b32156d3c,7558e6beb7efdd069ac43b97f4f8e67d,delivered,2018-05-28 11:35:37,2018-05-28 11:54:32,2018-05-28 14:09:00,2018-06-08 18:20:14,2018-07-03 00:00:00
f002422b59aa21ebc2c12136d1ab4019,752b76f403f16b021896686a71396435,delivered,2017-10-25 17:18:43,2017-10-27 02:55:18,2017-10-30 15:55:01,2017-11-06 18:32:00,2017-11-24 00:00:00
d458c1c3490c500eb8ee41abe912626e,aa94ddb0d9628d99374e0ba9a4a077c9,delivered,2018-02-04 12:42:34,2018-02-04 12:55:56,2018-02-05 22:14:31,2018-02-15 22:37:13,2018-03-05 00:00:00
3742e108eff3341dbaa5e22f6e2fd38b,44055fae77e1dfd38877dae25d55aff7,delivered,2017-07-01 17:52:50,2017-07-01 18:05:22,2017-07-05 15:33:15,2017-07-11 20:52:21,2017-07-27 00:00:00
4d59cc2a2e7bb6c0a851725f5888a9b5,ead83a4f8f7be8c3034b2e98754a6147,canceled,2018-09-06 14:50:07,,,,2018-09-21 00:00:00
0d2676e37c740455a4f662cb7a88e6f1,45d178d60bbc8e23ec50779bff10bc7a,delivered,2017-05-07 21:40:09,2017-05-07 21:55:07,2017-05-09 07:25:55,2017-05-16 11:05:22,2017-06-12 00:00:00
6bdcc275fba0fb4ece1d33e9d7126f6a,521970d6651d909ddcac8dd4d7abb5de,delivered,2017-07-10 14:26:19,2017-07-10 14:43:17,2017-07-12 09:57:39,2017-07-21 19:51:11,2017-08-11 00:00:00
e9be35cf7ca8ab06ac0fe5cd85ffc0a9,12a37243239f012531a09fd84936c8d6,delivered,2018-02-01 10:41:04,2018-02-02 02:53:50,2018-02-05 13:22:14,2018-02-16 12:32:07,2018-02-26 00:00:00
0d6350e1fa2acb1318e3a53d52333e25,3540507264d3464eff1ed1be3e92c502,delivered,2018-07-19 22:00:14,2018-07-19 22:15:14,2018-07-20 09:28:00,2018-07-25 12:05:18,2018-08-06 00:00:00
ce6f24ccb16af897b7650022beead374,3052a181fab0411b6f3dc1863ec8ac69,delivered,2017-05-25 08:48:19,2017-05-25 09:02:15,2017-05-30 10:23:05,2017-06-08 09:14:47,2017-06-21 00:00:00
365a8708db2878154916b372f72e17ef,6816cc08a7c9ef50ff5bde38948ea97a,delivered,2017-05-04 19:35:21,2017-05-06 02:15:56,2017-05-09 16:53:19,2017-05-15 15:48:06,2017-06-07 00:00:00
0d71b869b9be4491cbc466910f186bd4,304116a2b5c0a0d97740d1ed7cd1006a,delivered,2017-06-19 23:34:03,2017-06-19 23:43:00,2017-06-21 13:20:53,2017-06-22 16:54:56,2017-06-30 00:00:00
9a55824805066e5b894f07c60e254854,1e5f21f18acbf4055a7da15ae09bf968,delivered,2017-08-28 11:27:15,2017-08-28 11:44:16,2017-08-28 17:35:45,2017-08-30 17:53:08,2017-09-14 00:00:00
12f0d35d150a1645900980264e766cc6,b3f4c935e5e55ebf855699e8bc3c48ae,delivered,2018-07-03 19:44:29,2018-07-05 16:32:47,2018-07-04 14:59:00,2018-07-07 17:28:48,2018-07-24 00:00:00
a65ca70a0647f6ec2e7b4a0a49d3a500,b9bc6f2fe88de6ce2ad5e8c28255fbb7,delivered,2018-02-09 07:14:01,2018-02-09 07:48:28,2018-02-10 00:41:38,2018-02-22 16:57:24,2018-03-21 00:00:00
06daa9224cad114ece451ff00c20d49f,22419d01eca598d91376a0f5216ba095,delivered,2018-08-19 17:11:58,2018-08-20 12:30:15,2018-08-20 14:31:00,2018-08-22 00:44:24,2018-08-24 00:00:00
9486c11941b06fdf44a70c74c0d03ed3,6572a6aa6fe3f3f54977bbfac36d64a5,delivered,2018-06-01 17:41:18,2018-06-01 17:55:19,2018-06-04 13:16:00,2018-06-11 15:56:55,2018-07-18 00:00:00
c5c6895d5f18ff51c8fb2af8121d1c9c,966d6b478afaf9165164bd8b326b9773,delivered,2018-07-07 12:12:14,2018-07-07 12:25:56,2018-07-10 14:46:00,2018-07-11 20:02:24,2018-07-23 00:00:00
dd12f57a8bc06b6105b3e8c0c1bdbabd,315205cda3082eddd7f02842f2849062,delivered,2018-07-27 05:39:01,2018-07-27 05:50:11,2018-07-27 13:45:00,2018-08-08 16:44:43,2018-08-15 00:00:00
36e138bc060bf5e8b34ff5a25cdef48c,4d31a630dc3cd14ed82fe2930834841b,delivered,2017-04-02 15:25:31,2017-04-04 05:55:27,2017-04-04 17:32:29,2017-04-12 18:09:07,2017-05-12 00:00:00
fae508e3ea9697ecb70c66eca76f4b63,c3482ff6a57386fb93da1cfed67d1aad,delivered,2017-02-07 15:19:05,2017-02-07 16:25:17,2017-02-09 11:28:51,2017-02-15 16:07:36,2017-03-21 00:00:00
9617fe1d020cfc23b838a49896e0f4e0,a6fc0381aeb367470f89e0fce611d4f7,delivered,2018-04-09 23:12:50,2018-04-10 00:36:01,2018-04-10 22:24:42,2018-04-12 15:05:58,2018-04-26 00:00:00
6b11e7b75e0feb0302e6054a2e65be71,fdf4c0a219286d7a9b9c69c6924cef5e,delivered,2017-11-24 23:47:36,2017-11-25 02:34:02,2017-11-30 15:25:14,2017-12-08 20:51:49,2017-12-14 00:00:00
9463979a72f79c0324a07095d572007e,a2990e7d5162b8c79d2a89d4fe8fec83,delivered,2018-03-22 10:15:19,2018-03-23 02:27:39,2018-03-23 23:28:43,2018-03-29 13:52:27,2018-04-16 00:00:00
222e2e919b398d9f76f574166e305c62,e5cd3e75fe2ef1e3464a4a038f81fd48,delivered,2017-11-05 22:14:30,2017-11-07 01:36:15,2017-11-07 19:17:28,2017-11-16 22:57:01,2017-12-04 00:00:00
5fe0491bbf2891e0f240aee0fa0332a1,6a0d947a17e548a260f8a0704af77282,delivered,2018-01-08 16:39:36,2018-01-08 16:49:38,2018-01-09 21:57:31,2018-01-23 12:28:11,2018-02-05 00:00:00
e3194d56283622975638628a739c9e84,a72e3f9ee84689eb9473a5be145d8c94,delivered,2018-05-02 14:35:12,2018-05-03 14:32:48,2018-05-09 16:17:00,2018-05-15 14:32:47,2018-05-23 00:00:00
52b584ffb85f68adad88374d3c150147,ab43c99f81fbaa54332d8d8017506aa9,delivered,2018-04-02 17:58:40,2018-04-02 18:10:21,2018-04-07 01:04:55,2018-04-26 00:43:34,2018-05-08 00:00:00
7b7e1acab40b5a906d8f82e23d1c8687,73c5717dd8b47b172b7a1496d2b2b3a0,delivered,2018-05-13 23:24:12,2018-05-13 23:35:19,2018-05-14 11:59:00,2018-05-19 15:56:30,2018-06-05 00:00:00
a216d63457e3501eeab4375752f0fbbe,c562ddeb1f9475e767b7e6310c2f1e80,delivered,2017-03-11 12:48:03,2017-03-11 12:48:03,2017-03-21 14:20:07,2017-03-23 15:40:09,2017-04-06 00:00:00
bd814ae8402bcbe563ceed37d1b7db49,7035fb71c29a1d4d4ea49ad94e5969eb,delivered,2018-05-07 13:14:18,2018-05-08 04:55:05,2018-05-17 13:38:00,2018-05-21 16:51:08,2018-06-18 00:00:00
68da13c8f4ec09d2e31633d8ea16c15e,f5b6ff880297253e328cb15463571be5,delivered,2018-07-29 22:18:28,2018-07-31 03:35:15,2018-07-31 12:40:00,2018-08-06 23:12:38,2018-08-21 00:00:00
5cef0136de603dac5471ed33114164ed,21294aadb43a37affd883654606c610c,delivered,2018-06-24 20:05:55,2018-06-26 05:12:53,2018-06-26 14:44:00,2018-07-03 22:58:33,2018-07-05 00:00:00
99d330b158a97e4b525cb725fa9571ec,d8f3e586c5a006d51f26fa3de177ef19,delivered,2018-04-22 17:11:43,2018-04-24 19:19:30,2018-04-23 23:54:54,2018-05-04 16:04:41,2018-05-21 00:00:00
520511b04850b7b40c753fb70aca7bcb,3405b496cbf59272a563bfe5f23caec1,delivered,2018-04-11 16:33:00,2018-04-11 16:51:19,2018-04-12 19:13:30,2018-04-18 00:41:14,2018-05-09 00:00:00
8428cdf79e64b95486e06ad5d0573e22,3303404d891a25079e25394503ae31f6,delivered,2018-03-13 00:29:25,2018-03-13 01:20:22,2018-03-14 20:20:44,2018-04-12 18:19:10,2018-04-13 00:00:00
36e14a46e5b025f82308a10f7a942db0,7cb60a605d9d8f9ade653d72231b3c68,delivered,2017-10-11 15:44:53,2017-10-11 15:56:21,2017-10-16 18:13:09,2017-10-20 14:17:01,2017-11-08 00:00:00
e56cf4189e005351c2158740a5861875,7dd917a5403363d83494e19c46852249,delivered,2018-01-22 15:14:37,2018-01-23 03:52:52,2018-01-25 00:09:43,2018-02-17 12:22:53,2018-02-22 00:00:00
feedf8f109c19b01f36d6d87eb1e5dbc,1fcba89e5e84c66022ab9c144cd9d461,delivered,2018-05-21 22:01:13,2018-05-22 00:57:17,2018-06-04 16:03:00,2018-06-21 15:11:52,2018-06-18 00:00:00
c88c214c277ccf07d8f8992b66796546,ae3b618ec1ceed5483f277c0edf1c237,delivered,2018-04-13 16:01:47,2018-04-13 16:52:28,2018-04-17 21:35:01,2018-05-02 20:40:56,2018-05-17 00:00:00
93d350ebaa988529d9b1988c454035b2,3f0f45bd49f7908548178ad90f2e8f6d,delivered,2017-08-23 10:04:56,2017-08-23 11:10:18,2017-08-29 18:44:18,2017-08-30 18:58:07,2017-09-05 00:00:00
e3e1d2fe1c3f816ace8a772a4dff8a1d,e8f6f2dc565be3effe09647d2aa8d8fb,delivered,2018-01-11 16:30:15,2018-01-11 16:48:34,2018-01-20 00:04:28,2018-02-15 10:38:46,2018-02-05 00:00:00
f65b97e0ce63435e9d58afec633f3f69,1c72ed9963ce45f7733bcc782536c858,delivered,2017-07-10 13:07:00,2017-07-10 13:23:24,2017-07-12 18:46:10,2017-07-13 18:13:43,2017-07-21 00:00:00
9c23c5e00db2827a08ee53074a3eb60e,49fd33617b640dee95069826a8bd67af,delivered,2018-02-10 18:41:20,2018-02-10 18:50:28,2018-02-14 20:03:29,2018-02-24 01:36:32,2018-03-08 00:00:00
7a7ca02c6fd9b1c25e9452a6f56c018a,8d35d30d13d298189f5800e7be43739d,delivered,2018-06-01 21:39:31,2018-06-01 21:51:45,2018-06-04 14:06:00,2018-06-28 15:48:51,2018-07-17 00:00:00
b62939b805109a6cc3874aa9ae3ac253,450e5c83c3396f9f80f6628763f4a28b,delivered,2017-11-14 22:00:16,2017-11-14 22:16:21,2017-11-16 16:57:13,2017-11-24 22:42:53,2017-12-11 00:00:00
5a06ec99090e75d00d2b33b0efdce2f4,4275510de6637b903e69994771170784,delivered,2017-02-01 21:33:14,2017-02-01 21:45:14,2017-02-07 16:38:20,2017-02-14 15:12:41,2017-03-10 00:00:00
4452080876f5de5c69e66d6d8b9e10cc,5058aeeff6ed95ff28cd16cb102b2530,delivered,2017-09-11 16:05:10,2017-09-11 16:15:17,2017-09-12 17:03:34,2017-09-18 21:13:12,2017-10-09 00:00:00
f23565614af219662cb662c56a0d2f71,db2539853e0c422a7bf64e43bafe390f,delivered,2017-10-07 19:33:57,2017-10-07 19:49:57,2017-10-10 15:39:47,2017-10-18 21:49:53,2017-10-31 00:00:00
b5da536992b01709ece25ec74fbd0ebc,a8a69725fa8daeaf353b71d2bee13b59,delivered,2018-01-25 18:55:20,2018-01-25 19:13:15,2018-01-26 19:19:51,2018-02-07 23:18:19,2018-02-22 00:00:00
8fc32fd1d663bcad34398d254fcce471,90d23f29955fce59c41212f0614a388d,delivered,2018-06-25 19:21:51,2018-06-25 19:42:23,2018-06-27 10:43:00,2018-07-04 16:51:47,2018-07-30 00:00:00
df0036e685fb491dbb08531f082ddbb6,4930f6567dce2dc4c31030e3683c9827,delivered,2018-08-08 20:56:51,2018-08-08 21:10:21,2018-08-10 14:24:00,2018-08-13 16:28:42,2018-08-21 00:00:00
0ab82628350881eff00a09a3a0c73970,ab5b237c2d936d6bc9e7c7ad3d51bc11,delivered,2018-02-23 09:15:18,2018-02-23 09:29:36,2018-02-23 21:22:44,2018-03-09 17:54:39,2018-03-16 00:00:00
d454b242faeb348060250fcf92c1db01,83e68f906d563e92e1c2f3773e4ffe75,delivered,2018-06-12 14:37:18,2018-06-12 15:06:01,2018-06-13 15:09:00,2018-06-18 14:36:43,2018-07-12 00:00:00
1343e1f31a0f108d5102319b6624021b,529de59b3db538f52b46f5c3d0cf1877,delivered,2018-01-25 15:11:11,2018-01-25 15:20:29,2018-01-26 21:32:24,2018-02-20 16:58:13,2018-03-07 00:00:00
7a3073d28930e698b650ba8cf83e741b,1b4e8dc00e2ab9c15e6ed1e4b4bc79af,delivered,2017-05-19 00:00:56,2017-05-19 01:25:19,2017-05-26 07:09:02,2017-05-29 09:42:16,2017-06-06 00:00:00
1cfce7466cb5b7c473426907c2cb148f,bfa1c30e404361ba4414a3c628341ba0,delivered,2017-11-29 14:06:39,2017-12-01 11:31:39,2017-12-15 00:24:49,2017-12-19 18:19:32,2018-01-02 00:00:00
f12cefe9433959386542247656221808,5d6d4a900e250bbef1deb1167433fbfc,delivered,2017-03-30 17:31:18,2017-03-30 17:42:41,2017-04-10 13:50:40,2017-05-05 00:13:07,2017-05-12 00:00:00
60721992ef4cec39824837f08c79afec,ca4dfba4840aa9ac286c79e6f2b95d43,delivered,2017-09-21 09:19:41,2017-09-21 09:30:16,2017-09-22 16:03:43,2017-10-02 20:58:02,2017-10-23 00:00:00
c77ab6252aa05bf818cb8b39d4879b21,5da48e4724bbe609f697fc1f8bd09bba,delivered,2017-08-23 22:32:15,2017-08-25 03:04:19,2017-09-05 20:18:36,2017-09-12 17:53:34,2017-09-15 00:00:00
a67a7dcbea2b5ce61ba8bc99ff7362db,a2e7ca2b5d23adf8d5b5b3c6d37ec9ef,delivered,2018-08-02 22:18:32,2018-08-03 08:24:06,2018-08-09 13:58:00,2018-08-21 21:11:30,2018-09-03 00:00:00
9b156799a5b75cdf61bd52c0f7e04b61,1e80013eefbc021dad1bca9b09cc5924,delivered,2017-10-02 19:38:28,2017-10-02 19:49:22,2017-10-04 19:10:53,2017-10-09 20:58:05,2017-11-03 00:00:00
23169ab372b70385fcc9668d29aad84a,c46769e0da8615cdd59fe67f853ebd85,delivered,2017-03-28 15:57:03,2017-03-28 17:50:10,2017-03-29 15:17:23,2017-04-12 07:29:43,2017-04-19 00:00:00
e1e7bf45ba3cdff55983f9c1741384a0,357d68b341e4f439ca00574b3288f931,delivered,2018-08-07 14:59:39,2018-08-07 15:10:19,2018-08-08 16:38:00,2018-08-13 14:32:01,2018-08-17 00:00:00
1397417a57ad1bbfe8d639df8cdee908,fc9fdbf5a26b1399e70bb3666cf7f9e6,delivered,2018-07-02 18:16:59,2018-07-02 18:31:03,2018-07-03 15:06:00,2018-07-09 22:32:16,2018-08-09 00:00:00
3e41fd4c8d9609903634b36c09183b78,a03fb45a2d3d8ccc2e66cd19cd7ab812,delivered,2017-06-11 20:39:55,2017-06-11 20:50:16,2017-06-12 15:45:03,2017-06-16 15:35:58,2017-07-03 00:00:00
32be14d87b5440681042a2135db3e6b5,5630d1e56c15300cc61665fc9b5d8239,delivered,2018-07-04 22:33:13,2018-07-05 16:35:10,2018-07-06 08:16:00,2018-07-10 13:12:08,2018-07-25 00:00:00
b178e047b185d2f781a3646f88ec3e52,bbdab4e146801ce1813253529c3ac698,delivered,2017-09-11 23:46:26,2017-09-12 00:44:04,2017-09-15 23:42:38,2017-09-19 22:14:56,2017-10-04 00:00:00
1882b3d31fb4a660930adb0ba04e8680,f8e3dd33cb55cad04f7ec33d102bd4a8,delivered,2018-02-08 18:26:34,2018-02-08 19:09:55,2018-02-09 23:44:29,2018-02-19 23:52:14,2018-03-07 00:00:00
4dea917f3fa605c7d6eff1a97a207768,11b7e0e29ddb9d0f4831982cc89cd620,delivered,2017-06-13 12:29:44,2017-06-13 12:45:49,2017-06-16 14:35:34,2017-06-27 14:51:52,2017-07-06 00:00:00
8c1d4b6d5a4c76d480dc3f8e766b285e,2774f58d0ab448db599165baa622db3f,delivered,2018-04-26 09:09:16,2018-04-26 21:50:20,2018-04-27 15:01:00,2018-05-02 19:13:04,2018-05-28 00:00:00
96c26f94aabe1e27bcc5068044c5da90,54beafe443d4349d60293245538ea602,delivered,2018-06-09 18:10:11,2018-06-09 18:30:38,2018-06-12 15:09:00,2018-06-19 22:04:13,2018-07-05 00:00:00
b2568132625046ee9b5384ad5bd26977,cebec0575369eb5d6df1ffc926584e7c,delivered,2017-10-13 15:52:21,2017-10-13 16:15:17,2017-10-17 19:13:38,2017-10-18 20:24:59,2017-10-26 00:00:00
98b7513b33b639343a4a8955906e61a4,0df62d73f1108bad0d46174874a5803f,delivered,2018-01-17 17:29:54,2018-01-17 17:50:43,2018-01-19 00:57:50,2018-01-28 16:42:08,2018-02-16 00:00:00
77fbc4cdd3be2594cbb02bac5e3ce914,3db6d62286946e62a243790edb0ffc7f,delivered,2018-07-03 08:21:19,2018-07-05 16:32:23,2018-07-03 12:28:00,2018-07-11 00:16:41,2018-08-03 00:00:00
0241b276e1e2b1d6873473c44240b426,d7985e6fd1cd00201093d271a93f3985,delivered,2018-02-21 09:38:26,2018-02-21 12:05:35,2018-02-22 23:23:18,2018-03-27 01:22:55,2018-03-22 00:00:00
a4d63c74eb133a700461000c2e8df158,01541240e24ed7cc26a5e0dd60c57c30,delivered,2017-04-24 19:01:47,2017-04-24 19:15:12,2017-04-25 12:00:29,2017-05-12 18:27:05,2017-05-15 00:00:00
ff92e046b12e7380a5a54db4e3fdf615,ab9be535b07b4c39dfb0f40494bc9d97,delivered,2018-07-10 12:09:23,2018-07-10 12:25:15,2018-07-10 12:34:00,2018-07-20 17:14:43,2018-08-08 00:00:00
a93517c2ce1c5cf1b4d0f513f712e6dd,a0d38bf433ba23da2f77930d36f9c4b4,delivered,2018-01-20 17:34:11,2018-01-20 17:44:12,2018-01-23 00:12:41,2018-02-05 23:17:01,2018-02-19 00:00:00
689e8820798347950a2649f71c734bd0,1510278962879d204243606cbd1a9ede,delivered,2017-10-12 10:25:23,2017-10-13 21:07:15,2017-10-16 19:33:35,2017-10-31 16:37:34,2017-11-06 00:00:00
024a74550cdbd36c0fe3955fc9e2bcf0,5837b288ad076175ff451a905d6153f9,delivered,2018-08-09 08:10:23,2018-08-09 08:50:19,2018-08-14 14:42:00,2018-08-15 18:28:43,2018-08-14 00:00:00
6e24be5a5995507b208981073d5b6820,4c387e88401ccad5d2caef58bd1e2640,delivered,2018-06-11 19:55:25,2018-06-11 20:23:15,2018-06-12 12:35:00,2018-06-13 23:46:25,2018-06-20 00:00:00
344711e5a1c4b5c82cf1ffa1d358ecd1,f51d0dec3e2271fb4a343e53d3521d1f,delivered,2018-06-11 12:38:55,2018-06-11 12:58:05,2018-06-14 11:19:00,2018-06-15 18:03:20,2018-07-12 00:00:00
5c5bddc85dbccc2797c8fcfc4aeeb3a7,51213d198073a44b1d741f3bd18b7dbd,delivered,2017-05-22 00:05:53,2017-05-22 00:22:01,2017-05-22 11:04:56,2017-05-30 10:08:11,2017-06-16 00:00:00
204618d5b8734931d5988bf6c4827e48,d7244bf822c9028b0c0635c1e3948047,delivered,2018-02-28 15:28:01,2018-03-01 15:35:47,2018-03-03 00:22:47,2018-03-14 12:21:21,2018-03-29 00:00:00
58ee901dc817aa7f36518d079340b80f,2433b1918b00716d9d91da3cdc60f337,delivered,2018-07-28 13:12:37,2018-07-28 14:30:34,2018-07-30 10:58:00,2018-08-09 22:32:19,2018-08-27 00:00:00
ab82b0d931d692c586fadda4ef9c1397,5b99d2ac45d9e913fa37e13a7e73f1fc,delivered,2017-07-18 10:14:14,2017-07-19 03:50:27,2017-07-21 15:11:51,2017-07-28 21:45:51,2017-08-14 00:00:00
0487b902149eab8ec30e844142ee3e3a,817bf570282659feeeea95bd68a6ce1d,delivered,2017-11-13 18:09:53,2017-11-13 18:30:41,2017-11-14 16:49:01,2017-11-17 18:12:35,2017-11-28 00:00:00
82daed31f80350ce51f518369a8d181c,d1240cdcdb9e6f08aa9a329bf1751c0e,delivered,2017-06-27 10:45:08,2017-06-27 11:04:48,2017-06-27 14:56:54,2017-06-29 16:45:36,2017-07-10 00:00:00
bfaf2a2f0abc56602d3b0fcf99576126,0f0242e95194275e6fcb0660f728b7c3,delivered,2017-07-27 18:19:56,2017-07-29 02:23:32,2017-07-31 20:19:08,2017-08-25 20:05:52,2017-08-30 00:00:00
418bafc9ec22366d00fdadab496b0215,2c3f08833026ca74c848795bab72046d,delivered,2018-07-30 00:34:53,2018-07-30 01:30:43,2018-07-30 14:49:00,2018-08-07 20:23:32,2018-08-17 00:00:00
21264ae81b0f6ee6e1d2664ee10c51fc,c98e48163a11cce4e5fd20b4de73dfd0,delivered,2018-02-14 10:32:00,2018-02-14 10:47:49,2018-02-14 20:53:31,2018-03-01 17:52:59,2018-03-13 00:00:00
60301aefa80ed57de1c39335c519622c,6bd97cd7b6f5dd3508633001ceedfdc9,delivered,2018-01-31 18:35:14,2018-01-31 18:49:56,2018-02-01 23:18:56,2018-02-19 23:52:12,2018-02-26 00:00:00
f49c0fbc31a71d739df8b7c13dd6ffd8,8c3bb1ec148b8d1c603c47a15c41faa9,delivered,2018-02-15 16:26:48,2018-02-15 16:46:42,2018-02-16 18:07:12,2018-02-23 20:48:57,2018-03-07 00:00:00
d836fc392b89243c807bf3366c68fbee,c57d5c9079bd335950f3317ab7c831fe,delivered,2018-07-03 11:40:56,2018-07-05 16:32:14,2018-07-06 11:12:00,2018-07-13 13:29:15,2018-07-25 00:00:00
7ff15ea63e622694922805d48de711a1,dbb869d4cbd925955933c54f00e0fe24,delivered,2017-06-25 18:23:50,2017-06-25 18:42:39,2017-06-27 12:39:55,2017-07-04 11:35:51,2017-07-18 00:00:00
136d768d679a4fc7902e10fc81af17fc,66febc71bf0586881bd835ddcbfd34e8,delivered,2018-08-08 22:21:23,2018-08-08 22:35:18,2018-08-10 17:04:00,2018-08-23 14:14:46,2018-09-14 00:00:00
a26e448f7fe0273a370e603cd60933e0,24c2f55c41c141c8dd7397b3094d402b,delivered,2017-05-07 13:59:55,2017-05-07 14:10:14,2017-05-10 12:40:11,2017-05-16 13:58:56,2017-05-31 00:00:00
e910fb096edc468fd26534cb846e182e,a98e6344e3e2c0c8d612f390e428b824,delivered,2017-10-26 18:44:54,2017-10-26 18:55:18,2017-10-30 20:45:45,2017-11-14 16:07:42,2017-11-23 00:00:00
07460d5693ce1f6577ebd04b4ad091eb,0ff624414ba63f57af8921508338a509,delivered,2017-09-25 07:46:47,2017-09-25 08:32:21,2017-09-26 12:41:37,2017-10-02 20:32:16,2017-10-19 00:00:00
917d8fa5446854ac034de2f57c82bbee,d3806fa21465451e5523e90253e2457d,delivered,2018-03-29 19:11:55,2018-03-29 19:27:54,2018-04-12 14:47:27,2018-04-20 13:32:51,2018-04-26 00:00:00
3e18227567dbe13ebe679ef9eea4d872,b7e657b12cba6b628653085d819ba8ed,delivered,2018-05-07 22:48:44,2018-05-08 10:15:59,2018-05-08 13:37:00,2018-05-18 18:27:50,2018-06-04 00:00:00
21938ab3a8cc42a797d428700bcf04ee,e20180b079f2d5685df5563e2483450b,delivered,2018-01-21 21:10:31,2018-01-22 14:00:17,2018-01-31 10:53:25,2018-03-06 21:49:32,2018-03-16 00:00:00
bab00350f5ef0c26654bc8eb1b90ea9f,fff0f9fbcdf9cfe4d9328bd3a7af71d7,delivered,2018-02-17 12:21:28,2018-02-17 12:30:31,2018-02-27 22:35:12,2018-03-19 22:16:51,2018-03-23 00:00:00
2efe3d3b0ddc295d2ce1c43f021078cb,ffbd58aa41cbab07f08190801e939f59,delivered,2018-07-29 16:19:56,2018-08-01 16:31:29,2018-08-21 16:19:00,2018-08-23 15:22:46,2018-08-07 00:00:00
e13ef2072b1d65c486d7b9fbf5dc6f01,2df9cae8b89e49873d8113b80efcc2fe,delivered,2017-04-03 12:13:04,2017-04-04 05:45:36,2017-04-05 13:28:30,2017-04-13 13:05:48,2017-04-24 00:00:00
14adaa967c795bb74d70ae4eafad8d3c,6f2f081626148a2af2c76cf5f3ee4967,delivered,2017-11-14 04:44:25,2017-11-15 02:35:55,2017-11-16 21:46:53,2017-11-28 14:49:37,2017-12-11 00:00:00
4bee560781d45bb4b18efd58fef1901e,17bf9cb64d60724e449971a027dba7c8,delivered,2017-02-09 21:18:21,2017-02-09 21:30:18,2017-02-13 16:18:49,2017-02-16 14:51:37,2017-03-08 00:00:00
55e6c58fec03654f425a4d47cf4631eb,1a8582fe2b31a03c19ea05a47f1ff106,delivered,2017-04-22 17:58:59,2017-04-22 18:10:15,2017-04-25 12:57:39,2017-05-13 09:37:37,2017-05-17 00:00:00
4a71c671955d20b872ceb6758387a3e5,a62372744da29668e0df550c55655cf4,delivered,2017-11-28 21:53:20,2017-12-01 12:31:31,2017-12-07 19:49:03,2018-01-08 18:22:45,2017-12-19 00:00:00
f313336cf2b038a3ef433d8e48aec4d5,632fb46531120e455250be499e52ae03,delivered,2018-05-18 19:17:14,2018-05-19 03:12:54,2018-05-22 06:21:00,2018-05-23 17:32:00,2018-06-01 00:00:00
43443d5fff4b94d98df1ad41af13d302,a4f79cbf59e901cebcf236354f947b64,delivered,2017-02-13 22:09:21,2017-02-13 22:23:02,2017-02-15 08:23:45,2017-03-03 06:48:46,2017-03-17 00:00:00
01ba495d945c6a1c5b198bbad63e61c6,e8f23326e2c34831368372a3dbcf8ce3,delivered,2018-01-31 11:22:27,2018-01-31 14:01:52,2018-02-02 17:12:30,2018-02-16 17:02:39,2018-02-23 00:00:00
1137c5577a907523cb35ea043a976835,0d6541fbb2e3cbc0258137317ce89e4d,delivered,2018-01-28 13:40:17,2018-01-28 14:00:13,2018-01-30 17:57:00,2018-02-02 01:12:50,2018-02-14 00:00:00
7af8968dd47046c37943560bd00782b6,82801873ad509974bb62f7c5fbe26316,delivered,2018-01-10 09:06:09,2018-01-10 10:31:46,2018-01-10 21:45:12,2018-01-15 21:58:20,2018-01-31 00:00:00
581ca172b817d8c5626a66b8cbfe11e7,13a7cc23cc4555df6dd0129c430644ab,delivered,2018-07-24 08:58:05,2018-07-26 03:15:20,2018-08-07 17:22:00,2018-08-14 19:34:53,2018-09-03 00:00:00
60de731b89e8c9651392a445b2813ff9,9e7e03debd14a03ed116a37125d8f250,delivered,2017-11-02 09:54:37,2017-11-02 10:06:18,2017-11-06 17:49:01,2017-11-09 20:15:44,2017-11-27 00:00:00
5d7f0dc1e401127edfe8b79e174a52c8,35014cd0cb1b0f81a7abee599b4d051d,delivered,2017-10-13 10:15:28,2017-10-13 10:28:15,2017-10-13 17:37:56,2017-10-18 19:32:50,2017-11-06 00:00:00
f4683514d8411fbd52a4f1524915fff1,f3e2f7c38930a5bc15728d8208abb251,delivered,2018-01-09 12:11:33,2018-01-09 13:12:26,2018-01-10 13:00:09,2018-01-19 00:56:47,2018-02-07 00:00:00
7aee2b4a36b8b9f260376a8319900aa7,1dd6365590f7404135bd554c7ae0d5e9,delivered,2018-03-19 10:12:27,2018-03-19 10:27:22,2018-03-19 21:08:53,2018-03-26 19:59:36,2018-04-05 00:00:00
10e133f423bb02952878401b944fa13f,f7f57fa985f2f153e3fbf2bafffe6cc7,delivered,2017-11-14 14:41:21,2017-11-15 14:35:33,2017-11-17 21:27:42,2017-11-22 22:03:47,2017-11-28 00:00:00
ccc1762fa4bea334f80983e3f3a933b6,2b8139c2d4525cf24d1193894346b2fe,delivered,2017-08-28 23:31:59,2017-08-28 23:45:13,2017-08-29 21:52:21,2017-09-08 21:11:21,2017-09-18 00:00:00
6ded11f0a307eed2ae0931fe59f4c599,96acf11f5c1d5f2ddba8bedc04d41d3c,delivered,2017-05-22 15:15:24,2017-05-22 15:25:11,2017-05-22 15:36:44,2017-05-26 08:43:52,2017-06-13 00:00:00
d8f4c65b2259adf42e2f7f51a82fc8d0,19c30d0bda26f7212ad56f6b31821a24,delivered,2018-06-04 20:55:31,2018-06-04 21:12:47,2018-06-07 14:23:00,2018-06-15 16:53:36,2018-07-18 00:00:00
dca63e525f9401c2d75b39006727511b,39532dc2af2baa5bd9140a31c5c66e98,delivered,2017-06-11 15:05:57,2017-06-11 15:15:16,2017-06-16 13:33:06,2017-07-24 17:17:38,2017-07-13 00:00:00
cc652a820b30631f5db92ac08dcadbc7,cf02cea5a00d7ec7e67022f0c11b5873,delivered,2018-02-01 15:15:52,2018-02-01 15:34:57,2018-02-02 01:57:08,2018-02-04 18:56:29,2018-02-19 00:00:00
bbcc1c8c6b1353a43012bfe1b7380a29,ee55172c933983bf29aac9668a6b3271,delivered,2017-10-27 12:03:58,2017-10-27 17:31:14,2017-10-30 15:58:53,2017-10-31 15:33:47,2017-11-06 00:00:00
cf8f7b73e35cb19ff895c2f45c1ded72,2d9cd6d6d59bfd360ba595e45d097409,delivered,2018-02-22 15:04:08,2018-02-23 07:08:17,2018-02-26 21:04:32,2018-02-28 21:09:14,2018-03-08 00:00:00
222078339afa2788819420928e8b859c,ede477621ede321053765e5e58995ffb,delivered,2017-07-19 10:09:56,2017-07-20 02:25:47,2017-07-20 17:32:46,2017-08-11 18:12:29,2017-08-10 00:00:00
9e98c3552018458c0a2dbfda35bbfbfb,fb21f7e36edb64a59f28725c2738a228,delivered,2017-12-03 10:18:45,2017-12-03 10:53:10,2017-12-06 23:28:08,2017-12-24 12:51:59,2017-12-29 00:00:00
0ea9a0ba0b616d087150d5db5f31fc6e,81593938cf7e6d2bd4a440fa02911be7,delivered,2018-04-18 22:12:22,2018-04-18 22:31:18,2018-04-19 22:18:31,2018-04-24 22:05:25,2018-05-14 00:00:00
a6f1dca3527b8ae1a077c9c9375d9f06,f744e91c00c30f8d6fbf8b82a0903c40,delivered,2017-11-01 10:50:27,2017-11-01 13:06:31,2017-11-07 15:09:10,2017-11-14 16:45:19,2017-11-29 00:00:00
4d24605b62596483861b472f2c596e23,fa35f61d3b39768d840175d525433d13,delivered,2018-08-16 19:39:38,2018-08-16 19:50:20,2018-08-17 10:05:00,2018-08-20 17:31:50,2018-08-23 00:00:00
ff70ad5dd90ca8946ddb2ba48946c0e2,412974e7c238ff98dc3775a84b88429c,delivered,2017-11-15 19:23:43,2017-11-15 19:35:36,2017-11-16 13:18:38,2017-11-29 13:53:45,2017-12-07 00:00:00
5fe019f7d1eaebdb3da79811a3bcd58d,935449dc5f857cffa4651a947e0a624a,delivered,2018-07-30 16:20:28,2018-07-30 19:32:19,2018-07-31 13:55:00,2018-08-03 17:51:56,2018-08-17 00:00:00
86e15c44520932e049ca96660a60b776,13c2dbc76e00f0ef236e19d51354e90a,delivered,2018-06-01 21:24:10,2018-06-01 21:35:12,2018-06-04 15:30:00,2018-06-20 23:34:43,2018-07-27 00:00:00
4092d9bdc6d89d05a6d5be6ef304f627,81fc34430fe53bb8eb3b8de3481e0353,delivered,2018-01-12 14:33:40,2018-01-13 02:13:10,2018-01-15 18:58:30,2018-01-17 17:24:26,2018-01-31 00:00:00
2bcb35eae24dc9a57f35090df6a7cb67,6a3371f582b157ebaf97408844a22269,delivered,2018-02-26 10:34:45,2018-02-26 10:50:48,2018-02-27 20:14:51,2018-03-07 17:38:11,2018-03-26 00:00:00
4676e642aa92a4ba1131e935a2ac6246,145a4deb39fadd4ac6f0c758335f1baf,delivered,2018-07-24 13:41:59,2018-07-24 13:55:23,2018-07-26 12:44:00,2018-07-30 23:59:20,2018-08-15 00:00:00
56ecfea68a6a0f6592184f65abc70394,d91ad413bd665321f272ca85a9abc337,delivered,2018-05-12 21:37:52,2018-05-12 21:56:33,2018-05-15 15:34:00,2018-05-17 19:54:40,2018-05-23 00:00:00
2e7b6fd2d14510c3828fa09dc0b9c082,35bc79a6752a082a4494248f3ef790f9,delivered,2018-01-08 18:50:44,2018-01-08 19:08:08,2018-01-16 01:51:51,2018-01-29 17:52:40,2018-02-09 00:00:00
63a19e889b69e5ef9ee2b2e646509051,593b91288d1e295c048f02347c2920b7,delivered,2018-04-15 11:31:39,2018-04-15 11:50:26,2018-04-17 00:10:58,2018-04-24 23:06:45,2018-05-14 00:00:00
9024a48543f0247467a77a9208311c07,9ce95a2a798e3c8f3786f075794a1851,delivered,2017-11-13 17:16:55,2017-11-13 17:30:48,2017-11-14 19:48:38,2017-11-21 17:25:58,2017-12-07 00:00:00
a9fa7ea99c0724de00e9d31f2a39a723,c3e4aeaece33e17cbdca142049cbc6ed,delivered,2017-11-29 14:57:40,2017-11-29 15:16:32,2017-12-01 15:03:52,2017-12-21 21:09:04,2017-12-21 00:00:00
953924bfb9b567973c9f02020eb17eab,55c46824828ced3be243bdac63ab61b3,delivered,2018-05-13 21:46:24,2018-05-13 22:13:44,2018-05-15 14:27:00,2018-06-07 19:56:31,2018-06-08 00:00:00
2b9c1a6934f2dd62cbe6df11189fb65f,82c5e6b98e498b4150818c913f3e9bc7,delivered,2018-02-10 20:46:25,2018-02-10 20:55:49,2018-02-21 10:19:22,2018-02-28 21:49:02,2018-03-14 00:00:00
18259cce830d6f0f67331bafa6cbe93d,a280a323beaedcc912723cdf400d7b4f,delivered,2018-04-16 19:50:42,2018-04-16 20:15:26,2018-04-17 20:51:46,2018-04-20 13:13:39,2018-05-10 00:00:00
062fb51d4257a8a7ef0bb5df1becde54,b24db387af945bdac7f0e3802cdf45a7,delivered,2018-01-12 13:14:51,2018-01-12 13:28:40,2018-01-17 19:21:47,2018-01-23 16:09:51,2018-02-09 00:00:00
7ac0ea1aae0c98fd853d0baf7108099c,83171346ae0f784f22fea771531c1874,delivered,2018-07-01 17:46:04,2018-07-05 16:11:41,2018-07-09 12:16:00,2018-07-12 15:32:30,2018-07-24 00:00:00
cf4d00ace6566015d92509e1cc8b243e,224c0ca09b1e8b471104a957dc90c72b,delivered,2017-12-06 17:21:33,2017-12-06 17:31:36,2017-12-08 19:56:54,2017-12-19 23:23:15,2017-12-29 00:00:00
9e50d6711cd120b8b6fecc98aca9d306,c9b87d9c9f40b48c6872a6bdc623ca72,delivered,2017-09-15 07:39:51,2017-09-15 07:50:08,2017-09-19 15:24:25,2017-09-20 22:03:52,2017-10-03 00:00:00
970b0850a5b6ccaa34a0e887e8d10a5b,4619dca3ccf1e57f50ba85089e2370f6,delivered,2018-03-17 11:06:27,2018-03-19 20:28:03,2018-03-22 21:32:46,2018-04-02 13:26:28,2018-04-05 00:00:00
232b75e8b6faa6ca2063184414e634a7,0a11cb0fb65032da800b780afcc1a1b7,delivered,2017-09-26 12:32:39,2017-09-27 03:35:03,2017-10-04 08:03:59,2017-10-09 18:32:42,2017-10-20 00:00:00
aa5604bf192f6ee61a0ef7b63fed898c,f56a6a5c5852ba57ea52152a4002e051,delivered,2017-09-12 12:43:07,2017-09-12 12:55:17,2017-09-13 22:47:36,2017-09-18 18:53:43,2017-10-03 00:00:00
17279938859725061b927842cc521d9d,43688fad66340b74b9c7426fe3a4aba9,delivered,2017-11-26 02:06:21,2017-11-26 02:16:46,2017-11-29 20:52:23,2017-12-16 00:59:04,2017-12-18 00:00:00
86501b9ee48e914f406cd33ddf6f77fb,824422e62602d2ed7c09adc7c877fa70,delivered,2018-05-26 15:20:04,2018-05-26 15:38:16,2018-05-29 08:26:00,2018-06-01 23:28:43,2018-07-03 00:00:00
ddff0e1a8a73007a387e5edb05973958,74919fdb4ad927fe09adbab786081109,delivered,2017-09-10 12:37:46,2017-09-10 12:50:20,2017-09-11 19:52:07,2017-09-19 12:34:17,2017-10-03 00:00:00
e531208eb155aa7ad31da8a797a6efe2,5990c968f67702de9d23d27d91d4f902,delivered,2017-11-17 13:18:07,2017-11-17 13:55:31,2017-11-21 12:48:48,2017-11-28 11:06:08,2017-12-06 00:00:00
b2d88e5f45a8f1f5215146eeb66d49c7,6a324b18b0839168aba2a21a21044ebe,delivered,2017-10-23 07:19:41,2017-10-24 07:14:14,2017-10-30 14:04:18,2017-11-06 20:38:42,2017-11-13 00:00:00
2e931584519b7ebc7b1a445a4f7cd8f1,f33c9d0eaa22a1be86ff276c1516e17f,delivered,2017-12-05 14:32:44,2017-12-05 15:21:26,2017-12-06 18:17:06,2017-12-19 19:18:36,2018-01-04 00:00:00
923452229b8bb09c9011ced5f73a0893,6c1899f9cc87d4f860492f9b8d3723f5,delivered,2017-03-27 13:13:41,2017-03-27 13:25:06,2017-03-27 15:48:22,2017-04-07 14:25:29,2017-04-18 00:00:00
5664fde64525f1c1c6a8ef23aa35dc22,e8520f962df6b697d83e26d9d0307ba3,delivered,2017-07-08 11:40:20,2017-07-08 11:50:17,2017-07-10 20:27:28,2017-07-15 13:41:07,2017-08-03 00:00:00
c5c8bc5afd5caf252e62d89148e0d342,59d897d033a38b312a0384b74e0b3fb9,delivered,2018-06-17 23:15:32,2018-06-17 23:39:02,2018-06-25 14:44:00,2018-06-28 17:38:55,2018-07-13 00:00:00
6c2d7d5f598317a20719a7e5f5487ece,c9a94eb5dd2f7cf3e804bd6f88aff19e,delivered,2018-05-09 12:56:56,2018-05-09 13:11:23,2018-05-16 13:35:00,2018-06-12 21:53:30,2018-06-04 00:00:00
98464a5096e400810b94bb93f38924c9,24301c6ce48874a51221d4e5584a7885,canceled,2018-07-12 12:01:37,2018-07-12 12:15:29,,,2018-08-07 00:00:00
e1da8361c76cab67aa3588a1fbf1af54,dd854e24b40e3bc2b306946dee252015,delivered,2017-07-01 15:42:32,2017-07-04 04:10:19,2017-07-04 14:52:46,2017-07-12 20:17:57,2017-07-25 00:00:00
5a42d01f5fdf7a96312618390f361e72,bc4107b4d96e42f69d48eb51dd533e1b,delivered,2018-04-28 15:00:33,2018-05-01 05:15:20,2018-05-03 14:43:00,2018-05-11 07:08:28,2018-05-29 00:00:00
ae8a31461eb719be6507a81916beb77d,c386803d81b6b65686916f7231c2024c,delivered,2018-01-02 17:05:06,2018-01-02 17:13:34,2018-01-03 18:47:34,2018-01-04 20:47:53,2018-01-26 00:00:00
905564c4ef42ed11c74cc6f3d1919bcd,26177af1e6c1eb0bc6e2d9b0c180b50a,delivered,2018-04-09 16:52:34,2018-04-10 04:10:50,2018-04-10 19:12:21,2018-04-11 20:06:36,2018-04-25 00:00:00
9d9fcb45ee8881b84ca11e65a913941a,61c25529de8b4b286ad86c5b89ef1f71,delivered,2018-07-10 00:21:12,2018-07-11 03:10:10,2018-07-11 14:34:00,2018-07-16 13:26:36,2018-07-30 00:00:00
c235e3fbe42d171c9177e6664107170d,7bb4c430369ff8912aa785b2c4bfb20f,delivered,2017-07-02 19:13:26,2017-07-02 19:25:13,2017-07-07 12:59:46,2017-07-10 15:26:40,2017-07-17 00:00:00
65a56537a4b967ab349287b7c0229c07,831f008be56b77027cedf97fb3ee5d7f,delivered,2018-03-13 21:57:34,2018-03-13 22:10:58,2018-03-15 00:56:31,2018-03-23 23:13:02,2018-03-29 00:00:00
df5c9b471c8cb2bf4fd5d986d8811ed1,eef9f64c72e64a8b3cb14ac0a1a83161,delivered,2017-09-13 22:21:07,2017-09-13 22:30:17,2017-09-25 21:13:10,2017-10-06 21:42:11,2017-10-05 00:00:00
72de948f7d91e80fb80be59dce8f9322,b12ec60d2b2d72228b9c194764f944b0,delivered,2017-12-04 09:56:53,2017-12-05 11:25:06,2017-12-06 20:52:15,2018-01-04 20:43:30,2018-01-02 00:00:00
9d4be303e6a9cebfccda2d29624ca472,2b9bd261eabeaf1563fa5b33e1a15174,delivered,2017-07-27 09:31:23,2017-07-27 09:55:18,2017-07-27 20:52:20,2017-08-03 16:09:08,2017-08-18 00:00:00
a6b4a07846eeb32164672a9299ab8aa3,0b280cd2ad379473688c1be86b9056e7,delivered,2018-03-24 12:08:11,2018-03-24 12:27:29,2018-03-31 14:32:06,2018-04-07 01:08:21,2018-04-12 00:00:00
5945dfbdeb40f07705cb97a90c68b68e,66d247f0fa0bd6815737e88786a29069,delivered,2017-12-07 16:25:55,2017-12-07 16:36:30,2017-12-08 19:57:02,2017-12-19 16:08:44,2018-01-02 00:00:00
bca647a251ea21807ba8cf824272dcfd,a37eb493df9cc1c3d784a5d46930f2c5,delivered,2018-08-06 20:49:39,2018-08-06 21:05:15,2018-08-07 15:56:00,2018-08-15 16:36:41,2018-08-21 00:00:00
83b168c70ec0325445963b36cda1eef3,2dd3795ab63cdf3a8a43473456101b25,delivered,2018-04-21 23:25:36,2018-04-24 18:59:21,2018-04-23 21:11:20,2018-04-28 13:44:42,2018-05-18 00:00:00
64307ceb91666760cf3ff463618302fd,c0a44bf37d5601228051fc07852f951f,delivered,2017-03-21 19:25:22,2017-03-21 19:25:22,2017-03-22 11:23:35,2017-03-27 11:30:19,2017-04-11 00:00:00
e7bbb39c507d08caa0aee263d3d6ca55,7dbc842dc7479f9708f950fb68fa7f29,delivered,2017-01-16 21:55:31,2017-01-16 22:05:22,2017-01-19 07:41:27,2017-01-26 14:24:59,2017-02-20 00:00:00
9d230d6d2c7b315e6420c9f2c0a85938,ef71c5535a28abdda262e72781f9fa3c,delivered,2017-07-11 17:14:53,2017-07-12 17:10:13,2017-07-14 18:56:31,2017-07-17 13:27:31,2017-07-25 00:00:00
4fa1b6d5d3ca98e8def932544cc51b90,c66b45c4e7a46b471b18da7f3f7a2e3b,delivered,2018-03-11 18:52:10,2018-03-11 19:08:09,2018-03-13 00:12:33,2018-03-14 17:26:39,2018-03-22 00:00:00
4d6f79209e34185f85488e65c20c63a8,2b456258ddb10164544de0a042fa0e3c,delivered,2017-11-27 17:51:39,2017-11-27 18:11:07,2017-11-28 21:54:52,2017-12-15 23:23:46,2017-12-26 00:00:00
05ddf4cc62efcc6f34b8c693eaa2db01,b77ee5671feb9b6efce84cc804842024,delivered,2018-07-03 18:18:34,2018-07-05 16:26:57,2018-07-04 14:51:00,2018-07-09 16:34:28,2018-07-25 00:00:00
2c49b1336713953c90ab5e1f16ce5012,2e03d2a2b5ffc88134384bd40c74d63e,delivered,2018-04-11 10:48:14,2018-04-11 11:10:50,2018-04-11 21:04:30,2018-04-18 20:31:55,2018-05-11 00:00:00
c57cf7b41f793c7c74b7e51f236eb57f,259601eb3d9959930d3b49499a4a3a80,delivered,2017-08-13 13:46:34,2017-08-15 03:50:22,2017-08-18 15:48:00,2017-08-25 22:45:40,2017-09-01 00:00:00
8280bddb9636fd420fecbd96c5b0c877,e58c0ad3fe50d712626d88bef0a8f3a5,delivered,2017-10-13 15:58:32,2017-10-17 04:14:11,2017-10-18 22:23:47,2017-11-04 11:58:33,2017-11-07 00:00:00
ac8f8a6e0d980aae7905fb9b3480078d,c03efef1b396371beb5420daed386df9,delivered,2017-06-25 15:28:35,2017-06-25 15:42:49,2017-06-29 16:42:12,2017-07-07 17:07:54,2017-07-25 00:00:00
f454701e5160f7518990fcac29a81932,dc47946c59cec7bb8590aadf5f667ac6,delivered,2017-02-09 22:25:41,2017-02-10 06:50:09,2017-02-10 12:07:39,2017-02-17 15:44:46,2017-03-10 00:00:00
2e7afd467bd078429896367562ec0727,e8094cb2a242669ede8f9084dbcba0e8,delivered,2018-02-18 08:41:23,2018-02-18 08:50:25,2018-02-19 20:13:32,2018-03-08 20:38:25,2018-03-15 00:00:00
f30149f4a8882a08895b6a242aa0d612,86c180c33f454b35e1596a99da3dddc4,delivered,2018-05-20 18:45:21,2018-05-20 18:58:59,2018-05-21 16:09:00,2018-06-06 22:11:56,2018-06-20 00:00:00
774398c3ac79463f502a2fff60e2518f,fdbe4c48a0093edfe912b1512a11a37c,delivered,2017-12-04 23:49:50,2017-12-06 02:39:31,2017-12-06 17:53:10,2017-12-10 16:06:46,2017-12-20 00:00:00
0c51264bdcbe5893081232bba640dba0,db2bde8c137c06bd2b2f616b27414304,delivered,2017-09-09 13:58:18,2017-09-09 14:10:13,2017-09-12 12:22:45,2017-09-15 20:32:32,2017-10-03 00:00:00
f396e1280028fa9c8c83111abee5f2e9,20f5a1cf347e797ab4f304906b1557b3,delivered,2018-07-13 20:58:24,2018-07-17 04:31:53,2018-07-18 12:06:00,2018-07-23 15:51:06,2018-08-07 00:00:00
be617734b5af69d1f5af08af4a1ac32d,d4670c0c43833c0f28af490a7ce06839,delivered,2017-09-15 23:12:17,2017-09-15 23:24:26,2017-09-18 18:02:52,2017-09-21 19:52:33,2017-10-09 00:00:00
ac3d89654ac9458fc97bfeace44251d6,5ff7b80721a72398e49b45f54e4e591b,delivered,2018-03-12 08:35:53,2018-03-13 03:50:45,2018-03-16 00:17:10,2018-03-26 23:42:02,2018-04-03 00:00:00
38e3895efc70d2d46a3b967b8781368a,ca1a7da184d06f128df4600dd61381e0,delivered,2017-05-01 15:51:51,2017-05-01 16:02:15,2017-05-03 15:37:19,2017-05-10 18:09:04,2017-05-26 00:00:00
e734700453d78cc2958b64b3b5613bcd,44a36762b3b2f6bc16c48380685d3d6e,delivered,2017-03-08 15:10:18,2017-03-08 15:10:18,2017-03-21 09:52:21,2017-03-28 15:12:15,2017-04-19 00:00:00
6f85fa051c6abbc96216b2dfb6af04b4,ffaa6016ef664a87ad16212a2630bf23,delivered,2018-03-02 14:21:59,2018-03-03 10:55:31,2018-03-05 22:22:25,2018-03-12 18:12:39,2018-03-20 00:00:00
d41019a8da12cde6c8dba824444cf38d,e3b69efc2115373fe6b3a9dd760fe777,delivered,2018-01-10 12:25:20,2018-01-10 12:36:29,2018-01-11 16:33:40,2018-01-30 18:12:27,2018-02-08 00:00:00
23dd9b9b8eb4352e2905bf46a41e5ad2,0ccda8ca5a2e6382c05ca6321324c14b,delivered,2017-05-09 08:26:21,2017-05-09 08:35:16,2017-05-09 12:44:26,2017-05-11 12:52:54,2017-05-22 00:00:00
eb07db9884e44e51d9f3f7e6ef2715d9,d742132fa21774454b21f5a511f05769,delivered,2018-08-23 11:48:36,2018-08-23 12:05:51,2018-08-24 12:17:00,2018-08-29 18:59:52,2018-09-10 00:00:00
75213e459cfe44a61c496c864e0a8c63,9c11910f46b5a9a3d8366b09a0514c97,shipped,2017-11-23 22:44:09,2017-11-23 22:54:34,2017-11-30 16:37:13,,2017-12-15 00:00:00
efff0f02714bda94c05b552d6603f6f9,8cad893a6771fcbf107ffedd147bc71d,delivered,2018-02-06 07:02:11,2018-02-06 07:10:24,2018-02-06 19:19:10,2018-02-09 22:39:55,2018-03-02 00:00:00
36b3e868e7c59377f81266ad905cbdb5,f20ec16f76db30b1d529b37ad9d6c46a,delivered,2017-06-22 19:18:24,2017-06-23 02:30:09,2017-06-23 13:12:45,2017-07-12 19:17:58,2017-07-20 00:00:00
383bb8b07361166ea86f3f4b51e96ff7,980dbc98d42220a8cbeb85142b6f6ee1,canceled,2018-03-15 10:12:28,2018-03-15 10:29:39,,,2018-04-10 00:00:00
624cb9936b306450dbb6445fbadfb208,f2094fb8ea88f05bf92f84575b791ede,delivered,2017-06-09 19:19:11,2017-06-09 19:30:11,2017-06-13 12:43:46,2017-06-14 13:58:12,2017-06-23 00:00:00
93bb367e257c000bd449a46fd0e75e56,998e3585ac05662e53050cfbba2f5ff2,delivered,2017-03-20 17:56:16,2017-03-20 17:56:16,2017-03-23 06:55:36,2017-03-28 15:06:50,2017-04-06 00:00:00
5177d1217cafa2ba15337cd62cb1fc78,5f2269b4b3e234f5ede9b2f156bbd04a,delivered,2017-07-05 19:01:10,2017-07-05 19:10:12,2017-07-06 12:07:29,2017-07-12 17:47:28,2017-07-27 00:00:00
ef3d3d6bac50c7e2e1cc25ba953e11f6,522499972c38320fb80a96a38d3b5395,delivered,2018-07-30 11:13:19,2018-08-01 16:31:33,2018-07-31 15:21:00,2018-08-09 18:22:45,2018-08-30 00:00:00
e1d72d08a94712bb04f2e4194ba776b8,73ef39f6e02433d37c9831e22b783924,delivered,2018-07-30 13:53:57,2018-07-31 07:30:52,2018-08-03 11:59:00,2018-08-09 15:13:58,2018-08-24 00:00:00
3399c5d5b9eb49b7a4ec11d7c39a8aec,4956cc7d2a22d2682898172e9a1835a4,delivered,2018-04-10 20:26:03,2018-04-10 20:51:12,2018-04-11 22:46:53,2018-04-13 23:04:40,2018-05-04 00:00:00
09e90e3936db197d43b9bde1291c307d,35eb8474043d903a123d6d6965c530a4,delivered,2018-08-02 14:21:15,2018-08-03 02:43:57,2018-08-03 18:19:00,2018-08-09 22:11:36,2018-08-16 00:00:00
660a02c58e33a4d888a10733703398a5,ec418576fd34a1b78480d1f2cb6efe97,delivered,2018-05-04 13:31:32,2018-05-04 13:51:08,2018-05-09 11:21:00,2018-05-17 21:21:28,2018-05-25 00:00:00
f080eea3284143410083852a499aa1ca,850991cc1b670e3b24ed10a908808c72,delivered,2018-07-05 08:28:40,2018-07-06 03:11:21,2018-07-06 11:12:00,2018-07-13 21:34:35,2018-07-26 00:00:00
67e1523ecabbe030f525c66b8cc57fa2,d0eaf0e4b95a2db94a72cfd221a0b58e,delivered,2017-10-02 15:18:42,2017-10-02 15:28:23,2017-10-04 11:43:20,2017-10-06 17:33:00,2017-10-25 00:00:00
b60e4bb897c3faf7417e11850072fab0,9c78a4b143253799ac3fc65d6dd8e2c4,delivered,2017-11-25 18:41:10,2017-11-25 18:52:35,2017-11-28 19:56:54,2017-12-16 18:09:21,2017-12-15 00:00:00
a178e361fe66cd0d0e9416db6da9ce1b,36b7395b5e6826109ad8846f08cab633,delivered,2018-03-16 19:20:07,2018-03-16 19:30:34,2018-03-21 21:05:07,2018-03-22 23:51:55,2018-03-28 00:00:00
3018cabe571cb8d2600f671021243e3e,86b3146187671c293c9d02862a8adf2d,delivered,2018-06-19 20:16:26,2018-06-20 02:55:23,2018-06-20 13:43:00,2018-06-23 19:16:34,2018-07-16 00:00:00
6552ae78f1de31bcde1fc2cfcab0d25d,ccb212cf6faf1356d9b5509259de0940,delivered,2018-05-17 14:05:28,2018-05-18 02:14:44,2018-05-23 12:44:00,2018-06-18 20:34:58,2018-06-07 00:00:00
3a9731efdd545919f0c6c36c8633b7fd,f141fbe08704cd463fd586a9d746b71a,delivered,2017-02-03 00:18:35,2017-02-03 00:31:34,2017-02-03 16:39:08,2017-02-09 18:08:30,2017-03-28 00:00:00
5a902cc5a20f8cd076f116d16d5aef9d,ec5637e1b926c79b5472bd41d67882f8,delivered,2017-10-03 20:12:45,2017-10-03 20:25:04,2017-10-06 23:03:01,2017-10-18 16:17:24,2017-10-30 00:00:00
6dabb450123d01750d1b176ea59026a1,859f932eedd05cd8c8adb71320a3528e,delivered,2017-11-24 07:24:10,2017-11-26 07:32:40,2017-11-30 01:51:57,2017-12-19 18:21:17,2017-12-19 00:00:00
57e15c1ad29a85e248eeefad05d29453,f0289c6986fdfbe99462623ab490d8c2,delivered,2018-07-31 08:48:58,2018-07-31 09:05:09,2018-07-31 14:55:00,2018-08-01 22:14:08,2018-08-08 00:00:00
1f0c014f0e64850a2020368551656dba,d829c6a67a93d7fc7f62dd56abbcc4de,delivered,2018-02-22 19:04:46,2018-02-22 19:15:32,2018-02-23 22:38:05,2018-03-17 13:07:53,2018-03-14 00:00:00
6f51c1344ad020aefab85b67a98bebd1,4cb1a8448844265aa0e0265f8bba2d9f,delivered,2017-12-15 16:43:26,2017-12-15 16:53:25,2017-12-20 18:32:48,2017-12-27 18:48:40,2018-01-10 00:00:00
4205a3c89c70026b43d90706a98e2f17,b93ea53bbc078967bbb66d23975fa361,delivered,2017-07-27 17:47:31,2017-07-29 02:23:59,2017-07-31 18:22:51,2017-08-08 19:23:41,2017-08-22 00:00:00
bbf99c13cca74b92b287695076073f09,4ba3acc57d02d5cf8b6a71c289dd06de,delivered,2018-06-19 23:30:03,2018-06-21 03:38:54,2018-06-21 13:30:00,2018-06-22 17:56:38,2018-06-29 00:00:00
1ee34237b5f6da17a68b98f9f27e4a4c,6f96ce3e9b2e07af1f4130650d3e2c2f,delivered,2018-07-27 11:16:44,2018-07-27 11:30:18,2018-07-27 14:01:00,2018-08-01 20:10:50,2018-08-23 00:00:00
6a189ed8c568195193d5880d4c090de5,473ff83f3d6ee032861533dfbd139f6f,delivered,2017-09-12 16:29:59,2017-09-13 03:25:56,2017-09-15 18:13:08,2017-09-21 22:03:19,2017-09-29 00:00:00
efdd6716d5125862a11d4e354bd4ec3c,3630110a4717d9f7969032afa285b469,delivered,2017-07-27 22:39:53,2017-07-27 22:55:20,2017-07-28 19:45:45,2017-08-04 14:32:19,2017-08-18 00:00:00
b3878761474174aa7dfaa4140dd91ae5,6959ca0d495c1527a2b718ba44912c1c,delivered,2017-11-19 15:49:41,2017-11-21 04:07:01,2017-11-22 12:31:50,2017-12-05 15:25:56,2017-12-15 00:00:00
9b867baf23bb7cd0720825a08a58dcac,2923a4f90cbe33627932ccbd6c6da251,delivered,2018-03-18 18:45:52,2018-03-18 19:00:34,2018-03-20 03:42:36,2018-04-11 19:46:35,2018-04-24 00:00:00
14af65d7109058f32b35ed10a594cfc0,2decf32109c63899d726c630b7e5d5f7,delivered,2018-04-24 15:19:51,2018-04-24 18:35:15,2018-04-26 11:06:00,2018-05-03 18:58:47,2018-05-22 00:00:00
37455a7ce5cca45395e5b3c399e12310,ca8a2e8caac901e0d72dae6be36bd360,delivered,2018-05-06 10:50:45,2018-05-06 11:10:30,2018-05-07 14:49:00,2018-05-11 18:24:38,2018-06-07 00:00:00
d0ddded2fb44f032154b6149cce5e2e6,5f3789bef735a3dd4cc9a85f08b69fc5,delivered,2018-03-15 19:10:03,2018-03-15 19:20:40,2018-03-17 01:58:32,2018-04-18 18:51:58,2018-04-10 00:00:00
f51fb43d2d69e83cc9cca35f9706798b,34667b3da73667b109439101ac3959d3,delivered,2017-11-21 21:11:30,2017-11-21 22:00:31,2017-11-22 20:44:32,2017-11-27 17:39:06,2017-12-11 00:00:00
886cadc098626f2e17d54f76b7bac8bd,0043b0afd67fb3af74360d2893b9a530,delivered,2017-11-15 21:06:10,2017-11-15 21:15:33,2017-11-21 14:12:27,2017-12-04 19:36:40,2017-12-05 00:00:00
a1941edfbb473a7e0a9f1e7abbb773fd,700660b5eabe7b1914f0bde53b1f7d2d,delivered,2018-02-27 10:56:54,2018-02-27 11:09:54,2018-02-27 21:21:47,2018-03-26 20:59:16,2018-03-20 00:00:00
d7d0eb9fb2a389917e37fc5411078df4,61f53bd3b55a43b690dde0258d8a87ae,shipped,2017-06-28 13:20:48,2017-06-28 13:30:16,2017-06-29 14:52:32,,2017-07-24 00:00:00
c99f7c8803c7a958c31ba67e7432ba16,f91b9de924df4019df6884555b9b23d2,delivered,2017-11-26 14:26:57,2017-11-26 14:35:48,2017-11-27 22:42:00,2017-12-16 02:48:39,2017-12-15 00:00:00
3c6ba7a3320c8c63c76d343c388ba219,42cb6791d77b43e03043928246e7e635,delivered,2018-02-22 09:36:58,2018-02-22 09:50:30,2018-03-07 23:05:25,2018-03-26 23:38:41,2018-04-05 00:00:00
1523268cac9326ce1a5fbac7f88a6f20,657df615e86dce4fd9723ad0038cac71,delivered,2018-02-17 01:27:05,2018-02-17 02:07:50,2018-02-20 23:39:09,2018-02-23 20:07:41,2018-03-12 00:00:00
76dafeb35f47c9cdb8aa7971022e0978,d219742971396623f8e4730e2e659dc9,delivered,2018-01-29 15:22:41,2018-01-29 15:32:26,2018-01-30 17:32:13,2018-02-06 12:57:56,2018-02-14 00:00:00
d696730916dce1a0a88fb9f34407ecb2,12cd97779bef91435975ccf9d4b3dea6,delivered,2017-08-04 13:30:02,2017-08-05 03:05:13,2017-08-07 18:47:30,2017-08-14 13:59:02,2017-09-01 00:00:00
92e0a2b039d9ce627cbcc94ecf879f87,1ff8a1ae692a49c3204aa327a2c9cc7f,delivered,2017-11-13 15:19:44,2017-11-13 15:31:35,2017-11-14 19:58:58,2017-11-22 21:56:49,2017-12-01 00:00:00
6f9bf4ab497406e0c55eb9eb7a3dcae6,8c6947c7234f5fc0f6471b13ff150eca,delivered,2018-07-23 20:45:12,2018-07-24 10:31:11,2018-07-25 15:27:00,2018-07-30 19:38:41,2018-08-20 00:00:00
60b570df9018c6b6441017314a2dd081,dd3f1762eb601f41c5e289fa08dbc6bf,delivered,2018-07-18 12:59:21,2018-07-19 02:45:20,2018-08-07 17:17:00,2018-08-10 21:38:34,2018-08-31 00:00:00
4b707ea4e7c08fa1180bf92bede67da0,1eea1a72f29237e9df4cf1025d118b04,delivered,2018-06-18 12:05:30,2018-06-18 12:37:20,2018-06-19 14:07:00,2018-06-25 21:48:22,2018-07-11 00:00:00
963258c35a8f30e4ab41bb49c4e493c7,f6eacc4b1de6e9b5187151afed99c320,delivered,2018-01-16 16:12:09,2018-01-17 03:38:42,2018-01-18 12:21:53,2018-01-19 18:23:03,2018-02-01 00:00:00
bd8c777b163d434c13d72bc016869c97,721597f917f48a34ca1712b58166ddee,delivered,2018-08-02 15:35:05,2018-08-02 18:25:14,2018-08-09 13:35:00,2018-08-16 19:02:00,2018-08-28 00:00:00
67f9754feffe51587eed05ba198d21b0,0045ac1c0957bc92e109f71e4941fa49,delivered,2018-06-30 11:49:28,2018-06-30 12:10:20,2018-07-06 10:31:00,2018-07-11 21:03:43,2018-07-18 00:00:00
10482cea058f80e06b62b933eba72928,c535ef31f19453feff718c929e078f8e,delivered,2018-02-28 19:27:37,2018-03-01 15:35:35,2018-03-08 20:41:33,2018-03-20 19:29:46,2018-03-22 00:00:00
970faa2fc574e975f2badf8b2783c112,e9046d06be1980b8187bc2822f6138ca,delivered,2017-11-12 17:49:13,2017-11-12 18:07:16,2017-11-21 19:48:49,2017-11-23 19:09:41,2017-12-01 00:00:00
f63a31c3349b87273468ff7e66852056,bf04d8d8923728c5bc0e982837507773,delivered,2017-12-29 16:20:43,2017-12-29 16:38:26,2018-01-02 19:24:58,2018-01-10 20:07:24,2018-02-09 00:00:00
367d9f6d184cf1d060d92bdc71810d2e,75baf74d97b2339e14e57681073a42ef,delivered,2018-07-21 11:21:29,2018-07-21 11:30:18,2018-07-24 14:21:00,2018-08-06 13:06:43,2018-09-04 00:00:00
9af89743e7144e56b5e028a248174ef1,6d9ded111ea89ad26ed04e6b806de89e,delivered,2018-03-03 15:04:01,2018-03-03 15:15:24,2018-03-07 23:18:43,2018-03-14 15:43:00,2018-03-21 00:00:00
91c72081ae9c08e96d0bc952f73e6188,aa26d06d6a3115758bf39b5af7b53ac2,delivered,2017-06-20 11:12:10,2017-06-20 11:25:25,2017-06-20 13:40:49,2017-06-26 14:22:29,2017-07-12 00:00:00
4b1e9e86e377397f8b305cc26fb038a9,23ddf94544227d2f8d924c2051a6c0b9,delivered,2017-12-05 19:05:20,2017-12-05 19:30:53,2017-12-07 00:45:17,2017-12-13 02:14:27,2018-01-02 00:00:00
ba6db6908932a9ed2a611c82ef295d37,ba06469dfb61ced36ea2962bf482aeef,delivered,2017-03-20 00:54:38,2017-03-20 00:54:38,2017-03-20 10:20:20,2017-03-24 10:07:38,2017-04-12 00:00:00
330003e600912f03d0036088e5eadf64,bf46f5628006409ce5740517ad6506f1,delivered,2017-05-04 10:09:36,2017-05-05 02:15:16,2017-05-05 09:34:33,2017-05-12 12:57:54,2017-05-29 00:00:00
206dc2e3ed3121cb9271e8922d9650b3,f989b6b1bb5f0245a0280ff76a677f11,delivered,2018-04-04 08:31:35,2018-04-05 02:10:42,2018-04-05 20:48:35,2018-04-15 12:59:03,2018-04-23 00:00:00
95f621764d58ab2736abbffb39a183da,ee04dd46d48e1dffe76ca651a89bd83e,delivered,2018-04-02 23:17:12,2018-04-02 23:28:08,2018-04-04 18:32:42,2018-04-18 01:52:31,2018-04-23 00:00:00
68a36ddf13d6fcdd7ea00d9ce11026b9,1ec9ca87ae6934e29a7f169ddaf26b34,delivered,2018-04-27 16:51:52,2018-04-27 17:33:10,2018-04-30 10:53:00,2018-05-11 20:34:46,2018-05-28 00:00:00
7cbc4b1a42129d7c6f9b4f14371ac4c3,01cf93cabf578892dc3217e6601b0cef,delivered,2018-05-13 20:33:54,2018-05-13 20:53:20,2018-05-14 19:03:00,2018-05-15 21:07:01,2018-05-22 00:00:00
b26eb89dfb4e2d970274ef0c668fd43a,2ca8b7b3830f1551de4a0e4ea27a5e39,delivered,2018-03-17 19:59:25,2018-03-17 20:16:07,2018-03-19 19:41:34,2018-03-23 18:45:50,2018-04-11 00:00:00
c33d4d6f164d581e80ca8b8b11bf45ae,b72250b3fe9705bd075b55d6d0c0ff85,delivered,2018-06-17 13:26:47,2018-06-18 12:02:09,2018-06-19 15:37:00,2018-06-21 22:41:50,2018-07-12 00:00:00
e439b72b2d1f22819e11acbbc8102216,224d51fe180f7dd46ddec94c0c3f50d6,delivered,2018-07-25 14:15:54,2018-07-25 14:30:35,2018-07-26 12:24:00,2018-08-01 13:06:55,2018-08-08 00:00:00
00324b3eda39ba5ecce3945823e3594c,cbde8134b8a718381d08167dfc58ec8c,delivered,2018-04-10 01:14:18,2018-04-11 09:12:11,2018-04-16 19:30:42,2018-05-03 20:29:24,2018-04-30 00:00:00
783f0149c8c49e2539f7a09dc2237b5b,a43f1d2370a5a5f59437fb8a30b0cc81,delivered,2017-03-22 15:35:53,2017-03-22 15:35:53,2017-03-23 05:43:38,2017-04-03 15:03:24,2017-04-24 00:00:00
3d9650eb93f7e3a88b65616691a0126b,cbff1f00d84d9b3e20f8cee1f84f6dd7,delivered,2018-05-10 10:41:48,2018-05-11 02:57:42,2018-05-15 09:06:00,2018-05-21 20:03:03,2018-06-01 00:00:00
f5e9edb4041a4f6ddaac3851ae7992ee,04da2645a56f541526058058e48a71e1,delivered,2018-03-09 10:26:10,2018-03-09 11:35:25,2018-03-09 21:32:19,2018-03-29 16:32:40,2018-04-04 00:00:00
67d234bcc416725cb502c08117a69500,3be3915445cff816df03e7e980dce851,delivered,2017-06-03 10:26:30,2017-06-03 10:35:11,2017-06-16 16:20:50,2017-06-26 12:32:41,2017-07-14 00:00:00
56400a721b65efb0da1a9f11ea5b2dc7,ed3c7592e1ac84fb9ab17c6567560499,delivered,2018-07-15 10:46:14,2018-07-15 10:55:19,2018-07-16 13:28:00,2018-07-27 20:43:29,2018-08-09 00:00:00
1c17925c49f9d7785ecc1febf7f30363,d5121168d43b0c28479b59a2d52655fe,delivered,2017-03-15 15:06:40,2017-03-15 15:06:40,2017-03-21 03:08:12,2017-03-30 13:39:44,2017-04-05 00:00:00
a187f41f4cc3a98eaf1e82f8b79c6fb2,6cee76d1e3c3c310a01384d453f50e3f,delivered,2018-07-24 11:14:25,2018-07-24 12:04:31,2018-07-25 11:29:00,2018-07-26 16:22:50,2018-08-02 00:00:00
bc8206fa80d1bcd38257bd4550932b78,337a8db159bfa694f3fdf52acafdd344,delivered,2018-02-28 18:06:46,2018-03-02 02:16:03,2018-03-02 18:04:08,2018-03-09 22:15:52,2018-03-28 00:00:00
0b3c0b254cd889f96d5426417aa548cd,5919e1f7863f9b5837dae40ab61436df,delivered,2017-10-18 16:34:56,2017-10-18 16:49:25,2017-10-19 19:47:44,2017-11-02 16:28:37,2017-11-10 00:00:00
2c115ba9e25f2b8932ec710356d9eca9,50cb9d021d1b098d40d98fc0ae2d3bc9,delivered,2017-03-28 17:10:35,2017-03-29 02:22:38,2017-03-31 09:39:56,2017-04-03 18:24:42,2017-04-17 00:00:00
932fbcd8ff83452581f2b710115f094e,3391d14b67f9a497f056bb575a5f7a30,delivered,2017-05-06 12:16:26,2017-05-07 13:05:51,2017-05-08 11:44:07,2017-05-16 09:33:22,2017-06-08 00:00:00
9b881df263e0c26b3fb8584bc0da7317,0c4a8b93effd07ade151a4961ae8791d,delivered,2017-11-30 20:29:44,2017-12-02 15:38:16,2017-12-05 22:38:50,2017-12-11 18:29:20,2017-12-22 00:00:00
b2c1d65b858a8658622354076fafbd0c,2cb79aea06667972ae3cacb4fef8cb08,delivered,2018-08-09 12:50:30,2018-08-09 14:30:16,2018-08-09 13:57:00,2018-08-20 20:03:02,2018-09-03 00:00:00
0d9e86e02c1a823b20c03ea29d616607,edaad9e07395713e9f5a2124f6c846a1,delivered,2017-10-13 10:22:20,2017-10-13 10:49:48,2017-10-17 13:48:22,2017-10-24 19:13:41,2017-11-08 00:00:00
2f610bccd0c217425cbb71bc0cdafa32,9c64abffb2de9888aa146da8c65a547f,delivered,2018-05-16 19:47:11,2018-05-16 20:16:17,2018-05-21 08:52:00,2018-05-22 17:21:59,2018-06-04 00:00:00
354f62589ab0a15eb57e820d6fcbe9b5,ff51b92babcec282546c7ccf5c36adb3,delivered,2017-03-25 21:18:49,2017-03-25 21:25:19,2017-03-27 10:20:04,2017-04-04 12:55:16,2017-04-26 00:00:00
8d5522903eb78728024e688cd6ee9dbf,f02a30c0159ad2d40c75f300fa9e338c,shipped,2017-07-03 07:46:05,2017-07-04 03:45:30,2017-07-08 13:21:17,,2017-08-02 00:00:00
3dd5f3e88e755bfddd878c1be9903b4c,946b7e93d437f40f31318b7c37886e9a,delivered,2018-08-16 11:38:08,2018-08-16 11:50:48,2018-08-16 15:34:00,2018-08-20 18:48:06,2018-09-04 00:00:00
5fd3e686087ab4cd93b354b63771d6aa,cf212d0f6f868b6abdb9b852145ee55c,delivered,2017-11-29 13:38:49,2017-12-01 13:33:22,2017-12-05 22:04:55,2018-01-03 18:27:03,2017-12-21 00:00:00
4b8f98e50ffa9c1b021c197d39c58bb2,672b3a9f04869358311e98e5190693df,delivered,2017-03-08 15:05:05,2017-03-08 15:05:05,2017-03-09 15:52:52,2017-03-31 15:03:19,2017-04-04 00:00:00
271c268d4d21a60bfad6ddb92be3ba3b,6d2eff8b896317be39088c57f793c025,delivered,2018-01-11 22:16:27,2018-01-11 22:28:28,2018-01-20 02:04:07,2018-02-07 01:04:27,2018-02-15 00:00:00
248deb3ef512379585029c544c063a3b,404f03b1642f9e710beb41b1013c2722,delivered,2017-07-13 09:43:56,2017-07-14 02:30:19,2017-07-17 12:32:54,2017-08-02 19:49:52,2017-08-14 00:00:00
b5fd688e3b4992b03fe982e9d569653b,99d24bc37b036ea1d3126f00f198151a,delivered,2017-09-06 10:20:54,2017-09-06 10:38:10,2017-09-06 19:12:47,2017-09-28 15:42:28,2017-10-05 00:00:00
886554d6a49f10154eb12b81a6c4ef4b,42382073d3ad89dce202e766862bc851,delivered,2018-03-15 13:11:13,2018-03-15 13:29:59,2018-03-16 21:53:45,2018-03-24 10:33:10,2018-04-23 00:00:00
09bfed54145e573d48e1685dcf11fb6c,1353a896c273c4c9727e6c65601de865,delivered,2018-04-16 10:31:20,2018-04-17 05:50:51,2018-04-17 19:06:25,2018-05-07 19:58:33,2018-06-04 00:00:00
db4e3bec0b52410d044c3f9d6bd6f804,836507d096fb2a93e1ecd7fcc252998e,delivered,2018-06-18 22:43:08,2018-06-18 23:16:30,2018-06-19 10:01:00,2018-06-25 19:03:55,2018-07-23 00:00:00
84a2a019c5e35c1b7930e967601312b7,5701ea1fb1188efea6f8a6795f4a9428,delivered,2018-03-19 21:08:09,2018-03-20 03:48:40,2018-03-20 22:43:34,2018-03-27 15:33:22,2018-04-05 00:00:00
8b7b3969f3c39c57ab6c9d0df5741f39,c4abe2d92241e0ef3e26bce6bf3ecc10,delivered,2017-05-18 15:23:08,2017-05-18 16:00:06,2017-05-23 12:42:04,2017-06-05 16:52:05,2017-06-19 00:00:00
d9e5305b48eff370ffafa031d6027518,189ed22036bdb24d69e56a6789591b5e,delivered,2017-12-04 12:40:39,2017-12-05 04:20:02,2017-12-19 19:02:56,2018-01-16 22:16:53,2018-01-02 00:00:00
982e90afe2a0e9a5b5b69165a47c3a4e,33ca2d3705d8c3d3aa3dc1ffd96a988f,delivered,2017-04-26 20:26:10,2017-04-26 20:42:27,2017-04-27 09:11:29,2017-05-16 14:57:51,2017-05-26 00:00:00
67bc13a75930f4cf503a251f12328045,c19b62621627c6a7cc64d317ecdd96ed,delivered,2018-03-20 08:46:45,2018-03-20 08:56:10,2018-03-22 03:24:32,2018-04-19 14:54:45,2018-04-10 00:00:00
6df2cfb6624c3e0b13775087f1cda182,7c34bd204a60d620ac5f7e1b5022a122,delivered,2018-01-06 23:30:47,2018-01-06 23:39:29,2018-01-12 13:55:50,2018-01-30 20:38:40,2018-02-07 00:00:00
da48ff98ca6bec2aa39f5cce1db9f04b,a77d3ffac9ab3752eea01fdc7a165a1d,delivered,2018-01-10 19:47:04,2018-01-11 19:40:25,2018-01-12 22:38:51,2018-01-29 19:42:50,2018-02-07 00:00:00
8ee4362f8dfc794ac7cb9b309b4a87b3,b3c9b5795c9e172c44c29fbb63f750d8,delivered,2017-08-26 08:06:34,2017-08-26 08:15:09,2017-08-29 20:22:38,2017-09-09 14:27:39,2017-09-22 00:00:00
153fb90c16a95a3c0ea6cc48a1a4069c,4d02e7d9b02f003359bce7134dc4941f,delivered,2017-11-14 09:16:38,2017-11-15 09:27:27,2017-11-16 23:08:44,2017-11-25 11:06:56,2017-12-07 00:00:00
ca629f02433156bf7577b63a9dc1615e,2a6f62824b20538999dc2687bc4c7bfe,delivered,2018-02-03 18:50:56,2018-02-04 00:15:38,2018-02-05 17:25:02,2018-02-17 00:38:50,2018-03-02 00:00:00
f19b492f25812691633dffcf530146f6,00c1cef22f54b3d3935e1c145b0c6ec6,delivered,2018-02-03 13:54:47,2018-02-03 14:10:10,2018-02-05 21:21:32,2018-02-19 13:27:46,2018-03-14 00:00:00
a7b5e82b294d8eac1109824b0194abb9,7ff290e59c82983e21d8337602e2ff6c,delivered,2017-06-25 11:42:38,2017-06-25 11:55:08,2017-06-29 08:04:45,2017-07-11 19:32:35,2017-07-19 00:00:00
509a52223ecac6d67fb765b3b37c6974,efc07f50d0a9346ec00e1c37b5b10748,delivered,2016-10-06 18:11:11,2016-10-06 18:50:35,2016-10-21 16:23:01,2016-10-26 12:21:06,2016-12-08 00:00:00
fbe1b2aeb4cba6d2bc309c735a062549,d64fe56e08421cdb86546859c9bffa73,delivered,2018-07-28 17:31:47,2018-07-30 16:15:14,2018-07-31 17:11:00,2018-08-06 15:31:30,2018-08-13 00:00:00
55a4f9b50beced29f599c03bf4df76e0,f91f25c334f44970a6b8e4b2f3b24f5f,delivered,2018-08-03 21:28:57,2018-08-03 21:44:06,2018-08-06 14:06:00,2018-08-18 10:32:19,2018-08-23 00:00:00
3418c754c6d0c412d57cca00b6ccfbe2,04bac030c0366892396bc49c1c64a8e5,delivered,2017-11-08 12:00:42,2017-11-09 11:55:54,2017-11-14 16:09:23,2017-11-21 18:07:15,2017-11-28 00:00:00
c0b7fa0a374f7d9ed01d813a0aa67f71,3c5aa91b09e66fd7095a2bfd7a3181f5,delivered,2018-01-24 23:41:21,2018-01-24 23:55:04,2018-01-25 15:32:51,2018-02-09 12:41:46,2018-03-22 00:00:00
e0017093576ff7e25777c2d023eb1cd9,0bfb2278d83ff358645a588158d39b8f,delivered,2018-06-26 14:57:28,2018-06-26 15:16:21,2018-06-26 14:50:00,2018-06-28 21:48:51,2018-08-01 00:00:00
3147d340c802cf04b463c4a5e532745d,5b331b0a1d63a261e9072be800107cfd,delivered,2017-08-05 14:08:47,2017-08-05 14:23:39,2017-08-11 12:27:35,2017-08-16 17:09:14,2017-09-13 00:00:00
b67c515c4ce95d8b4b79cce37eaf9e23,40ab1870554d1cdbf256d2610aece700,delivered,2018-02-07 08:38:51,2018-02-08 07:55:24,2018-02-08 20:22:04,2018-02-17 01:19:00,2018-03-14 00:00:00
e65fa5f31ce4436d38bcf5e109fd43e4,d9110683c7a282144e9fc97660026a28,delivered,2018-01-24 17:53:44,2018-01-24 18:12:41,2018-01-30 15:13:39,2018-02-20 17:48:37,2018-02-19 00:00:00
eaa862b99d06a963cff6699021d83f09,1a187e61bc83d03ff6e887048de8b269,delivered,2018-06-22 00:17:50,2018-06-22 00:38:36,2018-06-22 13:26:00,2018-06-27 12:07:50,2018-07-05 00:00:00
47a2809ec3c2d8c1263a2e09fb62cbcf,8e2c656d2fe9f0d003a5507c15fe39ae,delivered,2018-02-02 19:29:48,2018-02-02 20:12:00,2018-02-09 00:43:01,2018-02-23 20:37:13,2018-03-12 00:00:00
8d3815553beb9e0a66908d8df19e7ffb,62ca0be9b9b1232f45da308d28f061bb,shipped,2017-10-20 19:51:41,2017-10-20 20:05:36,2017-10-23 19:10:52,,2017-11-13 00:00:00
bd80c61aa79867f184f4b01d69b6c03c,c4ea73d6d19fee5568c98ff9ac70ee14,delivered,2018-08-03 22:20:39,2018-08-03 22:30:14,2018-08-06 15:30:00,2018-08-08 13:22:14,2018-08-14 00:00:00
44367541b21451fc1fff30873b2cd899,ec9f90219ae301b43e928199c1dcfc5b,delivered,2017-08-14 13:42:08,2017-08-14 13:55:19,2017-08-16 20:49:51,2017-08-18 13:28:54,2017-09-01 00:00:00
d0f706ec8a0d8cd8b1733c1f2f7f4701,1e6bd00056db5ad190016e8d62d0bc36,delivered,2017-11-24 20:33:02,2017-11-24 23:33:52,2017-11-25 20:14:28,2017-11-29 16:57:32,2017-12-15 00:00:00
638ef1788b79081e63829d44a8f15e0c,b375ea4c89a7a7c39ae09144086ac2f3,delivered,2018-01-03 00:37:12,2018-01-03 00:49:52,2018-01-08 20:20:35,2018-01-26 19:33:57,2018-02-09 00:00:00
a0d5633fe92946ea39b59d2fd89d249c,2936a5186c34f7fa84440ad1a34d385a,delivered,2017-12-28 15:32:45,2017-12-28 15:47:35,2018-01-05 22:59:18,2018-01-16 22:13:29,2018-01-30 00:00:00
d34d57040fbd8cc561fddf442352f8eb,0d0ee03c8b494f3343e61156cd13738a,delivered,2018-06-18 19:00:17,2018-06-18 19:21:17,2018-06-29 11:05:00,2018-07-03 20:26:47,2018-07-25 00:00:00
8a4611e08772a0a101cbeee84f121200,f62992f4db18d0fb581bfb925e104fdc,delivered,2018-03-05 20:40:38,2018-03-05 20:50:30,2018-03-13 19:29:33,2018-04-02 22:08:55,2018-04-06 00:00:00
b3311a70844e97acd4e111dac452a341,0eb1f7243ce47d7b87fd0615123732b8,delivered,2017-03-22 15:13:20,2017-03-22 15:13:20,2017-03-22 16:19:27,2017-03-27 13:08:22,2017-04-12 00:00:00
d8d281c1a1398a1e835fdc4adfb81e2a,14c1e4101ca2dc7dbf876d9c9e6b11a6,delivered,2018-07-23 20:50:50,2018-07-24 10:31:11,2018-07-25 15:09:00,2018-07-27 18:27:42,2018-08-07 00:00:00
23e9f8ff4531eef8fbeb21efcf4ca260,194db5a5d58e5c923d6c2ef8c41e1234,delivered,2017-12-09 10:52:15,2017-12-09 12:54:52,2017-12-11 18:54:21,2017-12-18 15:12:21,2018-01-08 00:00:00
eddf1b58726e1b53c010f681422195fc,9fff124c067a8e923fbcf6cdea20ea56,delivered,2017-08-03 14:17:03,2017-08-03 15:30:17,2017-08-09 21:27:36,2017-08-17 21:03:05,2017-09-01 00:00:00
27c9a7fc93005e3344a0c1ffa6f931e2,0298eec43baa253837fca6e98da66903,delivered,2017-09-16 11:20:10,2017-09-18 10:35:17,2017-09-19 20:04:14,2017-10-08 15:37:41,2017-10-06 00:00:00
1f4010e63b5ac13defa48305766a912a,816cad5b6c83e24c31f8f68063b060c9,delivered,2018-01-19 08:58:05,2018-01-19 09:19:19,2018-01-22 18:09:23,2018-02-06 20:51:50,2018-02-19 00:00:00
c2e3096cfe14dd179f75dc83746fe2a8,99182106be47066737d15f60d6fd95ee,delivered,2018-02-27 09:35:35,2018-02-27 09:48:21,2018-02-28 19:26:11,2018-03-02 22:33:33,2018-03-19 00:00:00
d32d839e4c6f7772888cc70c40f23abe,f282c09c41cb14c6a88481deb1c0b25e,delivered,2018-01-18 23:19:22,2018-01-18 23:30:34,2018-01-19 17:48:36,2018-02-01 17:39:04,2018-02-15 00:00:00
252b5c3120af058fdc9eb73b14e4b97d,e1a7e3c252a0a62a4936908e3725f7d3,delivered,2018-05-14 09:15:37,2018-05-14 11:14:36,2018-05-15 12:37:00,2018-05-21 22:46:51,2018-05-29 00:00:00
c588d6fe9640b6198171ed8c30981057,13baff7a51d9e50f8208790bbde38b89,delivered,2018-06-28 13:18:29,2018-06-28 13:31:33,2018-07-03 06:23:00,2018-07-09 14:16:58,2018-07-31 00:00:00
c41d1d484d6eba6e4d8d981ed0768193,2718b88837b22bacabdb53fe203c069a,delivered,2018-07-19 21:04:17,2018-07-19 21:23:08,2018-07-20 15:50:00,2018-07-25 12:04:12,2018-08-03 00:00:00
2c16fd106856fc1209898f20b68c943c,bb205b0f9f296e7cbb610b231dc401d3,delivered,2018-01-20 14:41:44,2018-01-22 13:50:55,2018-01-25 23:09:19,2018-02-05 21:19:00,2018-02-19 00:00:00
c2ef874559083f9b66c092fe59f382b2,0b1353eb976bcec7ee3c4a354954e055,delivered,2018-05-03 00:19:22,2018-05-03 00:47:11,2018-05-03 15:11:00,2018-05-04 19:22:55,2018-05-18 00:00:00
fcffb64079d8d2cef5d9014ea91705d3,dd37203d1d35f4c64e4cc650fa3ecf86,delivered,2017-06-07 20:09:55,2017-06-07 20:22:27,2017-06-19 19:45:38,2017-06-26 15:37:52,2017-07-13 00:00:00
2bfe52167cb0f38cfbbdca7154dc3da4,6b4407e55115a2b1ca3e6172366b9a79,delivered,2018-07-09 12:30:20,2018-07-09 12:45:14,2018-07-09 15:44:00,2018-07-12 16:03:33,2018-08-06 00:00:00
51bd890febd880cb94d9051fd28f289e,adea16f52f570e5b1b7e6128a8ea45b3,delivered,2018-07-16 17:59:42,2018-07-16 18:10:16,2018-07-17 07:59:00,2018-07-23 23:06:39,2018-07-31 00:00:00
3c843728a555b7e433f4a128b82d6740,4bd294209a20481f0b350a90a502902f,delivered,2018-06-24 20:26:36,2018-06-24 20:54:52,2018-06-25 11:23:00,2018-06-30 16:36:55,2018-07-17 00:00:00
fc124eec9edbb799119308d21bfaea54,553116a8650fecf9e64790c28a2aa2ae,delivered,2018-01-16 16:16:17,2018-01-16 17:33:12,2018-01-19 21:52:20,2018-01-26 14:07:05,2018-02-16 00:00:00
780d2033f54e261503435dd8a2873909,8639b075755e125011bbdf07da15f178,delivered,2017-08-16 20:23:46,2017-08-16 21:45:38,2017-08-21 13:56:47,2017-08-22 18:04:38,2017-08-29 00:00:00
eb1873ec4d6a2af1c0626a7d08bd9c09,1531106e1c467cea04c233e54a383098,delivered,2018-05-10 17:48:41,2018-05-10 18:17:57,2018-05-11 07:23:00,2018-05-18 15:56:43,2018-06-01 00:00:00
f9f75601353a50e58746860ba04dc47b,65e7411eaf24a7dd95a3c10759cb6c65,delivered,2018-04-30 19:02:05,2018-05-01 19:13:41,2018-05-02 15:23:00,2018-05-05 02:04:34,2018-05-15 00:00:00
97117f0564b324e2fde477ebb108bc11,f9030d8a14f66c686bbede3e008f3e11,delivered,2018-01-08 23:16:26,2018-01-10 10:32:45,2018-01-15 20:33:22,2018-01-25 01:15:03,2018-02-02 00:00:00
923dbd74822b55ab663759d1bb50823f,110f5c3e2c73a6e64c91c92fbc0d21a5,delivered,2018-03-02 10:05:48,2018-03-02 10:15:31,2018-03-02 19:08:14,2018-04-18 21:54:32,2018-03-23 00:00:00
0d760576500ea8611379a97ddcebf3db,f7f4c88bd5093db7e3fc7baad3cd8deb,shipped,2017-09-16 12:30:24,2017-09-19 03:44:09,2017-09-20 16:09:20,,2017-10-04 00:00:00
bec7d5a25c600cedea70947a1aa39092,745eaa8698b4c162b69a731316cb890f,delivered,2018-05-06 16:26:17,2018-05-07 09:14:14,2018-05-10 08:48:00,2018-05-16 21:38:35,2018-06-05 00:00:00
0bdfd876931ec6df01297b40e9672c12,a3bac6d9f128db48e46167f95d96c523,delivered,2017-11-10 23:55:57,2017-11-13 10:10:38,2017-11-14 16:29:07,2017-11-28 18:12:28,2017-12-11 00:00:00
ae0fffa23dda62380795c427a8f734e8,f00ada1f8340fee461d7d4ddd48361e6,delivered,2018-05-17 16:54:50,2018-05-18 00:54:51,2018-05-18 19:00:00,2018-05-22 11:43:32,2018-06-04 00:00:00
0f1fc45267bd2edfbaa6af5e47dbd0d8,966f573b2758a1ba47501a93b010285f,delivered,2017-11-25 14:33:53,2017-11-25 14:55:37,2017-11-29 20:08:38,2017-12-05 21:33:04,2017-12-15 00:00:00
99e34b586d1fa26ea713021ff647d18d,010ac941a52f7717d87471a7da831cd0,delivered,2017-03-11 08:20:56,2017-03-11 08:20:56,2017-03-13 09:26:57,2017-03-22 15:08:25,2017-04-03 00:00:00
acb2afbcbcc3be10924f75fd3b6c98d8,b49bca9a4fca7f417da7a01e96f21295,delivered,2018-07-22 14:17:47,2018-07-23 11:31:33,2018-07-24 07:30:00,2018-07-31 14:03:34,2018-08-08 00:00:00
2180c97a87cb56e53fff589f28985825,50ccf61ea77c231ba7bf387ab5dbae8c,delivered,2018-01-20 09:20:33,2018-01-20 09:32:59,2018-01-30 17:28:34,2018-03-01 12:22:59,2018-02-19 00:00:00
d8ae8039b59ce1eb9a0f9579e07d30c7,a6f13157245571c035876037e4cc3ca1,shipped,2018-02-25 14:44:31,2018-02-27 04:30:55,2018-02-27 23:12:41,,2018-03-21 00:00:00
eb22d6eb9946f4e045cffb03414af48a,7c1ff053ffc866248a4a52626a541f05,delivered,2017-11-24 13:50:10,2017-11-24 15:56:14,2017-11-29 13:26:45,2017-12-05 20:43:00,2017-12-15 00:00:00
5add03213ad417aab3988852ea890572,69009aaf4e400602c05b1da3989ca40b,delivered,2017-09-01 10:42:58,2017-09-01 10:55:24,2017-09-04 21:45:52,2017-09-11 16:36:06,2017-09-26 00:00:00
9d81bb437ca5583e95a56300b3576228,1e9d3655bb1078f29527381ed32c85d4,delivered,2017-10-13 10:26:25,2017-10-13 10:49:33,2017-10-19 22:27:45,2017-10-25 16:57:51,2017-11-14 00:00:00
7802207732bf2bf55f1994667489339b,9b4f2198d678fac1f1eff05da5061c44,delivered,2018-07-25 11:04:58,2018-07-26 03:25:17,2018-07-26 09:33:00,2018-08-01 00:36:55,2018-08-14 00:00:00
8564eda5247ce8353cdf36e0ccd2f2c7,34767d7c5bd566155efa60611cd0d56b,delivered,2018-03-19 20:38:33,2018-03-19 20:50:36,2018-04-16 16:17:17,2018-04-24 23:32:36,2018-04-19 00:00:00
7b1cf9f880b0f7eba111c5342dd2fba9,df252288cc550625697753e78aa41671,delivered,2017-05-13 23:47:48,2017-05-14 01:10:18,2017-05-16 16:02:26,2017-05-29 15:48:44,2017-06-05 00:00:00
6b89a78e042eff08232ab1fec808a30a,f508e94f5b9c5311cbfc562bcbe6bd2f,delivered,2018-07-23 19:41:32,2018-07-24 10:31:02,2018-07-24 13:48:00,2018-07-27 19:10:53,2018-08-07 00:00:00
4a16403a2f6d6324c545f6b70581c2c9,6a2ccd604a2ab71df8ed90f9eae7390c,delivered,2018-01-11 09:22:41,2018-01-13 04:55:06,2018-01-19 21:42:15,2018-01-31 00:38:09,2018-02-01 00:00:00
ceddfcaa82b18d944e4de24213a6fd4a,7f9ef908b67c378f4f0279db3794346b,delivered,2018-04-17 14:47:18,2018-04-17 15:09:09,2018-04-18 18:08:47,2018-04-25 18:42:04,2018-05-14 00:00:00
205d5db88d0a8b3736d1afa2f6a329c5,397cee5da1a7fdfbbf0c6164d591246c,delivered,2017-05-29 13:57:10,2017-05-30 05:05:12,2017-05-31 13:41:57,2017-06-07 14:15:08,2017-06-21 00:00:00
e9965bb148ec7e8cb64c20b78218adf3,ed76cdbb0c0ff741552f5ec16de70723,delivered,2018-08-10 13:10:40,2018-08-14 04:25:21,2018-08-14 14:28:00,2018-08-21 15:45:45,2018-09-05 00:00:00
65c5c8d2e87139529c41cf8307ba1f65,7b4af48119080837db56a8c7d53ecc08,delivered,2017-04-26 16:23:04,2017-04-26 16:35:14,2017-05-03 15:18:40,2017-05-09 19:52:03,2017-05-15 00:00:00
3cf6fb1fae0029f5b4f01de4dc8d2fc9,3b5668bf4322fb6b973bcfa600e7ab0f,delivered,2018-05-08 20:24:56,2018-05-09 03:33:39,2018-05-09 15:12:00,2018-05-11 20:13:36,2018-05-21 00:00:00
350bbe08ad1344030593d837cc982113,ccc8c0890069937d85d36bc228d71e09,delivered,2018-02-16 19:09:58,2018-02-16 19:27:12,2018-02-21 17:49:16,2018-03-02 13:42:32,2018-03-06 00:00:00
ac13993b49f8254ca1d6ab536c035473,e945178aa027f0306eb1da1f5dff2dd8,delivered,2018-01-04 22:36:32,2018-01-04 22:48:17,2018-01-08 19:50:26,2018-01-15 17:35:51,2018-01-30 00:00:00
e3be8e7970afa286e942ea4273061bae,7258ea0b59cf99de570d9c32c8c88560,delivered,2018-07-04 13:08:42,2018-07-05 16:10:41,2018-07-05 14:45:00,2018-07-10 21:24:51,2018-08-08 00:00:00
630c3cacbf294ed8c919a0c6a90bb1fa,37ff7057c2badd64a377d87516b5158e,delivered,2018-06-29 09:48:23,2018-06-29 10:11:05,2018-07-03 13:10:00,2018-07-05 16:32:01,2018-07-23 00:00:00
dec35be986f60651db9bd0edded4ff75,f8b4a24fe1e43e25a94ceff98545fc1e,delivered,2017-07-24 00:42:41,2017-07-25 03:43:43,2017-07-25 22:23:37,2017-07-31 17:27:36,2017-08-17 00:00:00
7885efcad4dae013491156c565d65d50,441746e39df2b72757086025aaa792f6,delivered,2017-12-05 23:36:49,2017-12-05 23:57:03,2017-12-11 17:52:07,2017-12-16 17:48:41,2017-12-21 00:00:00
af4de5572edcf4dac89b10578b09c496,f618a0c08e27e7ef7b4761e39d3ba6ee,delivered,2018-02-26 19:07:19,2018-02-26 19:15:40,2018-03-02 20:04:22,2018-03-05 19:04:55,2018-03-13 00:00:00
9bee2a0789ef47ce6515c171c803a285,fb28fb8b06eeedf8e25812ba5380872f,delivered,2017-09-04 13:35:55,2017-09-04 13:50:10,2017-09-06 20:04:25,2017-09-25 21:33:06,2017-09-28 00:00:00
28f5b7eeb630d537533dec10991130fc,1c362ec19c48872fbc1a38557234ae1d,delivered,2018-08-13 16:57:13,2018-08-13 17:10:09,2018-08-15 12:53:00,2018-08-23 12:46:29,2018-08-30 00:00:00
bafd325431534dcd8f9bbd75c67db66f,78a6f7a1d011eca1b849325f3a4c220a,delivered,2017-04-05 13:51:15,2017-04-05 14:10:13,2017-04-06 14:08:04,2017-04-19 14:48:46,2017-04-28 00:00:00
26967c9a40c842f7e0067b4ef5489082,c02e0664590e5c59486088c7676ec031,delivered,2017-10-27 14:25:35,2017-10-27 16:31:27,2017-10-27 21:51:13,2017-11-08 18:57:24,2017-11-16 00:00:00
e15504d16c775034b44d4637a745a5a5,391a099850a406987b6f3019c0d98116,delivered,2018-03-07 12:11:42,2018-03-07 12:49:42,2018-03-09 23:33:15,2018-03-17 15:22:08,2018-03-27 00:00:00
00ba57ae98928df6ba6ec9d3d8d4b1b7,8545a9b7b5b52bc607f0fe72c7dd323e,delivered,2018-07-16 22:06:13,2018-07-16 22:20:45,2018-07-19 09:11:00,2018-07-26 18:26:35,2018-08-09 00:00:00
fb612793f43e55d0df079f56c7ffb811,0b87eea12c9bc8ae36b6e4c551f4770e,delivered,2017-11-28 20:41:00,2017-11-29 02:16:49,2017-12-01 16:11:50,2017-12-27 19:58:56,2017-12-19 00:00:00
f2fdb2c26514430fe5fc50af581e9d2c,d09df6efe1d655b47865fc3efe81494b,delivered,2018-02-28 21:21:44,2018-03-03 02:51:21,2018-03-06 02:21:58,2018-03-15 15:21:09,2018-03-21 00:00:00
bfbd0f9bdef84302105ad712db648a6c,86dc2ffce2dfff336de2f386a786e574,delivered,2016-09-15 12:16:38,2016-09-15 12:16:38,2016-11-07 17:11:53,2016-11-09 07:47:38,2016-10-04 00:00:00
171706c3cdc94b7ab32ba08a0c408b21,c2586338703b7c08c56dab59d61cf3ea,delivered,2018-05-16 09:46:56,2018-05-16 10:12:32,2018-05-16 14:17:00,2018-05-21 21:20:45,2018-05-30 00:00:00
91c75b7ba1ec17918b96773bc0f8f443,41280f8f9f6be62c061b8af89ba9ef54,delivered,2017-05-05 13:35:44,2017-05-05 13:50:15,2017-05-09 11:14:03,2017-05-24 14:39:39,2017-06-01 00:00:00
e70405e60d48ff7771de55e6b39a09da,0781f7137f42f48c0121b25b06a9587a,delivered,2017-10-30 11:54:58,2017-10-30 12:10:23,2017-10-31 22:09:32,2017-11-03 21:33:26,2017-11-10 00:00:00
e0e3cde1bd7f993b460771481843727f,c30def9299a42a45fc635a77f7aa8d10,delivered,2018-04-15 13:42:02,2018-04-15 13:55:19,2018-04-16 18:46:35,2018-04-24 18:32:48,2018-05-09 00:00:00
3a33027df93ac0a949a75fae9571b2cb,70384b9ad39a6ded2fea90739122ae76,delivered,2017-11-26 17:43:38,2017-11-26 17:56:14,2017-11-27 17:26:55,2017-12-14 22:11:09,2017-12-21 00:00:00
737a52582de776db2631a7d53cb29eed,3f1dfe685c14112652c1765c32c99b95,delivered,2017-05-29 21:06:17,2017-05-31 06:55:34,2017-06-02 10:51:13,2017-06-08 13:03:33,2017-06-19 00:00:00
f222c56f035b47dfa1e069a88235d730,b74ca180d63f9ae0443e4e13a2f5bdaf,delivered,2018-01-30 09:43:45,2018-02-04 23:31:47,2018-01-31 19:48:44,2018-02-01 20:10:38,2018-02-15 00:00:00
2f4011790ff902584d5b011f0e35ff1d,0feb4570bb79ad1d9418a224faa1d93f,delivered,2018-05-03 11:14:13,2018-05-04 11:32:44,2018-05-04 12:50:00,2018-05-09 19:52:10,2018-05-25 00:00:00
5795afd080b42134859d9b925c7919ea,d1987854d71c2815f5b816a8815db271,delivered,2018-02-21 12:25:12,2018-02-22 02:28:32,2018-02-28 00:03:08,2018-03-15 14:32:36,2018-03-16 00:00:00
e894c57e9986a9c5936b17fe19400a6a,030bd1d7425888e0429cbe0b1db927c2,delivered,2018-04-28 07:56:16,2018-04-28 08:13:23,2018-04-30 13:27:00,2018-05-17 23:34:41,2018-05-29 00:00:00
21ac7b9aaf4cb4e41aa7ed2722a0c2ab,d961544083cc8837794f0fe258f812e0,delivered,2018-05-23 18:30:11,2018-05-24 18:38:42,2018-05-28 13:08:00,2018-06-06 19:04:50,2018-06-29 00:00:00
f4b984332e7956371b352bb4edae2cac,2e7e3945a863350a4eec25b95bb8ef12,delivered,2017-08-07 10:25:15,2017-08-07 10:35:22,2017-08-07 19:05:10,2017-08-08 21:17:14,2017-08-22 00:00:00
8e337e3b4df76fa95a5e03ba9675cb56,174ba94e0f87a7589153a6222062dd21,delivered,2017-05-12 22:26:54,2017-05-12 22:35:14,2017-05-16 16:02:19,2017-05-22 08:52:19,2017-05-31 00:00:00
61fa8d2ee24cc80feecf24ec94c68e8f,3aa2c129bd23bcce61a0683c4460860b,delivered,2017-04-24 14:05:45,2017-04-26 09:36:19,2017-05-09 10:26:22,2017-05-15 07:59:38,2017-05-26 00:00:00
f7a1e468985217906faa7ad93b8a3f38,d4d6670e1258513bd852a41914b4f1f4,delivered,2017-12-04 12:59:29,2017-12-06 02:50:09,2017-12-07 23:53:08,2018-01-03 21:23:33,2018-01-09 00:00:00
032e68585bbc07ebb038769737b9410f,5a31a9de95459eb5b6930f540a1b368c,delivered,2017-06-09 17:27:45,2017-06-09 17:42:43,2017-06-12 13:52:14,2017-06-26 17:36:36,2017-07-10 00:00:00
5d1e025052895991d3f50688be8f626e,c16c09ea771d1b0231309f1320ebb264,delivered,2018-01-28 11:07:48,2018-01-28 11:20:11,2018-01-29 19:52:58,2018-03-14 19:19:29,2018-03-08 00:00:00
256d312e964585fcdb955a8e8edb7081,22dd57dda1a7124a255bec1538c5668e,delivered,2018-03-24 10:29:26,2018-03-24 11:48:17,2018-03-26 22:16:50,2018-03-28 00:12:22,2018-04-06 00:00:00
d523e3017b5b43a3ce38bfc92347c050,d21097b4b1d179c559666ecf79db44b4,delivered,2017-11-18 17:01:33,2017-11-18 17:15:20,2017-11-22 22:03:05,2017-11-24 21:32:53,2017-12-01 00:00:00
e243d2b9a888be9451926d6053edf2a6,1d044059d25414bea1765816c0f673b7,delivered,2018-05-31 20:32:18,2018-05-31 20:50:09,2018-06-01 09:58:00,2018-06-13 22:21:54,2018-07-05 00:00:00
ef4e154fd9b51d276fad7ed482b97e58,66ecae67a2a9deb541bb0de3d2c48927,delivered,2017-10-21 16:31:37,2017-10-21 16:49:12,2017-10-24 19:59:19,2017-11-02 17:16:14,2017-11-10 00:00:00
019543c0de8386be97738b589ee695aa,ee78e2394f33a3bf7e81e1ba6192863e,delivered,2018-05-27 17:10:25,2018-05-27 17:34:47,2018-05-28 14:30:00,2018-05-29 19:27:25,2018-06-20 00:00:00
e9ce52cd563d0124dced659e69eab10a,9a80c8377644236e27f59e83862f1ae2,delivered,2017-07-10 12:23:05,2017-07-12 02:10:59,2017-07-13 18:35:37,2017-07-17 17:03:47,2017-07-28 00:00:00
b33710c706a29d2ee76bc234d77edd84,cc639a99681c70b66a0fd990f76c8dc1,delivered,2018-06-16 19:31:46,2018-06-16 19:58:20,2018-06-19 10:14:00,2018-06-25 21:42:26,2018-07-19 00:00:00
07083f97580544bb7ba3372759150f49,181726b449c55cd7f8338b5d4609c2dc,delivered,2018-03-27 16:11:29,2018-03-27 16:29:14,2018-03-29 02:18:37,2018-04-04 23:12:26,2018-04-25 00:00:00
0849eaf857ddbba0d7a97887503f9795,80397076b6d12ded0a040352d6acc5d1,delivered,2017-12-01 11:50:46,2017-12-01 12:31:33,2017-12-04 21:23:00,2017-12-17 15:16:54,2017-12-28 00:00:00
1f0caeab2e84048dd8f4d149904c0d8f,276be2a63cf33e04a5ec94c088414f93,delivered,2018-06-14 20:32:29,2018-06-14 20:56:20,2018-06-18 14:18:00,2018-07-06 13:36:45,2018-06-26 00:00:00
a3e866227b2e2569279dc36cbab3944b,0c292ba8f76828610bd7c666ffed392b,delivered,2018-01-29 00:39:25,2018-01-29 00:49:05,2018-01-30 14:57:16,2018-02-03 13:49:46,2018-02-20 00:00:00
736813b41544d3ca0ed5d508802f4ca1,b4f165c52bae5d2d45193cd87801929f,shipped,2017-09-15 09:05:41,2017-09-15 09:15:13,2017-09-20 20:41:38,,2017-10-05 00:00:00
88495a304ffc01e1af6d23769628f3b0,f5d424d732a0df26a3f0e85276ce7664,delivered,2017-04-16 20:08:33,2017-04-16 20:21:37,2017-04-18 10:18:27,2017-05-08 09:43:45,2017-05-22 00:00:00
a49b30472ac98d5d5e1889d3ce2974b1,20a828350fefc33a447a56d221c69535,delivered,2017-11-25 15:05:34,2017-11-25 15:14:32,2017-11-28 23:09:15,2017-11-29 20:15:38,2017-12-11 00:00:00
479ca7b6834ffb05666e813c9c0dddf8,7736f29fbade4b21885578b5030282dc,delivered,2018-05-21 11:15:00,2018-05-23 14:14:39,2018-06-01 14:04:00,2018-06-15 00:49:38,2018-06-06 00:00:00
20415fe2d2bbc0e8cd136855c2d3f149,20eda7fbcb57c4fc74b34177112e0ba3,delivered,2018-06-07 17:42:46,2018-06-07 17:59:06,2018-06-08 15:09:00,2018-06-11 22:35:37,2018-06-25 00:00:00
193f0a2e7d76b4a6b080379a0fa83391,8821ed2641ed1a27d5d7e5ae0c6b7ce5,delivered,2018-04-03 09:47:44,2018-04-03 10:28:52,2018-04-04 19:08:48,2018-04-11 20:41:22,2018-04-26 00:00:00
84f72613dabd8b11141ae6e2710c413c,c5ad72b2f05ae78bf8e25ff9865d6e2f,delivered,2017-03-06 07:36:04,2017-03-06 07:50:10,2017-03-08 14:23:58,2017-03-10 10:23:37,2017-03-23 00:00:00
4cae8f063630ed7e8cac158618f1c83b,9de4d816d8f902680ce581950b0a7eb7,delivered,2018-01-09 21:34:31,2018-01-10 10:32:24,2018-01-13 02:42:05,2018-01-17 23:21:15,2018-02-01 00:00:00
f037c28c7c878c3d1df3485872d3b63b,cdbf70a172e0b24ed5c246c3574f9b16,delivered,2018-06-28 13:42:07,2018-06-30 02:52:17,2018-07-02 14:34:00,2018-07-06 16:34:25,2018-07-25 00:00:00
c41deac864c11ed028c447061d233e3b,9d3ca2bdaa191d1909163cfc7d660a9d,delivered,2017-10-08 16:09:30,2017-10-08 16:25:58,2017-10-09 14:57:01,2017-10-14 15:10:20,2017-11-14 00:00:00
71c1a607d67393d01bef51c097368feb,ee62ccc1b368643dc5205c67379c52fc,delivered,2018-01-30 09:56:48,2018-01-30 10:14:51,2018-02-01 00:24:54,2018-02-06 16:07:19,2018-02-21 00:00:00
793d6cba27a505c143022119b8f313f8,2b51fc9067066cd728116c01796db41f,delivered,2017-07-13 11:44:22,2017-07-15 03:34:40,2017-07-18 13:42:23,2017-07-26 19:09:34,2017-08-07 00:00:00
4a15263dd8da51ee9b6c6ed9fa843ee9,c3944031f7a763edadfa03361c9aa06d,delivered,2018-05-16 23:19:51,2018-05-17 00:34:02,2018-05-22 17:15:00,2018-06-18 16:36:52,2018-06-07 00:00:00
e010818e0f8eab0076d80f8699a22aa6,cb99d5f1c5278ded64a20fc48b03fd20,delivered,2018-05-22 23:00:44,2018-05-24 02:34:29,2018-05-24 14:09:00,2018-06-04 14:56:34,2018-06-07 00:00:00
f3d418a0887dbfd5bd41c788c87ac28b,1fabee44ed07815c74f684fe4826c686,delivered,2017-12-10 16:46:22,2017-12-12 03:36:30,2017-12-13 20:41:52,2018-01-02 19:43:30,2018-01-12 00:00:00
a8305d2dfd60042d6000b3de3bc533a3,896ca8dffa927becb8dca9eabff5ff84,delivered,2017-01-26 23:48:56,2017-01-27 01:05:27,2017-01-30 16:54:34,2017-02-01 15:28:03,2017-03-06 00:00:00
a5c681209e1bcb90066e530c285ce2c5,2d3475236fe57f9f651be1b918bcde00,delivered,2017-12-15 20:42:07,2017-12-15 20:51:36,2017-12-18 19:37:17,2017-12-20 22:46:17,2018-01-04 00:00:00
9b18393baecb1432441d81ce51e14fbf,88f690acd6593f15dcca7a39473c930f,delivered,2018-07-23 15:18:01,2018-07-23 16:20:18,2018-07-25 15:27:00,2018-07-31 17:26:37,2018-08-17 00:00:00
502fcc6b96f393f4aba791d5ba89b409,6ace2360ea84b10f876d79d001766346,delivered,2017-10-04 16:40:00,2017-10-05 16:49:17,2017-10-06 19:34:00,2017-10-13 20:33:23,2017-11-03 00:00:00
3cf387bb14e9db171ccbb9b87ea607bb,0b240c246a1a3eceb71f40a707cc23c9,delivered,2018-02-27 10:55:42,2018-02-27 11:09:53,2018-03-12 18:18:29,2018-03-19 19:44:44,2018-03-23 00:00:00
82e4be23c247d0fe56f0fb757a26ccd4,48a5aad743589b82d3c338f578e649a8,delivered,2018-07-06 12:10:05,2018-07-06 12:32:29,2018-07-10 13:06:00,2018-07-13 14:36:54,2018-07-25 00:00:00
5598657697983e852a752bb7c10f4d01,fb866358cc889170eb31f05f257e16e4,delivered,2018-04-01 13:28:46,2018-04-01 13:35:24,2018-04-03 19:44:26,2018-04-19 20:22:06,2018-04-19 00:00:00
02014f2495eef0e869616829d481d743,f0d62fcceaafaea74a143d7fce54f1f4,delivered,2018-08-22 10:53:16,2018-08-22 11:05:25,2018-08-22 14:44:00,2018-08-27 18:02:08,2018-09-04 00:00:00
2ee460773e708be4e0208745a3864b8c,3bd12f7c1ad3a3908905785e43de8603,shipped,2017-06-22 22:34:26,2017-06-22 22:50:09,2017-06-28 15:17:48,,2017-08-07 00:00:00
de2bff9e29299dc921f2e276c8408400,b9025d9e21715cc1eac81b2e40ee94d9,delivered,2018-04-02 22:30:35,2018-04-03 08:09:01,2018-04-03 18:25:54,2018-04-04 20:03:43,2018-04-12 00:00:00
3e8c191415aece16ba1ac896f535b484,02e863ab696665672ed67992fd04cf14,shipped,2018-04-13 16:27:31,2018-04-13 16:55:34,2018-04-17 00:48:46,,2018-05-02 00:00:00
7013bcfc1c97fe719a7b5e05e61c12db,2941af76d38100e0f8740a374f1a5dc3,delivered,2017-02-18 13:29:47,,2017-02-22 16:25:25,2017-03-01 08:07:38,2017-03-17 00:00:00
506537a590a8f111389ca1f2a4963847,57e761e5abb85226f648d44620795d9c,delivered,2017-03-08 15:42:23,2017-03-08 15:42:23,2017-03-09 15:29:47,2017-03-13 07:57:35,2017-04-03 00:00:00
3f927a0036358d9522078e7e3007cfe4,106019032c892c9f50d957f3aabd895e,delivered,2018-03-19 14:43:10,2018-03-19 14:55:42,2018-03-20 00:14:32,2018-03-20 17:13:05,2018-03-29 00:00:00
ec3d63b91b19bedcbe453ea0df14dd50,379792aa619482a6545bd1db3905ab2b,delivered,2018-05-20 10:33:47,2018-05-20 10:58:35,2018-05-22 06:21:00,2018-05-24 00:35:33,2018-06-04 00:00:00
542b5e9b74a189f238b8ddb6f4805667,7cf1f487ababcba38a7a9e4068840c9e,delivered,2018-07-09 17:18:05,2018-07-09 17:25:12,2018-07-11 15:55:00,2018-07-24 22:10:41,2018-08-07 00:00:00
4194efa7ec651ea7442c7f01988877bd,553401fd74b3b623533d44c214a46431,delivered,2018-06-18 22:47:46,2018-06-18 22:56:23,2018-06-22 14:18:00,2018-06-27 16:21:33,2018-07-17 00:00:00
793edc24e4e9b6c0fbb5b63b1c07910b,73e8189e7bd89b797c89b1dec2fc8f7c,delivered,2018-07-24 16:13:58,2018-07-24 16:44:12,2018-07-25 15:34:00,2018-07-30 20:48:57,2018-08-07 00:00:00
309f3a08287b7191569a15914e64c3d2,d5feb26fb82922d91ca38c1ebd732861,delivered,2017-12-18 20:22:58,2017-12-20 06:59:39,2017-12-21 01:52:49,2018-01-10 18:08:51,2018-01-12 00:00:00
fe64eabd5c2ee60296c45eba2835b9ef,9c92464b07b65abf271a90a21896bb92,delivered,2018-07-17 01:56:39,2018-07-17 02:10:07,2018-07-18 14:02:00,2018-07-26 13:28:53,2018-08-06 00:00:00
d7b00090ed4c28c03afc316bc0a2ec17,421b26251df460215626e527be273792,delivered,2018-04-16 18:51:24,2018-04-17 05:50:39,2018-04-18 19:56:34,2018-04-20 20:41:31,2018-05-09 00:00:00
146344c554458a6d7e2f92948e52e8b8,83544d0319d25a8e7c587c7116a19907,delivered,2017-11-27 20:41:33,2017-11-27 21:00:38,2017-11-28 21:58:30,2017-11-29 18:28:39,2017-12-11 00:00:00
f538ab1833873a6a10bf9e563867c4cc,0bd0b101f44fe42c7046dbfdc9d22376,delivered,2018-06-25 10:43:42,2018-06-25 10:55:30,2018-06-25 13:13:00,2018-06-26 11:18:36,2018-07-05 00:00:00
a3475ffe00b0ffdf1951a56d5a6b8102,40eb5f82c09d34902b3f2425898b93cf,delivered,2018-01-06 17:50:14,2018-01-09 16:30:06,2018-01-10 20:18:24,2018-01-29 15:19:11,2018-02-08 00:00:00
b079c98bfa00c43a0fa13df10b7d9d2f,17887d2c567172820aea8be8d25f34d7,delivered,2018-03-18 23:01:48,2018-03-19 07:08:08,2018-03-19 19:24:49,2018-04-06 18:58:33,2018-04-11 00:00:00
2d57b1f21a3ec32c23b4d6e95870e4a7,b83ef9a2dc0cb8e6ab7c8db9d3ebce24,delivered,2017-11-28 01:20:00,2017-11-30 07:55:19,2017-12-11 16:48:22,2017-12-22 19:09:13,2017-12-21 00:00:00
1958dfc7a44c7967a1f5339f67db8fe3,8dc42110e8149a83283cb1ade4b2eca5,delivered,2018-01-10 12:57:06,2018-01-10 13:09:24,2018-01-10 20:48:37,2018-01-13 17:26:51,2018-02-01 00:00:00
0733aab1e972ab531705cf45a1e77281,5ca683b344929c41668368dcf9d5b168,delivered,2018-04-27 13:55:56,2018-04-27 14:10:22,2018-04-27 16:30:00,2018-05-03 14:11:18,2018-05-17 00:00:00
dda427569144edf4a458f8fed9d5ca4a,f3e2d62c0fa412bfb895c3ce908a13c0,delivered,2017-09-05 13:26:50,2017-09-06 02:50:33,2017-09-06 16:46:51,2017-09-18 17:23:51,2017-10-04 00:00:00
166e8da2582560e757c1c41e4a4148c7,221624054ca47ae560a9af1059268c30,delivered,2017-09-19 22:16:32,2017-09-20 01:38:17,2017-09-20 21:27:55,2017-09-27 17:43:27,2017-10-10 00:00:00
e7a1c10937aa6080039693c6dd27387d,19700fca64117217cfc9b77a8ac62029,delivered,2017-10-11 09:17:19,2017-10-11 09:28:17,2017-10-16 19:46:52,2017-10-19 21:12:54,2017-10-30 00:00:00
132f922490ba371efd891cf7f81648e1,866a094bef59e8319d5b5d363ceb48c4,delivered,2017-08-04 19:07:49,2017-08-05 11:23:15,2017-08-07 20:19:25,2017-08-24 21:37:28,2017-09-01 00:00:00
5d36e8ca3ccd1262b7641467fdba0b8e,3b2b96751131c948164edc5d21d27abb,delivered,2017-01-27 12:10:46,2017-01-27 12:31:29,2017-01-30 10:26:15,2017-02-08 18:42:20,2017-03-20 00:00:00
9950e10864fad6c02ade4829884ebd39,ceb4667fc3851809ade8a13953032538,delivered,2017-11-25 00:50:58,2017-11-25 03:17:23,2017-11-30 00:02:58,2017-12-12 18:52:52,2017-12-18 00:00:00
