order_id,order_item_id,product_id,seller_id,shipping_limit_date,price,freight_value
00324b3eda39ba5ecce3945823e3594c,1,54e5063e43f27f747d592eb24e913150,0dd184061fb0eaa7ca37932c68ab91c5,2018-04-17 09:12:11,76.00,34.07
00ba57ae98928df6ba6ec9d3d8d4b1b7,1,69455f41626a745aea9ee9164cb9eafd,bce6a5ecf98e99fd2a8868b15c51f04b,2018-07-25 22:20:45,130.00,19.01
019543c0de8386be97738b589ee695aa,1,71f2ce4ae5dfdd3b55a51c7a2d3c4da8,72c5da29406b4234927b81855e7b64f6,2018-06-04 17:30:36,579.99,16.96
01ba495d945c6a1c5b198bbad63e61c6,1,f2e53dd1670f3c376518263b3f71424d,4a3ca9315b744ce9f8e9374361493884,2018-02-06 14:01:52,109.90,25.61
02014f2495eef0e869616829d481d743,1,43cc8e4d981bc04b9d78b12e8a908d41,6061155addc1e54b4cfb51c1c2a32ad8,2018-08-24 11:05:25,1240.00,102.63
0241b276e1e2b1d6873473c44240b426,1,e53e557d5a159f5aa2c5e995dfdf244b,0b90b6df587eb83608a64ea8b390cf07,2018-03-05 10:31:27,84.00,17.03
024a74550cdbd36c0fe3955fc9e2bcf0,1,5348b1bdd951b67a4d2a58992e2233ed,ea8482cd71df3c1969d7b9473ff13abc,2018-08-13 08:50:19,27.99,7.46
032e68585bbc07ebb038769737b9410f,1,03c14a3d479e334e87ee5baf2563811d,eeb6de78f79159600292e314a77cbd18,2017-06-15 17:42:43,779.00,33.85
0487b902149eab8ec30e844142ee3e3a,1,f582884ed8bb76a4b6317b8c9e966d98,994f04b3718c2bab35c2adfa8afecd2a,2017-11-20 18:30:32,94.90,13.22
05ddf4cc62efcc6f34b8c693eaa2db01,1,24c9d329963373e2fccaa3f3204db19e,7299e27ed73d2ad986de7f7c77d919fa,2018-07-06 10:31:18,69.99,18.59
062fb51d4257a8a7ef0bb5df1becde54,1,3470ec574925a96bb8480140fddb1050,76d5af76d0271110f9af36c92573f765,2018-01-18 13:28:40,21.90,15.10
06daa9224cad114ece451ff00c20d49f,1,73326828aa5efe1ba096223de496f596,d13e50eaa47b4cbe9eb81465865d8cfc,2018-08-22 12:30:15,80.90,8.73
07083f97580544bb7ba3372759150f49,1,d2f1cd931c7b76fefa93547cc1b4881b,f7720c4fa8e3aba4546301ab80ea1f1b,2018-04-02 16:29:14,18.75,17.06
0733aab1e972ab531705cf45a1e77281,1,af6ab2d196af959df0ce35fc5ea50278,aac29b1b99776be73c3049939652091d,2018-05-04 14:10:22,61.90,14.51
07460d5693ce1f6577ebd04b4ad091eb,1,461f43be3bdf8844e65b62d9ac2c7a5a,4869f7a5dfa277a7dca6462dcf3b52b2,2017-10-03 08:32:21,159.90,12.62
0849eaf857ddbba0d7a97887503f9795,1,bdb4be6ce2f7f2b5be0a16088028c7fc,955fee9216a65b617aa5c0531780ce60,2017-12-08 12:12:40,85.00,21.43
09bfed54145e573d48e1685dcf11fb6c,1,99f5b2240b82bf9387e5cf2fc0335b08,0b90b6df587eb83608a64ea8b390cf07,2018-04-27 05:50:51,95.00,22.38
09e90e3936db197d43b9bde1291c307d,1,e4c7ed7a832858c17d60ad5e38b00aba,d2374cbcbb3ca4ab1086534108cc3ab7,2018-08-09 02:43:57,72.90,14.09
0ab82628350881eff00a09a3a0c73970,1,658fc236815a88341f858edcdb0ec78a,0ed6ce5d87fd9c69eaacaeb778d67235,2018-03-01 09:29:36,72.90,16.76
0b3c0b254cd889f96d5426417aa548cd,1,9bf39940ea9c92c0036e06c6cd577cbd,218d46b86c1881d022bce9c68a7d4b15,2017-10-25 16:49:25,200.00,21.89
0bdfd876931ec6df01297b40e9672c12,1,e2033444b9e15775ad3817491401084e,0aea4c6ae1505b3228ddf3dd7822ee5b,2017-11-20 10:10:38,278.98,16.70
0c51264bdcbe5893081232bba640dba0,1,c7fd13b5e515bffdab855d0812842edb,1025f0e2d44d7041d6cf58b6550e0bfa,2017-09-15 14:10:13,78.00,16.31
0d2676e37c740455a4f662cb7a88e6f1,1,660cde3831902f7c7054cda45716d948,7e93a43ef30c4f03f38b393420bc753a,2017-05-11 21:55:07,579.75,21.34
0d6350e1fa2acb1318e3a53d52333e25,1,4520766ec412348b8d4caa5e8a18c464,16090f2ca825584b5a147ab24aa30c86,2018-07-23 22:15:14,27.49,18.29
0d71b869b9be4491cbc466910f186bd4,1,85d619318aa201aca57171aabeed0048,7b07b3c7487f0ea825fc6df75abd658b,2017-06-25 23:43:00,14.00,7.78
0d760576500ea8611379a97ddcebf3db,1,99a4788cb24856965c36a24e339b6058,4a3ca9315b744ce9f8e9374361493884,2017-09-25 03:37:38,89.90,16.26
0d9e86e02c1a823b20c03ea29d616607,1,f93213a23c50edc16c27b96333f734dc,46dc3b2cc0980fb8ec44634e21d2718e,2017-10-19 11:49:48,269.99,19.46
0ea9a0ba0b616d087150d5db5f31fc6e,1,a92930c327948861c015c919a0bcb4a8,6560211a19b47992c3666cc44a7e94c0,2018-04-24 22:31:11,78.00,18.43
0f1e7409f75f39dd6de647d802dd1094,1,7f4e034245e45549110139d1de248f83,4b9750c8ad28220fe6702d4ecb7c898f,2018-04-09 00:50:19,48.90,9.26
0f1fc45267bd2edfbaa6af5e47dbd0d8,1,422879e10f46682990de24d770e7f83d,1f50f920176fa81dab994f9023523100,2017-11-30 14:55:37,49.00,13.41
10482cea058f80e06b62b933eba72928,1,a00d11a2119bd70d658fc7cdcf1f59d3,79ebd9a61bac3eaf882805ed4ecfa12a,2018-03-07 15:30:57,99.90,16.46
10e133f423bb02952878401b944fa13f,1,97df437aeb3472b9d42b4c2e9a9d88f6,0ad80de75c811326389cfb1daba7d45e,2017-11-21 14:35:33,309.90,13.62
1137c5577a907523cb35ea043a976835,1,f4f67ccaece962d013a4e1d7dc3a61f7,8581055ce74af1daba164fdbd55a40de,2018-02-01 14:00:13,229.04,19.32
12f0d35d150a1645900980264e766cc6,1,a779813bc20484d25e7dddbacab940a7,a416b6a846a11724393025641d4edd5e,2018-07-09 20:31:46,99.00,16.88
132f922490ba371efd891cf7f81648e1,1,2621700be84cca4a1797b54785f43b1b,0c8380b62e38e8a1e6adbeba7eb9688c,2017-08-10 11:23:15,106.50,19.99
1343e1f31a0f108d5102319b6624021b,1,1e618d311a1b7f88a9d96ec50aa85582,d94a40fd42351c259927028d163af842,2018-01-31 15:20:29,129.00,38.04
136d768d679a4fc7902e10fc81af17fc,1,cea3e34396621bb2677f5969c11316bc,21c62b998a043ebe31161d38f84929fc,2018-08-14 22:35:18,170.00,21.14
1397417a57ad1bbfe8d639df8cdee908,1,01cf7c4cffff8db0a1cbe612bd2d50a4,f7720c4fa8e3aba4546301ab80ea1f1b,2018-07-05 18:31:03,17.75,35.09
1397417a57ad1bbfe8d639df8cdee908,2,53b36df67ebb7c41585e8d54d6772e08,7d13fca15225358621be4086e1eb0964,2018-07-06 18:31:03,119.00,2.11
146344c554458a6d7e2f92948e52e8b8,1,451f60a1af05c5bef8d9e93fe847f6bc,0bae85eb84b9fb3bd773911e89288d54,2017-12-01 21:00:38,27.50,9.94
14adaa967c795bb74d70ae4eafad8d3c,1,c2d1e60e4deda24940c8039c99f08bbf,7178f9f4dd81dcef02f62acdf8151e01,2017-11-21 02:35:55,39.90,15.10
14af65d7109058f32b35ed10a594cfc0,1,19c91ef95d509ea33eda93495c4d3481,06a2c3af7b3aee5d69171b0e14f0ee87,2018-04-30 16:32:12,114.99,29.83
1523268cac9326ce1a5fbac7f88a6f20,1,7aa53bb43cb5b12d70be2a69d1e3c364,a3f0b55de503387383c7b1de3ad7f678,2018-02-22 01:07:50,198.90,19.01
153fb90c16a95a3c0ea6cc48a1a4069c,1,ed355705438d608579451a9b3a230f1b,82e0a475a88cc9595229d8029273f045,2017-11-21 09:26:57,109.78,16.53
166e8da2582560e757c1c41e4a4148c7,1,caa41bf17e27022341da028e79152c4c,f84a00e60c73a49e7e851c9bdca3a5bb,2017-09-26 01:38:17,46.40,15.79
171706c3cdc94b7ab32ba08a0c408b21,1,d34ec3c23c142291062f958688a1b41c,dbc22125167c298ef99da25668e1011f,2018-05-18 10:12:32,54.54,15.23
17279938859725061b927842cc521d9d,1,53759a2ecddad2bb87a079a1f1519f73,1f50f920176fa81dab994f9023523100,2017-11-30 02:16:46,49.00,17.67
17279938859725061b927842cc521d9d,2,389d119b48cf3043d311335e499d9c6b,1f50f920176fa81dab994f9023523100,2017-11-30 02:16:46,49.00,17.67
17ad13a5069275b16fe6b68460d1545b,1,06edb72f1e0c64b14c5b79353f7abea3,391fc6631aebcf3004804e51b40bcf1e,2018-02-27 12:35:32,39.99,15.10
18259cce830d6f0f67331bafa6cbe93d,1,562970ce0462981e1699d50878a10450,0bae85eb84b9fb3bd773911e89288d54,2018-04-20 20:15:26,49.99,19.32
1882b3d31fb4a660930adb0ba04e8680,1,c72edc98e7d77f0c4c04ec80730c05f5,5b925e1d006e9476d738aa200751b73b,2018-02-14 19:09:55,65.00,17.70
193f0a2e7d76b4a6b080379a0fa83391,1,87c9f9f88ecd5b9de26a0a61e06e1d67,9b013e03b2ab786505a1d3b5c0756754,2018-04-09 10:28:52,23.49,18.23
1958dfc7a44c7967a1f5339f67db8fe3,1,8eb7b31149dc92903e213c9896443440,aac29b1b99776be73c3049939652091d,2018-01-16 13:09:24,24.90,15.10
1ad631eef80afb67f53ed0b9083846e7,1,99342b88d6faf8f67c940d2269922f7c,7c67e1448b00f6e969d365cea6b010ab,2018-08-08 02:50:08,139.99,57.46
1c17925c49f9d7785ecc1febf7f30363,1,a4bc24bcb44abb54f2f6214991dcdab0,8e6cc767478edae941d9bd9eb778d77a,2017-03-21 15:06:40,59.90,18.70
1cfce7466cb5b7c473426907c2cb148f,1,a5647c44af977b148e0a3a4751a09e2e,7c67e1448b00f6e969d365cea6b010ab,2017-12-13 04:50:22,149.94,49.58
1cfce7466cb5b7c473426907c2cb148f,2,a5647c44af977b148e0a3a4751a09e2e,7c67e1448b00f6e969d365cea6b010ab,2017-12-13 04:50:22,149.94,49.58
1cfce7466cb5b7c473426907c2cb148f,3,a5647c44af977b148e0a3a4751a09e2e,7c67e1448b00f6e969d365cea6b010ab,2017-12-13 04:50:22,149.94,49.58
1d549356573aec2c60e329901bdba77e,1,983a67406e3e74f6b7b27168cf61d6d8,cd68562d3f44870c08922d380acae552,2017-10-18 23:28:16,239.00,35.47
1ee34237b5f6da17a68b98f9f27e4a4c,1,4298b7e67dc399c200662b569563a2b2,88460e8ebdecbfecb5f9601833981930,2018-08-06 11:30:18,119.50,22.77
1f0c014f0e64850a2020368551656dba,1,27fdfad2c6a8f91606eb41ea396785c6,8b321bb669392f5163d04c59e235e066,2018-02-28 19:15:32,13.20,14.10
1f0caeab2e84048dd8f4d149904c0d8f,1,0b2ffdc19b87d97231a1bbd7bb979013,fa1c13f2614d7b5c4749cbc52fecda94,2018-06-18 20:56:20,218.90,8.79
1f4010e63b5ac13defa48305766a912a,1,3625fbaf8284047185fb0351f2f84ae3,ef990a83bbea832f36ebe81376335aa8,2018-01-25 09:19:19,169.90,21.59
20415fe2d2bbc0e8cd136855c2d3f149,1,c319f453652bff80bc8f9f71d87e56c1,f680f85bee2d253556ac91be391d2c82,2018-06-15 17:59:06,34.99,8.29
204618d5b8734931d5988bf6c4827e48,1,d31bf2a9527a3b785e229da07cbb86af,0be8ff43f22e456b4e0371b2245e4d01,2018-03-07 15:30:57,49.90,34.15
205d5db88d0a8b3736d1afa2f6a329c5,1,d97cfa719a6198d4a66453e0c6ed596c,e5a3438891c0bfdb9394643f95273d8e,2017-06-05 05:05:12,73.90,15.27
206dc2e3ed3121cb9271e8922d9650b3,1,566d15b940c0d5e7a0a37c82b8ce353f,de23c3b98a88888289c6f5cc1209054a,2018-04-11 02:10:42,89.00,16.59
21264ae81b0f6ee6e1d2664ee10c51fc,1,88821a8093b316b2679fd44c828a31c2,38102b031c2a15e54623d711bfc753d3,2018-02-20 09:47:49,30.00,31.64
21264ae81b0f6ee6e1d2664ee10c51fc,2,04f982a576e5d149919df37e292fa79e,b39d7fe263ef469605dbb32608aee0af,2018-02-20 09:47:49,109.90,56.70
2180c97a87cb56e53fff589f28985825,1,c62b9187381d86ae031b0bac9ead4b3d,1025f0e2d44d7041d6cf58b6550e0bfa,2018-01-26 09:32:59,359.70,17.27
21938ab3a8cc42a797d428700bcf04ee,1,7c898e0b8ea203dd94ba846627fc34d1,7c67e1448b00f6e969d365cea6b010ab,2018-02-05 14:00:17,159.94,40.39
21ac7b9aaf4cb4e41aa7ed2722a0c2ab,1,de37ff8068c8e7b1164a19f0f4d05619,213b25e6f54661939f11710a6fddb871,2018-06-01 18:31:35,39.90,31.42
21ac7b9aaf4cb4e41aa7ed2722a0c2ab,2,f879fadd73c7b81f0b278dacc880cf08,081acf3de680d554796c9cf041be7bc2,2018-05-30 18:31:35,599.90,15.71
21ac7b9aaf4cb4e41aa7ed2722a0c2ab,3,de37ff8068c8e7b1164a19f0f4d05619,213b25e6f54661939f11710a6fddb871,2018-06-01 18:31:35,39.90,31.42
222078339afa2788819420928e8b859c,1,c71cb8cbef2337bd69b95a02e4e682d4,0ea22c1cfbdc755f86b9b54b39c16043,2017-07-26 02:25:47,39.90,15.10
222e2e919b398d9f76f574166e305c62,1,f3bbbaabf3ce091b88d2511c1a29796c,aac29b1b99776be73c3049939652091d,2017-11-10 17:10:36,25.90,35.67
23169ab372b70385fcc9668d29aad84a,1,c689470c5a069795896edc7b896d9251,0c8380b62e38e8a1e6adbeba7eb9688c,2017-04-03 17:50:10,49.90,17.09
232b75e8b6faa6ca2063184414e634a7,1,952670bc019a73f0933157ec82ff6e4f,37be5a7c751166fbc5f8ccba4119e043,2017-10-04 03:35:03,159.00,21.95
23dd9b9b8eb4352e2905bf46a41e5ad2,1,68c923fddf7f83316b53252eaf830724,7a67c85e85bb2ce8582c35f2203ad736,2017-05-15 08:35:16,69.99,11.73
23e9f8ff4531eef8fbeb21efcf4ca260,1,0a57f7d2c983bcf8188589a5fea4a8da,4869f7a5dfa277a7dca6462dcf3b52b2,2017-12-18 12:54:52,127.90,16.53
248deb3ef512379585029c544c063a3b,1,ef0c5d08ef672e2e8beffeac308625b2,a3e9a2c700480d9bb01fba070ba80a0e,2017-07-20 02:30:19,72.00,23.37
252b5c3120af058fdc9eb73b14e4b97d,1,2267f81f3634e3fdd5d27151ddad3c26,f181738b150df1f37cb0bd72e705b193,2018-05-16 11:14:36,219.00,35.95
256d312e964585fcdb955a8e8edb7081,1,76d1a1a9d21ab677a61c3ae34b1b352f,c826c40d7b19f62a09e2d7c5e7295ee2,2018-03-29 11:32:06,159.77,8.88
26967c9a40c842f7e0067b4ef5489082,1,b84c4c7f1845f068f40e350865b803fa,01fdefa7697d26ad920e9e0346d4bd1b,2017-11-03 15:55:52,118.90,10.04
26967c9a40c842f7e0067b4ef5489082,2,b84c4c7f1845f068f40e350865b803fa,01fdefa7697d26ad920e9e0346d4bd1b,2017-11-03 15:55:52,118.90,10.04
271c268d4d21a60bfad6ddb92be3ba3b,1,0502d1a36be75bd36b452f31c6ed264a,c826c40d7b19f62a09e2d7c5e7295ee2,2018-01-17 22:28:28,69.77,17.77
27c9a7fc93005e3344a0c1ffa6f931e2,1,dd768d259ee6054e0dadd66c8e2be0b6,1900267e848ceeba8fa32d80c1a5f5a8,2017-09-22 10:35:17,29.99,15.10
286f5f216f1c33c728468b8049169006,1,f4f4debbcfcafe6858d1e37a1f6e436e,7c67e1448b00f6e969d365cea6b010ab,2017-10-26 04:14:34,159.94,35.28
28f5b7eeb630d537533dec10991130fc,1,8d72bd9268379ba4f39affd5ac80ac39,3b15288545f8928d3e65a8f949a28291,2018-08-16 17:10:09,129.99,23.71
2b9c1a6934f2dd62cbe6df11189fb65f,1,e53e557d5a159f5aa2c5e995dfdf244b,88460e8ebdecbfecb5f9601833981930,2018-02-15 20:55:49,74.90,12.65
2bcb35eae24dc9a57f35090df6a7cb67,1,30ac6df06dc59ad72cf2f158fc2d904c,0dd184061fb0eaa7ca37932c68ab91c5,2018-03-02 10:50:48,120.00,25.68
2bfe52167cb0f38cfbbdca7154dc3da4,1,ee5329ffbe604bebcf84b2fd7792024e,916c9de0b5ad957346eeeb12f332687e,2018-07-13 12:45:14,184.00,19.39
2c115ba9e25f2b8932ec710356d9eca9,1,da86f2cc2faf840b7b86390726b88905,0747d5bb69f0586cc869d8af4c50f93e,2017-04-04 02:22:38,22.00,10.96
2c16fd106856fc1209898f20b68c943c,1,30ac6df06dc59ad72cf2f158fc2d904c,0dd184061fb0eaa7ca37932c68ab91c5,2018-01-26 13:50:55,94.00,25.50
2c49b1336713953c90ab5e1f16ce5012,1,e80d316020758033fb0247e553f8a640,8b8cfc8305aa441e4239358c9f6f2485,2018-04-18 11:10:50,820.00,46.36
2d57b1f21a3ec32c23b4d6e95870e4a7,1,5183344b5357029cfd88c7f511ed876d,7178f9f4dd81dcef02f62acdf8151e01,2017-12-11 07:55:19,1999.00,33.04
2e7afd467bd078429896367562ec0727,1,5c692818d313aa12864b48ac0c2472c2,6560211a19b47992c3666cc44a7e94c0,2018-02-22 08:50:25,29.00,17.63
2e7b6fd2d14510c3828fa09dc0b9c082,1,c5b6cb0ce3279d64025831b972bf5dee,3d871de0142ce09b7081e2b9d1733cb1,2018-01-12 19:08:08,89.00,17.87
2e931584519b7ebc7b1a445a4f7cd8f1,1,b18040a8b795afd0802abd9c3755ea64,c864036feaab8c1659f65ea4faebe1da,2017-12-11 15:21:26,149.90,25.89
2ee460773e708be4e0208745a3864b8c,1,6bda6606bb4db26fb219523d6fd40869,cab85505710c7cb9b720bceb52b01cee,2017-06-28 22:50:09,59.90,21.22
2efe3d3b0ddc295d2ce1c43f021078cb,1,643d903164c4b6ba8bd0b68348e9d135,bbad7e518d7af88a0897397ffdca1979,2018-08-06 17:05:12,8.88,8.29
2efe3d3b0ddc295d2ce1c43f021078cb,2,643d903164c4b6ba8bd0b68348e9d135,bbad7e518d7af88a0897397ffdca1979,2018-08-06 17:05:12,8.88,8.29
2efe3d3b0ddc295d2ce1c43f021078cb,3,643d903164c4b6ba8bd0b68348e9d135,bbad7e518d7af88a0897397ffdca1979,2018-08-06 17:05:12,8.88,8.29
2efe3d3b0ddc295d2ce1c43f021078cb,4,643d903164c4b6ba8bd0b68348e9d135,bbad7e518d7af88a0897397ffdca1979,2018-08-06 17:05:12,8.88,8.29
2efe3d3b0ddc295d2ce1c43f021078cb,5,643d903164c4b6ba8bd0b68348e9d135,bbad7e518d7af88a0897397ffdca1979,2018-08-06 17:05:12,8.88,8.29
2efe3d3b0ddc295d2ce1c43f021078cb,6,643d903164c4b6ba8bd0b68348e9d135,bbad7e518d7af88a0897397ffdca1979,2018-08-06 17:05:12,8.88,8.29
2f4011790ff902584d5b011f0e35ff1d,1,7329db39e452f3fa1b4f8285055a8e36,968268a686aa05d1f529fb07dff08130,2018-05-10 11:31:19,166.60,13.61
2f610bccd0c217425cbb71bc0cdafa32,1,89b121bee266dcd25688a1ba72eefb61,2eb70248d66e0e3ef83659f71b244378,2018-05-28 20:16:17,79.90,7.42
3018cabe571cb8d2600f671021243e3e,1,703d742887bb9267f89b675608ba7aa0,640e21a7d01df7614a3b4923e990d40c,2018-06-26 02:55:23,56.10,13.97
309f3a08287b7191569a15914e64c3d2,1,57d79905de06d8897872c551bfd09358,ea8482cd71df3c1969d7b9473ff13abc,2017-12-27 06:59:39,24.99,14.10
3147d340c802cf04b463c4a5e532745d,1,5c0826f946c32406d5baa79544668b4c,f9244d45189d3a3605499abddeade7d5,2017-08-24 14:23:39,99.99,17.95
32be14d87b5440681042a2135db3e6b5,1,012dd0e1c1f14325ee35f06748329355,8090490573c6c0aa343a7231ebcb8c86,2018-07-10 23:31:22,299.08,10.25
330003e600912f03d0036088e5eadf64,1,911cfb37438b7fa9ad54535990178868,f8db351d8c4c4c22c6835c19a46f01b0,2017-05-11 02:15:16,47.90,14.52
3399c5d5b9eb49b7a4ec11d7c39a8aec,1,78efe838c04bbc568be034082200ac20,0241d4d5d36f10f80c644447315af0bd,2018-04-16 20:51:12,99.90,21.78
3418c754c6d0c412d57cca00b6ccfbe2,1,242a6abd32d7630b48ef5c0a1bf527eb,4ebdc7e6cd6102a022dadc49156d4ea8,2017-11-16 11:55:54,7.50,11.85
344711e5a1c4b5c82cf1ffa1d358ecd1,1,c10a7001e8b49dfc03817444b5f2ed81,056b4ada5bbc2c50cc7842547dda6b51,2018-06-13 12:58:05,129.99,8.85
350bbe08ad1344030593d837cc982113,1,0cd6e5162c88ac37f5d1aee2922c51cb,8a32e327fe2c1b3511609d81aaf9f042,2018-02-23 18:27:12,24.99,7.78
354f62589ab0a15eb57e820d6fcbe9b5,1,7e0dc102074f8285580c9777f79c90cf,e26901d5ab434ce92fd9b5c256820a4e,2017-04-03 21:25:19,34.90,16.05
354f62589ab0a15eb57e820d6fcbe9b5,2,7e0dc102074f8285580c9777f79c90cf,e26901d5ab434ce92fd9b5c256820a4e,2017-04-03 21:25:19,34.90,16.05
365a8708db2878154916b372f72e17ef,1,1612209b0b37fbe80e1e8e1b7d19ca1d,87142160b41353c4e5fca2360caf6f92,2017-05-12 02:15:56,99.00,24.89
367d9f6d184cf1d060d92bdc71810d2e,1,0e632ab9f5b05a2703871a8f27e4e1a7,612170e34b97004b3ba37eae81836b4c,2018-08-03 11:30:18,496.90,36.86
36b3e868e7c59377f81266ad905cbdb5,1,5a6e53c3b4e8684b13388d6aa4afdf12,7299e27ed73d2ad986de7f7c77d919fa,2017-06-29 02:30:09,16.99,16.79
36e138bc060bf5e8b34ff5a25cdef48c,1,301b4cdcb73666033d7c96fcb1fc758d,ce27a3cc3c8cc1ea79d11e561e9bebb6,2017-04-13 05:55:27,152.99,25.07
36e14a46e5b025f82308a10f7a942db0,1,11dc4053871ff53ff79fb1fc7e6b160f,b1ac6ea7895bc3dd6f0f6f4abbdd2821,2017-10-19 16:56:21,99.00,16.94
3742e108eff3341dbaa5e22f6e2fd38b,1,118fa7a08a83564776c37433aca3ca71,8f119a0aee85c0c8fc534629734e94fd,2017-07-06 18:05:22,34.90,15.10
37455a7ce5cca45395e5b3c399e12310,1,9da950e8c8c482441f1b93955b21c827,ceaec5548eefc6e23e6607c5435102e7,2018-05-17 11:10:30,209.99,27.55
38e3895efc70d2d46a3b967b8781368a,1,99a4788cb24856965c36a24e339b6058,4a3ca9315b744ce9f8e9374361493884,2017-05-08 16:02:15,89.90,14.80
3a33027df93ac0a949a75fae9571b2cb,1,6e7b435ac3c84fc5348dba974e184322,620c87c171fb2a6dd6e8bb4dec959fc6,2017-11-30 17:56:14,119.90,18.41
3a9731efdd545919f0c6c36c8633b7fd,1,6dab56beb5263f0d554cae5c55809208,f4aba7c0bca51484c30ab7bdc34bcdd1,2017-02-07 00:18:35,23.90,28.97
3c6ba7a3320c8c63c76d343c388ba219,1,1d0576deaebcd2285a1fea5d43021ca8,7142540dd4c91e2237acb7e911c4eba2,2018-03-09 09:50:30,84.90,28.99
3c843728a555b7e433f4a128b82d6740,1,4555f012f9764d3e5cedbe66cd24513b,25e6ffe976bd75618accfe16cefcbd0d,2018-06-26 20:54:52,120.00,36.19
3cf387bb14e9db171ccbb9b87ea607bb,1,36f60d45225e60c7da4558b070ce4b60,88460e8ebdecbfecb5f9601833981930,2018-03-05 11:09:53,67.90,12.61
3cf387bb14e9db171ccbb9b87ea607bb,2,36f60d45225e60c7da4558b070ce4b60,88460e8ebdecbfecb5f9601833981930,2018-03-05 11:09:53,67.90,12.61
3cf6fb1fae0029f5b4f01de4dc8d2fc9,1,ee56c010c47882613d271e40703165f0,59bbc819b99a733f02f0d6b49d1c253d,2018-05-15 03:31:25,69.90,8.88
3d9650eb93f7e3a88b65616691a0126b,1,241dbc3b6d7c4b0ccb98a81a33df4e3e,1025f0e2d44d7041d6cf58b6550e0bfa,2018-05-17 02:57:42,40.00,22.93
3d9650eb93f7e3a88b65616691a0126b,2,241dbc3b6d7c4b0ccb98a81a33df4e3e,1025f0e2d44d7041d6cf58b6550e0bfa,2018-05-17 02:57:42,40.00,22.93
3dd5f3e88e755bfddd878c1be9903b4c,1,73326828aa5efe1ba096223de496f596,d13e50eaa47b4cbe9eb81465865d8cfc,2018-08-20 11:50:18,80.90,18.67
3e18227567dbe13ebe679ef9eea4d872,1,639f8bcf72dc560a99bc690a73258235,bd0389da23d89b726abf911cccc54596,2018-05-10 10:15:59,81.90,23.07
3e41fd4c8d9609903634b36c09183b78,1,6131240aedf34224270cd6f07e8229e4,6edacfd9f9074789dad6d62ba7950b9c,2017-06-15 20:50:16,34.90,11.85
3e6f2b32accad480bf1508660cc2e609,1,46444262c3cb20869d7f96985fc0b08a,70eea00b476a314817cefde4aad4f89a,2018-05-10 06:29:42,388.90,36.72
3e8c191415aece16ba1ac896f535b484,1,e30a6d4fa7a954f72a0392de4c613243,2a1348e9addc1af5aaa619b1a3679d6b,2018-04-19 16:55:34,34.90,15.23
3f927a0036358d9522078e7e3007cfe4,1,c72edc98e7d77f0c4c04ec80730c05f5,5b925e1d006e9476d738aa200751b73b,2018-03-23 14:55:42,65.00,11.15
4092d9bdc6d89d05a6d5be6ef304f627,1,2083a6feb4bbb31f6abc92fc24e468c0,cc419e0650a3c5ba77189a1882b7556a,2018-01-22 02:13:10,7.00,7.78
418bafc9ec22366d00fdadab496b0215,1,adf591c625cb265c12bc6749d3a2f757,a420f60ff1aa9acc80d0e42959f2b313,2018-08-01 00:45:10,32.00,19.13
4194efa7ec651ea7442c7f01988877bd,1,0f9df08ca6757f6d5158b71f5d307724,213b25e6f54661939f11710a6fddb871,2018-06-27 22:56:23,41.95,12.95
4194efa7ec651ea7442c7f01988877bd,2,0f9df08ca6757f6d5158b71f5d307724,213b25e6f54661939f11710a6fddb871,2018-06-27 22:56:23,41.95,12.95
4205a3c89c70026b43d90706a98e2f17,1,b5a8535271a06eda7aad510c09ddbf38,dbc22125167c298ef99da25668e1011f,2017-08-03 02:23:59,58.90,17.98
43443d5fff4b94d98df1ad41af13d302,1,cabf8b8ae04dbb649a84f493660febbe,cca3071e3e9bb7d12640c9fbe2301306,2017-02-20 21:09:21,81.80,15.78
43443d5fff4b94d98df1ad41af13d302,2,1890c01a38d17958d79fe473d451dc9c,cca3071e3e9bb7d12640c9fbe2301306,2017-02-20 21:09:21,81.80,15.78
43443d5fff4b94d98df1ad41af13d302,3,abe171a94bee936786955f928bd764ab,cca3071e3e9bb7d12640c9fbe2301306,2017-02-20 21:09:21,81.80,15.78
44367541b21451fc1fff30873b2cd899,1,4d687600c495f2049542171633cf1f77,4a3ca9315b744ce9f8e9374361493884,2017-08-18 13:55:19,210.00,13.14
44367541b21451fc1fff30873b2cd899,2,023a60ac6b3484afe23d788ce2444df0,4a3ca9315b744ce9f8e9374361493884,2017-08-18 13:55:19,259.90,13.14
4452080876f5de5c69e66d6d8b9e10cc,1,ba0aeab8fee0bfc98bb3bfbc321e6d9d,53e4c6e0f4312d4d2107a8c9cddf45cd,2017-09-15 16:15:17,105.00,16.98
4676e642aa92a4ba1131e935a2ac6246,1,059ca09d32720d9adce3ae12e181339d,fe1b067411b8c5066e962aa146ccee03,2018-07-30 13:53:04,92.99,18.84
479ca7b6834ffb05666e813c9c0dddf8,1,ac850a749748b386d598124ae34ba1b0,fffd5413c0700ac820c7069d66d98c89,2018-05-28 14:14:39,298.60,78.09
47a2809ec3c2d8c1263a2e09fb62cbcf,1,7d1a667dbc183583078324f912d42c6b,2089a6d640999f9b9141ac719b2af596,2018-02-14 20:12:00,112.00,15.53
486189e06030d36779e10e55b6220d87,1,5d10b3779b68d58be0fcc46a1ee79689,45d33f715e24d15a6ccf5c17b3a23e3c,2017-10-23 08:56:21,139.90,10.39
4a15263dd8da51ee9b6c6ed9fa843ee9,1,cca3a8714ce46539155f98fe944189f9,0241d4d5d36f10f80c644447315af0bd,2018-05-21 00:31:09,99.00,27.24
4a16403a2f6d6324c545f6b70581c2c9,1,43ee88561093499d9e571d4db5f20b79,23613d49c3ac2bd302259e55c06c050c,2018-01-18 02:31:50,10.90,11.85
4a71c671955d20b872ceb6758387a3e5,1,1de1332e38dc2f575edfeae165edea4e,4a3ca9315b744ce9f8e9374361493884,2017-12-07 12:18:50,135.00,21.44
4a71c671955d20b872ceb6758387a3e5,2,1de1332e38dc2f575edfeae165edea4e,4a3ca9315b744ce9f8e9374361493884,2017-12-07 12:18:50,135.00,21.44
4b1e9e86e377397f8b305cc26fb038a9,1,0d7312f1f397b109b3765a2917e45b13,0be8ff43f22e456b4e0371b2245e4d01,2017-12-11 19:30:29,99.90,16.46
4b707ea4e7c08fa1180bf92bede67da0,1,2dda8afe04774afea003920be7d6fffb,1835b56ce799e6a4dc4eddc053f04066,2018-06-21 12:31:15,82.99,14.16
4b8f98e50ffa9c1b021c197d39c58bb2,1,87cc2aef12eddf0b170234138b0946e0,34d1ca11b242c0fee2c834ae8d788566,2017-03-14 15:05:05,185.81,20.00
4bee560781d45bb4b18efd58fef1901e,1,f9d151cf2fc10d41cce64b782856320f,e9d99831abad74458942f21e16f33f92,2017-02-13 21:18:21,30.00,8.72
4bf9917773b973b77d02d12241387084,1,6cdd53843498f92890544667809f1595,ccc4bbb5f32a6ab2b7066a4130f114e3,2017-10-24 20:49:21,349.90,17.21
4cae8f063630ed7e8cac158618f1c83b,1,75c06ee06b201f9b6301d2b5e72993f8,3c7c4a49ec3c6550809089c6a2ca9370,2018-01-16 10:05:53,13.99,11.85
4d24605b62596483861b472f2c596e23,1,34b9bda637e469b293f081fc33d7a094,4b9750c8ad28220fe6702d4ecb7c898f,2018-08-21 19:50:20,49.90,11.37
4d6f79209e34185f85488e65c20c63a8,1,a4275459104a31ba114508b8709860d1,cc80e2f693fa6e2408f47ccf62413fc1,2017-12-01 18:11:07,210.00,46.77
4dea917f3fa605c7d6eff1a97a207768,1,fb29f48bfea41db52e349454f433340e,897060da8b9a21f655304d50fd935913,2017-06-19 12:45:49,22.00,0.08
4dea917f3fa605c7d6eff1a97a207768,2,6d2fde7d12bb6ff367dbda120ba8828e,897060da8b9a21f655304d50fd935913,2017-06-19 12:45:49,22.00,30.12
4fa1b6d5d3ca98e8def932544cc51b90,1,c0abb5707b6d57b4e7d9797222a77fc8,2e1c9f22be269ef4643f826c9e650a52,2018-03-15 19:08:09,80.49,8.92
502fcc6b96f393f4aba791d5ba89b409,1,e68a5a5626c4b1bfc5ca78202f898300,7a67c85e85bb2ce8582c35f2203ad736,2017-10-11 16:49:17,199.99,19.64
50361b5016be065cd60c76a7f14b3750,1,7bbf8eb1681f6f8ec4b6f0c1c6934718,a673821011d0cec28146ea42f5ab767f,2018-06-26 18:46:53,69.90,8.65
506537a590a8f111389ca1f2a4963847,1,1a7cffdce32ea72085aa94c27b19d01a,17e34d8224d27a541263c4c64b11a56b,2017-03-21 15:42:23,188.99,11.93
509a52223ecac6d67fb765b3b37c6974,1,10dd77710da08ea43018cb3b4cedff92,38e679b9e0064cd94c6f035707344dae,2016-10-21 16:23:01,44.90,20.80
5177d1217cafa2ba15337cd62cb1fc78,1,cd935d283d47f1050c505e1c39c48b67,a3a38f4affed601eb87a97788c949667,2017-07-11 19:10:12,69.90,15.24
51bd890febd880cb94d9051fd28f289e,1,cd935d283d47f1050c505e1c39c48b67,a3a38f4affed601eb87a97788c949667,2018-07-19 18:10:16,69.90,13.97
520511b04850b7b40c753fb70aca7bcb,1,82caf2c378df511bd246f66917199274,c66dccfb3f109511246da627dd5a2498,2018-04-17 16:51:19,170.00,19.07
52b584ffb85f68adad88374d3c150147,1,177d3d5bb9d4d29222a222e3b3554f41,3d871de0142ce09b7081e2b9d1733cb1,2018-04-06 18:10:21,109.00,21.70
53595a8aa421790cc9d2e85db64cb3c1,1,07fe9ffbb84b9d22610d79efb16e81a7,e84ad2127668df3aafc6b73531a0beb8,2018-07-27 09:17:39,65.00,22.39
542b5e9b74a189f238b8ddb6f4805667,1,225f4fe326aa42f164181adc215bcd09,562fc2f2c2863ab7e79a9e4388a58a14,2018-07-11 17:25:12,48.99,22.27
557de3912df820904b9204e0d1879256,1,c075b8e131353552218860f1c421e4ef,f80edd2c5aaa505cc4b0a3b219abf4b8,2017-10-30 13:07:20,58.90,24.96
5598657697983e852a752bb7c10f4d01,1,87a71ae93900ab55fcf685c8040769b3,8b321bb669392f5163d04c59e235e066,2018-04-05 13:35:24,12.90,15.23
55a4f9b50beced29f599c03bf4df76e0,1,c075b8e131353552218860f1c421e4ef,f80edd2c5aaa505cc4b0a3b219abf4b8,2018-08-06 21:44:06,63.90,23.25
55e6c58fec03654f425a4d47cf4631eb,1,f7e0fa615b386bc9a8b9eb52bc1fff76,87142160b41353c4e5fca2360caf6f92,2017-04-27 18:10:15,85.00,16.29
56400a721b65efb0da1a9f11ea5b2dc7,1,081cac4fc215928a462eb2c06a14dffe,a2deecd5398f5df4987110c80a1972a3,2018-07-18 10:55:19,35.00,37.16
5664fde64525f1c1c6a8ef23aa35dc22,1,d8fc369e0b2d17b856119ff03276f198,70a12e78e608ac31179aea7f8422044b,2017-07-13 11:50:17,65.00,31.78
5664fde64525f1c1c6a8ef23aa35dc22,2,8b27cbcf8e5472830ab6ec2bd7a6b867,33a17d60c64393351ebf1ef860f4e0f2,2017-07-13 11:50:17,150.97,0.20
56ecfea68a6a0f6592184f65abc70394,1,1613b819ab5dae53aead2dbb4ebdb378,16090f2ca825584b5a147ab24aa30c86,2018-05-15 21:56:33,27.90,7.87
5795afd080b42134859d9b925c7919ea,1,4464ecc5c8cd38eff5beae1484f80166,ede0c03645598cdfc63ca8237acbe73d,2018-02-28 02:28:32,56.00,15.14
57e15c1ad29a85e248eeefad05d29453,1,bf3a3366c9e0b1f5e8de3447d79c19dd,6061155addc1e54b4cfb51c1c2a32ad8,2018-08-06 09:05:09,955.00,17.71
581ca172b817d8c5626a66b8cbfe11e7,1,8d7d29e5fb9ff5333009326c87fc04e9,7c67e1448b00f6e969d365cea6b010ab,2018-08-14 03:15:20,119.98,58.92
58ee901dc817aa7f36518d079340b80f,1,0950783476d3f6529a03b28fcac219d1,cc5a78bbad32776dc4e3af205218368c,2018-08-03 13:35:24,64.86,42.73
5945dfbdeb40f07705cb97a90c68b68e,1,597d26435e8ef77bb0fcd26f6c07d486,1554a68530182680ad5c8b042c3ab563,2017-12-13 16:36:30,329.90,25.11
5a06ec99090e75d00d2b33b0efdce2f4,1,fa51e914046aab32764c41356b9d4ea4,1b8b75e227c9a9c100d0c210fb6176ce,2017-02-05 21:33:14,110.00,15.53
5a42d01f5fdf7a96312618390f361e72,1,4fa33915031a8cde03dd0d3e8fb27f01,fe2032dab1a61af8794248c8196565c9,2018-05-07 05:15:20,144.00,18.85
5a902cc5a20f8cd076f116d16d5aef9d,1,d6160fb7873f184099d9bc95e30376af,53243585a1d6dc2643021fd1853d8905,2017-10-09 20:25:04,1599.99,53.61
5add03213ad417aab3988852ea890572,1,7fb04722aba7a2b632bac8f9819796f3,f3b80352b986ab4d1057a4b724be19d0,2017-09-08 10:55:24,79.00,17.80
5bbb9f480d85449ab94a389f7cdae20b,1,fc1449f3ffc59fd2eb9640505aea0581,25c5c91f63607446a97b143d2d535d31,2018-01-12 13:11:31,149.87,18.30
5bbb9f480d85449ab94a389f7cdae20b,2,fc1449f3ffc59fd2eb9640505aea0581,25c5c91f63607446a97b143d2d535d31,2018-01-12 13:11:31,149.87,18.30
5c5bddc85dbccc2797c8fcfc4aeeb3a7,1,601a360bd2a916ecef0e88de72a6531a,7a67c85e85bb2ce8582c35f2203ad736,2017-05-26 00:22:01,129.99,18.16
5cef0136de603dac5471ed33114164ed,1,2fea0f2cec6b6324a277d4a61c2ed2c6,beadbee30901a7f61d031b6b686095ad,2018-07-02 05:12:53,35.00,7.51
5d1e025052895991d3f50688be8f626e,1,cba30a48fc64d64f9a3c084df2658d76,6d66611d7c44cc30ce351abc49a68421,2018-02-01 11:20:11,53.90,21.18
5d36e8ca3ccd1262b7641467fdba0b8e,1,daf9915404caf75fa1717a436b46fa14,0f519b0d2e5eb2227c93dd25038bfc01,2017-01-31 12:10:46,79.90,23.00
5d7f0dc1e401127edfe8b79e174a52c8,1,2f4a64fe9c6430a9626b4745227cd0e8,0bae85eb84b9fb3bd773911e89288d54,2017-10-19 11:28:15,51.80,16.12
5f82563eed1525084af012688a78398a,1,48e82f62f499350869ac7529efd9fcbd,cca3071e3e9bb7d12640c9fbe2301306,2017-10-02 07:07:14,54.90,16.14
5fd3e686087ab4cd93b354b63771d6aa,1,422879e10f46682990de24d770e7f83d,1f50f920176fa81dab994f9023523100,2017-12-07 13:33:22,59.00,17.66
5fe019f7d1eaebdb3da79811a3bcd58d,1,23b156533f31f1e4493d605705f7e6db,3d871de0142ce09b7081e2b9d1733cb1,2018-08-03 17:05:20,49.90,18.45
5fe0491bbf2891e0f240aee0fa0332a1,1,50e1b118f266b655f613f753914c42db,1835b56ce799e6a4dc4eddc053f04066,2018-01-12 16:49:08,39.99,16.11
60301aefa80ed57de1c39335c519622c,1,8817f0cda3d5b42e5f949ee3be9dc80c,3c7c4a49ec3c6550809089c6a2ca9370,2018-02-06 18:49:56,13.99,14.10
60301aefa80ed57de1c39335c519622c,2,8817f0cda3d5b42e5f949ee3be9dc80c,3c7c4a49ec3c6550809089c6a2ca9370,2018-02-06 18:49:56,13.99,14.10
60301aefa80ed57de1c39335c519622c,3,8817f0cda3d5b42e5f949ee3be9dc80c,3c7c4a49ec3c6550809089c6a2ca9370,2018-02-06 18:49:56,13.99,14.10
60721992ef4cec39824837f08c79afec,1,d1c427060a0f73f6b889a5c7c61f2ac4,a1043bafd471dff536d0c462352beb48,2017-09-27 09:30:16,149.99,45.98
60721992ef4cec39824837f08c79afec,2,c4baedd846ed09b85f78a781b522f126,a1043bafd471dff536d0c462352beb48,2017-09-27 09:30:16,99.00,37.36
60b570df9018c6b6441017314a2dd081,1,26320e4682c6a0f297d07f3c74155666,7c67e1448b00f6e969d365cea6b010ab,2018-08-08 02:45:20,179.99,45.25
60b570df9018c6b6441017314a2dd081,2,26320e4682c6a0f297d07f3c74155666,7c67e1448b00f6e969d365cea6b010ab,2018-08-08 02:45:20,179.99,45.25
60b570df9018c6b6441017314a2dd081,3,26320e4682c6a0f297d07f3c74155666,7c67e1448b00f6e969d365cea6b010ab,2018-08-08 02:45:20,179.99,45.25
60b570df9018c6b6441017314a2dd081,4,26320e4682c6a0f297d07f3c74155666,7c67e1448b00f6e969d365cea6b010ab,2018-08-08 02:45:20,179.99,45.25
60b570df9018c6b6441017314a2dd081,5,26320e4682c6a0f297d07f3c74155666,7c67e1448b00f6e969d365cea6b010ab,2018-08-08 02:45:20,179.99,45.25
60b570df9018c6b6441017314a2dd081,6,26320e4682c6a0f297d07f3c74155666,7c67e1448b00f6e969d365cea6b010ab,2018-08-08 02:45:20,179.99,45.25
60de731b89e8c9651392a445b2813ff9,1,e256d05115f9eb3766f3ab752132a4e2,165fc07beebdcb6190fba8a06db2a449,2017-11-08 10:05:48,219.00,14.55
61fa8d2ee24cc80feecf24ec94c68e8f,1,b114bf337c0626166abe574eee9e3f32,a7f13822ceb966b076af67121f87b063,2017-05-08 02:22:44,199.96,43.86
61fa8d2ee24cc80feecf24ec94c68e8f,2,b114bf337c0626166abe574eee9e3f32,a7f13822ceb966b076af67121f87b063,2017-05-08 02:22:44,199.96,43.86
624cb9936b306450dbb6445fbadfb208,1,f1e297029531521190bb2312a90df567,8a32e327fe2c1b3511609d81aaf9f042,2017-06-15 19:30:11,29.99,8.72
624cb9936b306450dbb6445fbadfb208,2,f1e297029531521190bb2312a90df567,8a32e327fe2c1b3511609d81aaf9f042,2017-06-15 19:30:11,29.99,8.72
62c16e40e8cd43ca10fef5eadfc2d11f,1,f6c0bce2838cf1bdab4958c4cb8b946e,7e93a43ef30c4f03f38b393420bc753a,2017-05-10 21:55:18,187.94,12.82
630c3cacbf294ed8c919a0c6a90bb1fa,1,de12bf624c66b90ad178ac441cbfbad6,7d76b645482be4a332374e8223836592,2018-07-05 10:11:05,19.90,12.80
638ef1788b79081e63829d44a8f15e0c,1,fb55982be901439613a95940feefd9ee,3d871de0142ce09b7081e2b9d1733cb1,2018-01-09 00:49:52,79.00,38.10
63a19e889b69e5ef9ee2b2e646509051,1,89321f94e35fc6d7903d36f74e351d40,16090f2ca825584b5a147ab24aa30c86,2018-04-19 11:50:26,27.90,18.23
64307ceb91666760cf3ff463618302fd,1,60d49071f68566b7254c39a7d4ea5c1c,d66c305afaec317ebee552073a674429,2017-03-27 19:25:22,29.90,14.52
64cbe98d3ef9d927297f7dea3fab17d6,1,f76b8eae9da79861cd75f86a1020879e,94e93ce877be27a515118dbfd2c2be41,2017-05-11 21:45:14,237.99,18.92
6552ae78f1de31bcde1fc2cfcab0d25d,1,595fac2a385ac33a80bd5114aec74eb8,ef0ace09169ac090589d85746e3e036f,2018-05-23 02:14:44,119.90,18.72
65a56537a4b967ab349287b7c0229c07,1,437c05a395e9e47f9762e677a7068ce7,f84fa566034f5e8e880a07ec624c56af,2018-03-19 22:10:58,47.65,12.79
65c5c8d2e87139529c41cf8307ba1f65,1,821719b9a2288a792ba3ca0c9962f467,1c5e4e49b9079480255b49d50aac1aa9,2017-05-03 16:35:14,1740.00,66.68
660a02c58e33a4d888a10733703398a5,1,668627d7997bde540866a91f02484ae6,729b2d09b2a0bdab221076327f13d050,2018-05-10 13:50:38,49.89,18.23
6779036ed0ba358b53a569a733f3e408,1,6c6232ca1543c84f2dcf3f4cd2ca32d3,77530e9772f57a62c906e1c21538ab82,2017-09-14 17:28:56,299.00,54.45
67bc13a75930f4cf503a251f12328045,1,f17919cd5c50df5ea6b11d9665a0eb2f,218d46b86c1881d022bce9c68a7d4b15,2018-03-26 08:56:10,287.00,24.59
67d234bcc416725cb502c08117a69500,1,24d7b551f0ea7c3cea080d402b211132,d2374cbcbb3ca4ab1086534108cc3ab7,2017-06-22 10:35:11,27.90,15.10
67e1523ecabbe030f525c66b8cc57fa2,1,f71e07cf6e6d621aef3ff698bc4f2819,7d76b645482be4a332374e8223836592,2017-10-06 15:28:23,19.90,14.10
67f9754feffe51587eed05ba198d21b0,1,695c34c5771cca25ecdc04d24a9b49f6,1025f0e2d44d7041d6cf58b6550e0bfa,2018-07-05 12:10:20,139.20,13.27
689e8820798347950a2649f71c734bd0,1,954ed36fcf28237749ef5616ab0eff87,6560211a19b47992c3666cc44a7e94c0,2017-10-18 22:07:15,79.00,15.99
689e8820798347950a2649f71c734bd0,2,27672da99215b426dc0ced05731bccc6,6560211a19b47992c3666cc44a7e94c0,2017-10-18 22:07:15,79.00,15.99
68a36ddf13d6fcdd7ea00d9ce11026b9,1,925b2ad4b07578f0ea488ec9b0cb3e8b,5cf13accae3222c70a9cac40818ae839,2018-05-04 17:31:45,89.90,52.76
68da13c8f4ec09d2e31633d8ea16c15e,1,61a4100ccd6d9c4c808a1fd954ddb8ad,05ff92fedb5be47920fea08e501238b9,2018-08-02 03:35:15,489.06,26.22
6a189ed8c568195193d5880d4c090de5,1,fc2351bcf24c714e5d21b44ad41198b7,855668e0971d4dfd7bef1b6a4133b41b,2017-09-19 03:25:56,50.00,16.60
6b11e7b75e0feb0302e6054a2e65be71,1,a52ed2fb26d435066d6613134afcb439,cfb1a033743668a192316f3c6d1d2671,2017-11-30 02:34:02,15.90,11.85
6b11e7b75e0feb0302e6054a2e65be71,2,a52ed2fb26d435066d6613134afcb439,cfb1a033743668a192316f3c6d1d2671,2017-11-30 02:34:02,15.90,11.85
6b89a78e042eff08232ab1fec808a30a,1,f1959b60fe1d6a15ca43bb20078bbae1,a3e9a2c700480d9bb01fba070ba80a0e,2018-07-27 09:31:38,132.00,15.23
6bdcc275fba0fb4ece1d33e9d7126f6a,1,0cd0a2334c30b335c4a4e73205bfd366,dc4a0fc896dc34b0d5bfec8438291c80,2017-07-14 14:43:17,266.55,34.32
6c2d7d5f598317a20719a7e5f5487ece,1,3fbc0ef745950c7932d5f2a446189725,06a2c3af7b3aee5d69171b0e14f0ee87,2018-05-15 13:11:23,64.99,41.15
6dabb450123d01750d1b176ea59026a1,1,a0cb23ea9b98f51407ac7bd1fcd29c2e,7d76b645482be4a332374e8223836592,2017-11-30 07:31:21,21.99,17.63
6ded11f0a307eed2ae0931fe59f4c599,1,a5a0e71a81ae65aa335e71c06261e260,c8417879a15366a17c30af34c798c332,2017-05-26 15:25:11,38.00,16.11
6df2cfb6624c3e0b13775087f1cda182,1,49eeae59754cbcf1abeeffb8f51184ee,972d0f9cf61b499a4812cf0bfa3ad3c4,2018-01-10 23:39:29,69.20,20.97
6e24be5a5995507b208981073d5b6820,1,9d51d323e75d867b50aa566d782024a5,08ad4ac1388e4420ca531c3edfc46198,2018-06-15 20:23:15,29.45,8.37
6f51c1344ad020aefab85b67a98bebd1,1,dda373e611cb942842a1c248b163c3aa,056b4ada5bbc2c50cc7842547dda6b51,2017-12-21 16:53:25,124.99,14.62
6f85fa051c6abbc96216b2dfb6af04b4,1,b8b426747049f2d3d6e00b486d47dedb,01fdefa7697d26ad920e9e0346d4bd1b,2018-03-08 10:55:31,99.90,14.43
6f9bf4ab497406e0c55eb9eb7a3dcae6,1,ee57070aa3b24a06fdd0e02efd2d757d,88460e8ebdecbfecb5f9601833981930,2018-08-02 09:31:42,69.90,13.83
7013bcfc1c97fe719a7b5e05e61c12db,1,583916a5dae918f5e89baec139141c54,3481aa57cd91f9f9d3fa1fa12d9a3bf7,2017-02-22 12:29:47,49.99,15.53
71c1a607d67393d01bef51c097368feb,1,ddfaa1c2e19f82a47043c5f5ee1376d1,59b22a78efb79a4797979612b885db36,2018-02-05 10:14:51,299.00,14.22
72de948f7d91e80fb80be59dce8f9322,1,42a2c92a0979a949ca4ea89ec5c7b934,813348c996469b40f2e028d5429d3495,2017-12-11 11:25:06,58.90,25.25
736813b41544d3ca0ed5d508802f4ca1,1,b0961721fd839e9982420e807758a2a6,1f50f920176fa81dab994f9023523100,2017-09-21 09:15:13,59.90,17.67
737a52582de776db2631a7d53cb29eed,1,635b74f3dd5462e3c133b42cd9299fa2,b2ba3715d723d245138f291a6fe42594,2017-06-06 06:55:34,49.90,11.85
75213e459cfe44a61c496c864e0a8c63,1,b532349fe46b38fbc7bb3914c1bdae07,1025f0e2d44d7041d6cf58b6550e0bfa,2017-11-30 22:54:34,32.99,15.11
76dafeb35f47c9cdb8aa7971022e0978,1,6752b3102ab2c1712dcefe29fd7379c1,1da3aeb70d7989d1e6d9b0e887f97c23,2018-02-02 15:31:18,16.99,7.78
774398c3ac79463f502a2fff60e2518f,1,5a848e4ab52fd5445cdc07aab1c40e48,c826c40d7b19f62a09e2d7c5e7295ee2,2017-12-12 02:39:31,122.99,9.06
77fbc4cdd3be2594cbb02bac5e3ce914,1,e9a69340883a438c3f91739d14d3a56d,1b4c3a6f53068f0b6944d2d005c9fc89,2018-07-05 09:31:39,159.49,63.14
7802207732bf2bf55f1994667489339b,1,ea9fd984ad61025b0fc6a2a99042aa49,36f98ad67cc981f50ce8aed093d5783c,2018-08-01 03:25:17,50.00,19.54
780d2033f54e261503435dd8a2873909,1,4f0a445aa70e0bcec25ba0ef7c7e863e,25e6ffe976bd75618accfe16cefcbd0d,2017-08-22 21:45:38,129.60,9.72
783f0149c8c49e2539f7a09dc2237b5b,1,1fa784d8744e3ed625d8651ddb15e33b,afe0067131b73e40875c9b6c10bd2e21,2017-03-28 15:35:53,139.90,30.02
7885efcad4dae013491156c565d65d50,1,d7d0c5e4a7f509a4c980aae1530e3bc4,643214e62b870443ccbe55ab29a4dccf,2017-12-11 23:57:03,39.90,7.78
793d6cba27a505c143022119b8f313f8,1,f71493db6e7483d84f937e1d15eddb38,e88c9b79e592e370d6bd852eeefbf057,2017-07-21 03:30:33,49.99,15.10
793edc24e4e9b6c0fbb5b63b1c07910b,1,422879e10f46682990de24d770e7f83d,1f50f920176fa81dab994f9023523100,2018-07-26 16:31:28,49.91,20.99
7a3073d28930e698b650ba8cf83e741b,1,5bef5f3b8482d8e586db1839a4577b87,cca3071e3e9bb7d12640c9fbe2301306,2017-05-30 01:25:19,81.80,9.99
7a7ca02c6fd9b1c25e9452a6f56c018a,1,bdf752aa5ccd0dfb9e9ed401b672f133,ececbfcff9804a2d6b40f589df8eef2b,2018-06-10 21:51:45,84.99,22.30
7ac0ea1aae0c98fd853d0baf7108099c,1,d04ae06ca1423cdc5bd50d87c0f7c372,634964b17796e64304cadf1ad3050fb7,2018-07-10 08:32:17,59.90,15.52
7ac0ea1aae0c98fd853d0baf7108099c,2,d04ae06ca1423cdc5bd50d87c0f7c372,634964b17796e64304cadf1ad3050fb7,2018-07-10 08:32:17,59.90,15.52
7aee2b4a36b8b9f260376a8319900aa7,1,d04857e7b4b708ee8b8b9921163edba3,9f505651f4a6abe901a56cdc21508025,2018-03-23 10:27:22,67.99,19.82
7af8968dd47046c37943560bd00782b6,1,51f876eb62be778c757503cf7f8a3b74,f84a00e60c73a49e7e851c9bdca3a5bb,2018-01-16 09:17:27,9.80,14.10
7b1cf9f880b0f7eba111c5342dd2fba9,1,99a4788cb24856965c36a24e339b6058,4a3ca9315b744ce9f8e9374361493884,2017-05-19 01:10:18,89.90,15.38
7b71869b0ed372d90284fcfbfbba82d9,1,0705b33fb285827a578fce4899f1b921,318f287a62ab7ac10b703ac37435a231,2017-09-21 15:15:20,22.50,14.13
7b7e1acab40b5a906d8f82e23d1c8687,1,c0654cc48163d87a12f1088eb133db68,9e6229250fedbe05838fef417b74e7fb,2018-05-22 23:35:19,199.90,19.48
7bcb99610f15bdb8d701787bf59f0c25,1,97017430754804328eb9597b7f85da03,ea8482cd71df3c1969d7b9473ff13abc,2018-05-04 16:53:34,29.99,18.23
7cbc4b1a42129d7c6f9b4f14371ac4c3,1,832b74a0faa3b602a48e0f20990adaf7,c70c1b0d8ca86052f45a432a38b73958,2018-05-15 20:53:20,110.32,7.64
7ff15ea63e622694922805d48de711a1,1,a4aa7c1427c31344e5f7cc3d839fe562,66922902710d126a0e7d26b0e3805106,2017-06-29 18:42:39,110.00,20.26
8280bddb9636fd420fecbd96c5b0c877,1,b0961721fd839e9982420e807758a2a6,1f50f920176fa81dab994f9023523100,2017-10-23 04:14:11,59.90,17.67
82daed31f80350ce51f518369a8d181c,1,dca8cbb1c9d8a2db0fbc0c36b8d1a7bc,6560211a19b47992c3666cc44a7e94c0,2017-07-03 11:04:48,89.00,7.88
82e4be23c247d0fe56f0fb757a26ccd4,1,6aa8f339965debf52a549f8aade6d068,a2deecd5398f5df4987110c80a1972a3,2018-07-10 12:31:24,49.00,15.44
834f1f6bfd5b32cabaa2d0d31dfcf63c,1,99a4788cb24856965c36a24e339b6058,4a3ca9315b744ce9f8e9374361493884,2017-07-13 19:23:10,89.90,15.38
83b168c70ec0325445963b36cda1eef3,1,642369377615febc7fa89e4c8df5110e,4371b634e0efc0e22b09b52907d9d469,2018-04-26 00:30:46,55.00,18.27
8428cdf79e64b95486e06ad5d0573e22,1,b61c2827d3a8043826c9132d88188744,d650b663c3b5f6fb392b6326366efa9a,2018-03-19 01:20:22,369.00,17.46
84a2a019c5e35c1b7930e967601312b7,1,deaa363c2aa7c56c84e888bb74cc7176,1835b56ce799e6a4dc4eddc053f04066,2018-03-26 03:48:40,22.80,12.79
84a2a019c5e35c1b7930e967601312b7,2,7494075d75b7855aae586070f6a12113,1835b56ce799e6a4dc4eddc053f04066,2018-03-26 03:48:40,22.80,12.79
84a2a019c5e35c1b7930e967601312b7,3,f4ff31c676834c31a24648df290aa349,1835b56ce799e6a4dc4eddc053f04066,2018-03-26 03:48:40,22.70,12.79
84f72613dabd8b11141ae6e2710c413c,1,d87a746a8c32da19aabdddac8b632877,2138ccb85b11a4ec1e37afbd1c8eda1f,2017-03-10 07:50:10,32.99,8.72
8564eda5247ce8353cdf36e0ccd2f2c7,1,ccadfeab525a9eb1569983b66e5075c4,33576ec5412fb5905d876f12f33bfde6,2018-04-02 20:50:36,89.00,27.68
86501b9ee48e914f406cd33ddf6f77fb,1,6daadc7e6029cf01762f941e488caa1b,46dc3b2cc0980fb8ec44634e21d2718e,2018-06-04 15:31:22,379.99,18.63
86e15c44520932e049ca96660a60b776,1,d3b24c68466ec241b98cddd7861bce4a,b372ee768ed69e46ca8cdbd267aa7a38,2018-06-13 21:35:12,55.00,18.27
88495a304ffc01e1af6d23769628f3b0,1,b11b6e603959e09bb5b90095db226602,2f4b9d112bfa44a214bc6cef085d17c8,2017-04-20 20:21:37,99.00,29.62
886554d6a49f10154eb12b81a6c4ef4b,1,75d3880783e696c130527f026ee302d4,066a6914e1ebf3ea95a216c73a986b91,2018-03-26 13:29:59,40.50,18.23
886554d6a49f10154eb12b81a6c4ef4b,2,75d3880783e696c130527f026ee302d4,066a6914e1ebf3ea95a216c73a986b91,2018-03-26 13:29:59,40.50,18.23
886cadc098626f2e17d54f76b7bac8bd,1,be40dfccc49c5959cc0cc2f6447acc38,751bdc4d83a466c7206cd42e8f426b03,2017-11-21 21:15:33,99.99,15.46
887c6b210d8a2d3a1158dfaaec74e786,1,e5ae72c62ebfa708624f5029d609b160,f457c46070d02cadd8a68551231220dd,2018-03-08 13:21:27,68.00,12.61
8a4611e08772a0a101cbeee84f121200,1,1a909e04ddbc64bda3fc905834678201,1c68394e931a64f90ea236c5ea590300,2018-03-15 20:50:30,76.90,22.25
8a4611e08772a0a101cbeee84f121200,2,1a909e04ddbc64bda3fc905834678201,1c68394e931a64f90ea236c5ea590300,2018-03-15 20:50:30,76.90,22.25
8b7b3969f3c39c57ab6c9d0df5741f39,1,96ed3b4b62790bd962aac0b317109be4,cac4c8e7b1ca6252d8f20b2fc1a2e4af,2017-05-31 16:00:06,34.99,17.60
8c1d4b6d5a4c76d480dc3f8e766b285e,1,e44f675b60b3a3a2453ec36421e06f0f,730937bf88cb151eb2eb849f642fc213,2018-05-03 21:50:20,105.30,18.62
8d3815553beb9e0a66908d8df19e7ffb,1,bc7952b8b83834a52bc73204ea2576f2,3d871de0142ce09b7081e2b9d1733cb1,2017-10-26 20:05:36,19.90,15.10
8d5522903eb78728024e688cd6ee9dbf,1,1eb30ad5e28de3838ccc658fa4eec948,4a3ca9315b744ce9f8e9374361493884,2017-07-10 03:45:30,65.00,16.89
8d82989b46a15271fe364e6492758722,1,e95ee6822b66ac6058e2e4aff656071a,a17f621c590ea0fab3d5d883e1630ec6,2017-10-24 01:46:05,21.33,15.10
8e337e3b4df76fa95a5e03ba9675cb56,1,99a4788cb24856965c36a24e339b6058,4a3ca9315b744ce9f8e9374361493884,2017-05-18 22:35:14,89.90,12.13
8e337e3b4df76fa95a5e03ba9675cb56,2,99a4788cb24856965c36a24e339b6058,4a3ca9315b744ce9f8e9374361493884,2017-05-18 22:35:14,89.90,12.13
8ee4362f8dfc794ac7cb9b309b4a87b3,1,c1b851dcfa2dd09a9349f396b2daeacb,6c7d50c24b3ccd2fd83b44d8bb34e073,2017-08-31 08:15:09,99.00,25.53
8fc32fd1d663bcad34398d254fcce471,1,21d2fdced5c69bfc6539b67908a4ad28,1554a68530182680ad5c8b042c3ab563,2018-06-29 19:42:23,169.99,51.48
9024a48543f0247467a77a9208311c07,1,8d2597b69d4374f067b17eba13383a0e,709e16e2b25c7474d980076c6bfc4806,2017-11-20 17:30:37,43.90,15.10
905564c4ef42ed11c74cc6f3d1919bcd,1,f2a286e75c6c6022c0e7242e12a39079,fa1c13f2614d7b5c4749cbc52fecda94,2018-04-16 04:10:50,168.90,8.37
917d8fa5446854ac034de2f57c82bbee,1,eab67bf937aaadc19f83383a331d2dd9,7c67e1448b00f6e969d365cea6b010ab,2018-04-12 19:27:54,149.99,16.92
91c72081ae9c08e96d0bc952f73e6188,1,d5991653e037ccb7af6ed7d94246b249,25c5c91f63607446a97b143d2d535d31,2017-06-26 11:25:25,149.84,18.30
91c72081ae9c08e96d0bc952f73e6188,2,d5991653e037ccb7af6ed7d94246b249,25c5c91f63607446a97b143d2d535d31,2017-06-26 11:25:25,149.84,18.30
91c75b7ba1ec17918b96773bc0f8f443,1,672cd55beec76a54b88a865280fd9e5a,45c20d94d9171b0bcfab3c955e47d67b,2017-05-11 13:50:15,5.99,16.05
923452229b8bb09c9011ced5f73a0893,1,5a6e53c3b4e8684b13388d6aa4afdf12,7299e27ed73d2ad986de7f7c77d919fa,2017-03-31 13:25:06,15.99,14.52
923dbd74822b55ab663759d1bb50823f,1,535a23504a92e3e42a5cd54256c75b17,f45122a9ab94eb4f3f8953578bc0c560,2018-03-08 10:15:31,125.99,15.63
92e0a2b039d9ce627cbcc94ecf879f87,1,c3d0861113018ae43eaf47fcf5f0229b,0b3f27369a4d8df98f7eb91077e438ac,2017-11-20 15:30:30,98.67,13.03
932fbcd8ff83452581f2b710115f094e,1,2708ea4fc1340081efeffbf11f14d765,f8db351d8c4c4c22c6835c19a46f01b0,2017-05-11 12:32:00,129.90,26.82
93bb367e257c000bd449a46fd0e75e56,1,d088332df74647f2fa0a24d226b5d784,cd06602b43d8800bd0afad514919d35c,2017-03-24 17:56:16,24.30,10.96
93d350ebaa988529d9b1988c454035b2,1,e78506414d2563b6414cfd84b7fa0802,fe2032dab1a61af8794248c8196565c9,2017-08-29 11:10:18,179.00,9.45
93fe3d332271d38d6974bec644168f57,1,c4baedd846ed09b85f78a781b522f126,a1043bafd471dff536d0c462352beb48,2017-10-05 20:14:26,99.00,22.83
9463979a72f79c0324a07095d572007e,1,3003a2841d6a775095317139ed2f7943,6f83d9e4da896daae20b9b6b2d3ff8d2,2018-03-29 02:27:39,57.90,18.29
9486c11941b06fdf44a70c74c0d03ed3,1,1533438056d9a9bcb1295afd304e36df,1ce3ae5a399804d1a87e706f8a813c3e,2018-06-11 17:55:19,39.50,18.23
953924bfb9b567973c9f02020eb17eab,1,6a8631b72a2f8729b91514db87e771c0,128639473a139ac0f3e5f5ade55873a5,2018-05-17 22:13:44,29.90,37.45
95f621764d58ab2736abbffb39a183da,1,595fac2a385ac33a80bd5114aec74eb8,ef0ace09169ac090589d85746e3e036f,2018-04-08 23:28:08,117.70,22.53
9617fe1d020cfc23b838a49896e0f4e0,1,9a4b403e612ff2c3b4867b318bb65d56,95e03ca3d4146e4011985981aeb959b9,2018-04-16 00:36:01,28.99,9.06
963258c35a8f30e4ab41bb49c4e493c7,1,7ce94ab189134e2d3c05f496d635419c,8b321bb669392f5163d04c59e235e066,2018-01-23 03:38:42,13.65,7.78
96c26f94aabe1e27bcc5068044c5da90,1,c1617123e66d2491ca93ceadfd36203e,b2479f944e1b90cf8a5de1bbfde284d6,2018-06-14 18:30:38,54.99,22.96
970b0850a5b6ccaa34a0e887e8d10a5b,1,389d119b48cf3043d311335e499d9c6b,1f50f920176fa81dab994f9023523100,2018-03-23 20:28:03,53.90,13.46
970b0850a5b6ccaa34a0e887e8d10a5b,2,389d119b48cf3043d311335e499d9c6b,1f50f920176fa81dab994f9023523100,2018-03-23 20:28:03,53.90,13.46
970faa2fc574e975f2badf8b2783c112,1,3b4ea3aae09e99353a54922da11954c3,3d871de0142ce09b7081e2b9d1733cb1,2017-11-17 18:06:46,89.00,13.64
97117f0564b324e2fde477ebb108bc11,1,c5b6cb0ce3279d64025831b972bf5dee,3d871de0142ce09b7081e2b9d1733cb1,2018-01-16 03:33:48,89.00,13.64
982e90afe2a0e9a5b5b69165a47c3a4e,1,8c591ab0ca519558779df02023177f44,a1043bafd471dff536d0c462352beb48,2017-05-03 20:42:27,99.99,28.89
98464a5096e400810b94bb93f38924c9,1,3db0b74faf0d26a6b252528659d6b849,c4f7fee5b0db50e87766f5a4d1b1b758,2018-07-18 12:15:29,2299.95,104.77
98b7513b33b639343a4a8955906e61a4,1,9f7b48e2d4e4d7375f71a10791faa1b8,259f7b5e6e482c230e5bfaa670b6bb8f,2018-01-23 17:50:43,59.90,19.91
9950e10864fad6c02ade4829884ebd39,1,368c6c730842d78016ad823897a372db,1f50f920176fa81dab994f9023523100,2017-11-30 03:17:23,49.00,17.67
99d330b158a97e4b525cb725fa9571ec,1,f10a869cdfe48a282e6dc920da718e9e,abcd2cb37d46c2c8fb1bf071c859fc5b,2018-04-26 17:30:55,95.90,52.80
99e34b586d1fa26ea713021ff647d18d,1,e034c021254ff4d8da4e936e047967af,6b15924333bd1a741595fe981ea04822,2017-03-16 08:20:56,24.90,14.52
9a55824805066e5b894f07c60e254854,1,bb549d441943088b73b5c0281dbc7ba7,e333046ce6517bd8bb510291d44f0130,2017-09-01 11:44:16,115.00,13.83
9af89743e7144e56b5e028a248174ef1,1,99a4788cb24856965c36a24e339b6058,4a3ca9315b744ce9f8e9374361493884,2018-03-08 15:15:24,86.90,16.24
9b156799a5b75cdf61bd52c0f7e04b61,1,da3d93a1cb86a9e0369c04900f413a5d,be9a160a9011f627c3e121d076c1ec7b,2017-10-10 19:49:22,269.00,19.13
9b18393baecb1432441d81ce51e14fbf,1,e5ae72c62ebfa708624f5029d609b160,88460e8ebdecbfecb5f9601833981930,2018-08-01 15:59:45,59.90,13.76
9b867baf23bb7cd0720825a08a58dcac,1,e06d5e832b37064a0f5193515b16f44f,d91fb3b7d041e83b64a00a3edfb37e4f,2018-03-22 19:00:34,95.00,18.55
9b881df263e0c26b3fb8584bc0da7317,1,55b04296824029ae20bbeb3b200e69d0,6c7d50c24b3ccd2fd83b44d8bb34e073,2017-12-07 15:30:44,39.90,13.37
9bee2a0789ef47ce6515c171c803a285,1,4583e308182e4e78d5b71b5af1804def,cd68562d3f44870c08922d380acae552,2017-09-11 13:50:10,169.00,26.46
9c23c5e00db2827a08ee53074a3eb60e,1,ff29d8cb1cd0cd5ea37b80dac9939e1c,8b321bb669392f5163d04c59e235e066,2018-02-15 18:50:28,18.90,14.10
9c3ac80bb91312f5c23ffc1097c4ba7d,1,32419eeccb0c6d8e9da9d62b9221757f,9f505651f4a6abe901a56cdc21508025,2017-12-07 23:31:27,9.99,7.78
9cfc94a00cf39aa53d8f701fade170b9,1,96cadd6d137bc9726fe1fae279d48631,91f848e9f4be368f4318775aac733370,2017-05-30 03:55:23,64.99,9.34
9d230d6d2c7b315e6420c9f2c0a85938,1,9ebfbbb1a5a173f758cb76d6ecc75f9b,d12c926d74ceff0a90a21184466ce161,2017-07-19 17:10:13,21.50,7.78
9d230d6d2c7b315e6420c9f2c0a85938,2,9ebfbbb1a5a173f758cb76d6ecc75f9b,d12c926d74ceff0a90a21184466ce161,2017-07-19 17:10:13,21.50,7.78
9d230d6d2c7b315e6420c9f2c0a85938,3,9ebfbbb1a5a173f758cb76d6ecc75f9b,d12c926d74ceff0a90a21184466ce161,2017-07-19 17:10:13,21.50,7.78
9d230d6d2c7b315e6420c9f2c0a85938,4,9ebfbbb1a5a173f758cb76d6ecc75f9b,d12c926d74ceff0a90a21184466ce161,2017-07-19 17:10:13,21.50,7.78
9d230d6d2c7b315e6420c9f2c0a85938,5,9ebfbbb1a5a173f758cb76d6ecc75f9b,d12c926d74ceff0a90a21184466ce161,2017-07-19 17:10:13,21.50,7.78
9d4be303e6a9cebfccda2d29624ca472,1,331a9e69c95aad991177b0f1ef85a261,70a12e78e608ac31179aea7f8422044b,2017-08-02 09:55:18,98.00,16.45
9d81bb437ca5583e95a56300b3576228,1,ecc10f919e8a150d1307eb88417a3d22,9c068d10aca38e85c50202e17b4a7e88,2017-10-19 11:49:33,60.00,20.91
9d9fcb45ee8881b84ca11e65a913941a,1,76b7fa5da50b22fe17d1e7bbde661106,2a261b5b644fa05f4f2700eb93544f2c,2018-07-13 03:10:10,45.00,26.62
9e50d6711cd120b8b6fecc98aca9d306,1,e0f33a3329af6716a0bb47fd7a664439,7e26c750b4cb9f6766f58265ff9ebe95,2017-09-21 07:50:08,49.80,12.48
9e98c3552018458c0a2dbfda35bbfbfb,1,53759a2ecddad2bb87a079a1f1519f73,1f50f920176fa81dab994f9023523100,2017-12-07 10:53:10,59.00,17.66
a0d5633fe92946ea39b59d2fd89d249c,1,440cb991a95f6a9c8918c112433f4d69,cfb1a033743668a192316f3c6d1d2671,2018-01-04 15:47:35,207.00,18.70
a178e361fe66cd0d0e9416db6da9ce1b,1,aa280035c50ba62c746480a59045eec4,fa40cc5b934574b62717c68f3d678b6d,2018-03-22 19:30:34,30.50,7.39
a187f41f4cc3a98eaf1e82f8b79c6fb2,1,f7f59e6186e10983a061ac7bdb3494d6,729f06993dac8e860d4f02d7088ca48a,2018-07-27 11:32:37,34.90,18.01
a1941edfbb473a7e0a9f1e7abbb773fd,1,6a2909ac21d16b721e4795e7e8ff3e68,0509040ea3fe50071181bbc359eb7738,2018-03-05 11:09:54,23.80,14.10
a216d63457e3501eeab4375752f0fbbe,1,f0ea71b6e2ab4cb3bd8f5ba522a25a56,ea6b12bf9ffe2bac34602ec631d97a47,2017-03-23 12:48:03,124.80,13.45
a26e448f7fe0273a370e603cd60933e0,1,04c4a4b9c924494fcf82e0fba966f955,86ccac0b835037332a596a33b6949ee1,2017-05-11 14:10:14,26.69,15.10
a3475ffe00b0ffdf1951a56d5a6b8102,1,2511e504fd7794c668a8521aabe3713d,da8622b14eb17ae2831f4ac5b9dab84a,2018-01-15 16:30:06,199.90,23.34
a3475ffe00b0ffdf1951a56d5a6b8102,2,a1efe4a86746c22541813e22e1d23e33,da8622b14eb17ae2831f4ac5b9dab84a,2018-01-15 16:30:06,169.90,21.47
a3475ffe00b0ffdf1951a56d5a6b8102,3,72f50924c42f32d9a236b7602686a49f,da8622b14eb17ae2831f4ac5b9dab84a,2018-01-15 16:30:06,254.90,32.67
a3e866227b2e2569279dc36cbab3944b,1,242edc6b84c00f0d48c664a020a92c52,6cd68b3ed6d59aaa9fece558ad360c0a,2018-02-02 00:49:05,58.90,15.17
a49b30472ac98d5d5e1889d3ce2974b1,1,4daa4067268d95d34658a10bdc86f1af,d98eec89afa3380e14463da2aabaea72,2017-11-30 15:14:32,99.99,9.26
a4d63c74eb133a700461000c2e8df158,1,0067f97995b0c3a86739734dc87ee6b6,6560211a19b47992c3666cc44a7e94c0,2017-04-28 19:15:12,79.00,14.31
a5c681209e1bcb90066e530c285ce2c5,1,eec68ed7d496bb2ee6aa0a69bb78acd2,5f5b43b2bffa8656e4bc6efeb13cc649,2017-12-21 20:51:36,89.00,9.44
a65ca70a0647f6ec2e7b4a0a49d3a500,1,15d8ac236009f0d5e74a5033a53ba460,710e3548e02bc1d2831dfc4f1b5b14d4,2018-02-15 07:48:28,309.99,15.90
a67a7dcbea2b5ce61ba8bc99ff7362db,1,628f5ed6c14790dcb9233c8dbf596175,04308b1ee57b6625f47df1d56f00eedf,2018-08-17 08:24:06,527.90,63.98
a6b4a07846eeb32164672a9299ab8aa3,1,c0704b7b41d23540e8576c5e84484dcb,729b2d09b2a0bdab221076327f13d050,2018-03-29 12:27:29,35.90,12.79
a6f1dca3527b8ae1a077c9c9375d9f06,1,bb580ac04bfbc59d40fdf59a5dfc2a8b,70a12e78e608ac31179aea7f8422044b,2017-11-09 13:06:31,79.95,15.31
a7b5e82b294d8eac1109824b0194abb9,1,b93ce2bec0961862bd811f643e704566,4917cee8d902e13428c3ec4b1ca6f315,2017-06-30 11:55:08,149.00,31.79
a8305d2dfd60042d6000b3de3bc533a3,1,3952bdd2bc1fc8c324a78de21ae4d801,8a87611c08849ffeeccab52aa798b6c7,2017-01-30 23:48:56,60.00,14.18
a93517c2ce1c5cf1b4d0f513f712e6dd,1,9a4b403e612ff2c3b4867b318bb65d56,95e03ca3d4146e4011985981aeb959b9,2018-01-29 17:44:12,28.99,15.11
a9fa7ea99c0724de00e9d31f2a39a723,1,f4d450a6163f21cf9db8bcdf8c7e50f8,67bf6941ba2f1fa1d02c375766bc3e53,2017-12-05 15:16:32,274.00,58.07
aa5604bf192f6ee61a0ef7b63fed898c,1,223d34a3d9334039f5ff9511dc044bbb,53243585a1d6dc2643021fd1853d8905,2017-09-18 12:55:17,209.00,20.00
ab82b0d931d692c586fadda4ef9c1397,1,53759a2ecddad2bb87a079a1f1519f73,1f50f920176fa81dab994f9023523100,2017-07-25 03:50:27,59.90,13.44
ac13993b49f8254ca1d6ab536c035473,1,aca2eb7d00ea1a7b8ebd4e68314663af,955fee9216a65b617aa5c0531780ce60,2018-01-11 22:48:17,69.90,16.12
ac3d89654ac9458fc97bfeace44251d6,1,1463ac0b4db553452c58c71a65c395cf,f5b44895715ddfe3087dc414f30268f3,2018-03-19 03:50:45,19.00,18.23
ac8f8a6e0d980aae7905fb9b3480078d,1,89bbac967e47033f5d8c15527de1ef9f,2528513dd95219a6013d4d05176e391a,2017-06-29 15:42:49,269.00,26.72
acb2afbcbcc3be10924f75fd3b6c98d8,1,e482ad963bfb9a9abc51b9850aca97b7,c2d70ce2c5d0a2eb75e78668236e6dc8,2018-07-25 09:18:26,49.00,15.44
acb2afbcbcc3be10924f75fd3b6c98d8,2,e482ad963bfb9a9abc51b9850aca97b7,c2d70ce2c5d0a2eb75e78668236e6dc8,2018-07-25 09:18:26,49.00,15.44
ae0fffa23dda62380795c427a8f734e8,1,cac9e5692471a0700418aa3400b9b2b1,7ea5bfa6c340f58f8e71fc1f0412b0d6,2018-05-23 00:54:51,99.49,10.50
ae8a31461eb719be6507a81916beb77d,1,f28b94930035f99d65318418b424750c,7caa63f175b1cecbfaadd8b5ab9998c7,2018-01-08 17:13:34,19.90,7.74
ae8a31461eb719be6507a81916beb77d,2,fad824f446c61e0e6e1e8644c17a9f59,53e4c6e0f4312d4d2107a8c9cddf45cd,2018-01-08 17:13:34,18.99,10.32
af4de5572edcf4dac89b10578b09c496,1,50fcba527cde578e212f114ba5cfdfef,7a67c85e85bb2ce8582c35f2203ad736,2018-03-02 19:15:40,72.99,11.73
b079c98bfa00c43a0fa13df10b7d9d2f,1,56677610baf20ec5c96361f374b46153,6edacfd9f9074789dad6d62ba7950b9c,2018-03-23 07:08:08,44.90,15.23
b178e047b185d2f781a3646f88ec3e52,1,b0961721fd839e9982420e807758a2a6,1f50f920176fa81dab994f9023523100,2017-09-18 00:44:04,59.90,13.44
b2568132625046ee9b5384ad5bd26977,1,624dfd4e171c102a6b6f50a83e522019,83b08de96980757220871b31bf6cffca,2017-10-19 17:15:17,99.89,9.71
b26eb89dfb4e2d970274ef0c668fd43a,1,79d2c1de4aaac73cf031b5e1f03a68aa,670c26e0f1bf8d0576271d5cfaec6d2b,2018-03-22 20:15:37,55.90,13.51
b2c1d65b858a8658622354076fafbd0c,1,19c91ef95d509ea33eda93495c4d3481,06a2c3af7b3aee5d69171b0e14f0ee87,2018-08-23 14:30:16,122.99,63.11
b2d88e5f45a8f1f5215146eeb66d49c7,1,461f43be3bdf8844e65b62d9ac2c7a5a,4869f7a5dfa277a7dca6462dcf3b52b2,2017-11-01 07:14:14,146.00,12.52
b3311a70844e97acd4e111dac452a341,1,d3060c543b1b88a647cc284ed7a9dd4a,f67efa3f0b6761102a7f8c6b7b571f5d,2017-03-28 15:13:20,109.99,20.26
b33710c706a29d2ee76bc234d77edd84,1,fbce4c4cb307679d89a3bf3d3bb353b9,c33847515fa6305ce6feb1e818569f13,2018-06-21 19:58:20,129.00,41.19
b3878761474174aa7dfaa4140dd91ae5,1,5a848e4ab52fd5445cdc07aab1c40e48,c826c40d7b19f62a09e2d7c5e7295ee2,2017-11-27 04:06:31,122.99,15.61
b48c1dd4cb4c98e4dceeb753c952c961,1,f4fb1fcc46bdd61b314fe0292175e5db,12b9676b00f60f3b700e83af21824c0e,2018-03-22 23:00:29,199.00,63.42
b5da536992b01709ece25ec74fbd0ebc,1,a62e25e09e05e6faf31d90c6ec1aa3d1,634964b17796e64304cadf1ad3050fb7,2018-01-31 19:13:15,108.00,16.52
b5fd688e3b4992b03fe982e9d569653b,1,112e1856649c6762c1ca6058d07f2633,440dd6ab244315c632130ecfb63827b1,2017-09-13 10:38:10,92.90,16.41
b60e4bb897c3faf7417e11850072fab0,1,b60856ce32d90658dbf99b9485327c25,8b321bb669392f5163d04c59e235e066,2017-11-30 18:52:35,9.00,14.10
b62939b805109a6cc3874aa9ae3ac253,1,787049a00ace087394d4183387405ee1,9d5604a1f112324ad6b2aa552122e0fb,2017-11-22 22:15:51,40.00,16.92
b67c515c4ce95d8b4b79cce37eaf9e23,1,3dd2a17168ec895c781a9191c1e95ad7,de722cd6dad950a92b7d4f82673f8833,2018-02-14 07:55:24,149.90,44.90
b983574a488ab6b6bf5355f8ea775f7e,1,242ec3ff603c92ddc1e59d83b9e40a2d,d98eec89afa3380e14463da2aabaea72,2017-06-11 21:04:21,25.00,15.10
ba6db6908932a9ed2a611c82ef295d37,1,062619359d5f9a664606cb2a6ccb477a,b1fecf4da1fa2689bccffa0121953643,2017-03-24 00:54:38,121.99,17.28
bab00350f5ef0c26654bc8eb1b90ea9f,1,ee6c49af1a2de55aa0e076257ab4ab99,1c68394e931a64f90ea236c5ea590300,2018-02-28 11:30:31,144.41,17.45
bafd325431534dcd8f9bbd75c67db66f,1,81c891c541361f1108fe9e2a645324d9,5dceca129747e92ff8ef7a997dc4f8ca,2017-04-11 14:10:13,869.90,60.67
bbcc1c8c6b1353a43012bfe1b7380a29,1,b9e247fc923da7d723c2545b76efe01e,1da3aeb70d7989d1e6d9b0e887f97c23,2017-11-03 16:52:54,11.99,4.52
bbcc1c8c6b1353a43012bfe1b7380a29,2,b9e247fc923da7d723c2545b76efe01e,1da3aeb70d7989d1e6d9b0e887f97c23,2017-11-03 16:52:54,11.99,4.52
bbcc1c8c6b1353a43012bfe1b7380a29,3,3685c687db4b3d2da5085d23b408e93a,1da3aeb70d7989d1e6d9b0e887f97c23,2017-11-03 16:52:54,11.99,6.53
bbf99c13cca74b92b287695076073f09,1,781afe929e3016a667f5f439afd55fce,08633c14ef2db992c11f840f04fad4cd,2018-06-25 03:31:47,107.90,8.92
bc8206fa80d1bcd38257bd4550932b78,1,05a9dadb8402b6b7ae3dd28f7da187b5,522620dcb18a6b31cd7bdf73665113a9,2018-03-13 02:16:03,149.00,28.42
bca647a251ea21807ba8cf824272dcfd,1,389d119b48cf3043d311335e499d9c6b,1f50f920176fa81dab994f9023523100,2018-08-08 21:05:15,49.90,41.33
bd80c61aa79867f184f4b01d69b6c03c,1,87a9ce65cf1cfe4f8a81d3c25f0b8874,66dc1b1632bd6a3e508510c5b3492107,2018-08-06 22:30:14,79.90,13.22
bd814ae8402bcbe563ceed37d1b7db49,1,3e442d09f9dfef002aadf31960869f65,85d9eb9ddc5d00ca9336a2219c97bb13,2018-05-22 04:55:05,28.90,15.23
bd8c777b163d434c13d72bc016869c97,1,cf857bce01d442bb8631a548a4432def,271c58a1d139c45eaf3316107c6d3a3b,2018-08-09 18:25:14,119.90,27.79
be617734b5af69d1f5af08af4a1ac32d,1,b141c668aca84c5877a5c66bd94fedc8,da8622b14eb17ae2831f4ac5b9dab84a,2017-09-20 23:24:26,29.90,15.10
be617734b5af69d1f5af08af4a1ac32d,2,0a4093a4af429dc0a9334300e5c13ae5,da8622b14eb17ae2831f4ac5b9dab84a,2017-09-20 23:24:26,29.90,15.10
bec7d5a25c600cedea70947a1aa39092,1,1a405418406359cc2b8815f93bf359c2,4d6d651bd7684af3fffabd5f08d12e5a,2018-05-11 09:14:14,139.90,36.11
beee47428ec6a6984d07930d75eb3c17,1,56c0a9eb43edf8247a0a2ef0f08af0f5,6fd52c528dcb38be2eea044946b811f8,2017-12-28 15:31:21,129.89,17.48
bfaf2a2f0abc56602d3b0fcf99576126,1,99a4788cb24856965c36a24e339b6058,4a3ca9315b744ce9f8e9374361493884,2017-08-03 02:23:32,89.90,25.91
bfbd0f9bdef84302105ad712db648a6c,1,5a6b04657a4c5ee34285d1e4619a96b4,ecccfa2bb93b34a3bf033cc5d1dcdc69,2016-09-19 23:11:33,44.99,2.83
bfbd0f9bdef84302105ad712db648a6c,2,5a6b04657a4c5ee34285d1e4619a96b4,ecccfa2bb93b34a3bf033cc5d1dcdc69,2016-09-19 23:11:33,44.99,2.83
bfbd0f9bdef84302105ad712db648a6c,3,5a6b04657a4c5ee34285d1e4619a96b4,ecccfa2bb93b34a3bf033cc5d1dcdc69,2016-09-19 23:11:33,44.99,2.83
c0b7fa0a374f7d9ed01d813a0aa67f71,1,c48ac418b79aeb75f30be25ea192b6ff,4e06067cc08b3f41d837768d392c3ee3,2018-02-27 22:55:04,19.99,15.79
c235e3fbe42d171c9177e6664107170d,1,dcb7642f668e09b75d526454940124b9,92eb0f42c21942b6552362b9b114707d,2017-07-07 19:25:13,12.50,7.78
c2e3096cfe14dd179f75dc83746fe2a8,1,e0cf79767c5b016251fe139915c59a26,da8622b14eb17ae2831f4ac5b9dab84a,2018-03-05 09:48:21,29.90,11.85
c2ef874559083f9b66c092fe59f382b2,1,ab1f9387c0627dd24000bfbc54fdeee0,8b321bb669392f5163d04c59e235e066,2018-05-09 00:30:31,12.25,7.39
c33d4d6f164d581e80ca8b8b11bf45ae,1,2cb04e10eeaa0cc28bb0b7db018c9056,128f9bfbe4c7d5185033914b1de3d39a,2018-06-22 12:02:09,91.90,14.95
c3c35f2d43a0d5fd996de1f3b77ffa0d,1,4abef02c9dfc89006cb3d501d1f291c1,d98eec89afa3380e14463da2aabaea72,2017-02-15 18:05:27,50.00,16.05
c3cf38b5ae4bba4ccb2082824d3066e0,1,6cdedcaa72a7ac7fd354bc71adb02ddf,59b22a78efb79a4797979612b885db36,2018-02-26 07:30:40,199.00,32.14
c41d1d484d6eba6e4d8d981ed0768193,1,aa50ff149386fb0469e22f41b39652a6,ea67327e24487bdfac5fbfa37ea124df,2018-07-24 21:23:08,162.50,21.78
c41deac864c11ed028c447061d233e3b,1,e855e71e84e8f333d5f82f54e22fda48,25e6ffe976bd75618accfe16cefcbd0d,2017-10-13 16:25:58,88.00,14.37
c57cf7b41f793c7c74b7e51f236eb57f,1,d189fbf8b5d79a670cebcaaad68d77b2,0d85bbda9889ce1f7e63778d24f346eb,2017-08-21 03:50:22,59.90,18.04
c588d6fe9640b6198171ed8c30981057,1,7783fe1498ca5fafb9bb45c8a1d117e4,d91fb3b7d041e83b64a00a3edfb37e4f,2018-07-03 13:30:59,17.19,18.23
c5c6895d5f18ff51c8fb2af8121d1c9c,1,5d2d01b64b76916f0cbe74e407041187,53e4c6e0f4312d4d2107a8c9cddf45cd,2018-07-12 12:25:56,36.40,8.42
c5c8bc5afd5caf252e62d89148e0d342,1,021c41b063949bf529b79289c58e0a8b,e067ad2c1c0b48758eb1b5228bcf7a68,2018-06-24 23:31:20,103.00,14.30
c77ab6252aa05bf818cb8b39d4879b21,1,cb6c1c21ebc9c153a7baf319c515657a,85d9eb9ddc5d00ca9336a2219c97bb13,2017-08-31 03:04:19,31.90,15.10
c88c214c277ccf07d8f8992b66796546,1,76052d3aafb407055d02120f56cc8a26,2a261b5b644fa05f4f2700eb93544f2c,2018-04-19 16:52:28,135.00,23.53
c977f4831578bc1ea3d13592827eb6fb,1,68ad45d48d69404aeb71ce87e1b2c948,7c5b05cbdb5542049f38d90d7815b97d,2018-07-02 03:31:26,59.89,19.61
c99f7c8803c7a958c31ba67e7432ba16,1,26ef5c7fd62e0e6334083bb274a003ba,e96498ed8daaa3e9c23f7a62da76591c,2017-11-30 14:35:48,229.99,16.37
ca629f02433156bf7577b63a9dc1615e,1,9882de2a7da613f71ce16f22e42d50d8,4c498c7345e89aebad651544829beca0,2018-02-08 00:15:38,67.90,14.23
cc652a820b30631f5db92ac08dcadbc7,1,6f20930691e0163bb23c9570a1a98402,c8b0e2b0a7095e5d8219575d5e7e1181,2018-02-07 15:31:40,56.99,8.72
ccc1762fa4bea334f80983e3f3a933b6,1,85b99d83c60cab5b4d8f927ad35212a1,b335c59ab742f751a85db9c411a86739,2017-09-03 23:45:13,72.90,17.76
ce01ef7df5891810a0899cd241279caf,1,90948d9a060616a06ed14846f7f1749c,dbd66278cbfe1aa1000f90a217ca4695,2018-05-10 02:53:40,119.00,21.91
ce6f24ccb16af897b7650022beead374,1,196616257eff8bc851dc4fc041cbbbe9,701938c450705b8ae65fc923b70f35c7,2017-05-31 09:02:15,103.97,45.19
ce6f24ccb16af897b7650022beead374,2,196616257eff8bc851dc4fc041cbbbe9,701938c450705b8ae65fc923b70f35c7,2017-05-31 09:02:15,103.97,45.19
ceddfcaa82b18d944e4de24213a6fd4a,1,32bb152336c896d906a6344cdbe1993c,1025f0e2d44d7041d6cf58b6550e0bfa,2018-04-23 15:09:09,200.00,22.48
cf4d00ace6566015d92509e1cc8b243e,1,3c169334e3cd4e710ef729a014d38b2a,5f2684dab12e59f83bef73ae57724e45,2017-12-12 17:30:43,109.90,13.11
cf8f7b73e35cb19ff895c2f45c1ded72,1,3d36f403ac27db5c5b8faa68836e3d1f,77530e9772f57a62c906e1c21538ab82,2018-03-01 07:08:17,99.00,12.40
d0ddded2fb44f032154b6149cce5e2e6,1,fb7a100ec8c7b34f60cec22b1a9a10e0,d98eec89afa3380e14463da2aabaea72,2018-03-21 19:20:40,49.99,22.85
d0f706ec8a0d8cd8b1733c1f2f7f4701,1,e9def91e99c8ecb7c5cef5e31506a056,850f4f8af5ea87287ac68de36e29107f,2017-12-06 23:31:44,69.99,9.34
d32d839e4c6f7772888cc70c40f23abe,1,852b19e59727d554cf958607536d86d9,4869f7a5dfa277a7dca6462dcf3b52b2,2018-01-24 23:30:34,334.90,17.09
d34d57040fbd8cc561fddf442352f8eb,1,ba4a91633739ceceb2b73b627e2cfbc3,7c67e1448b00f6e969d365cea6b010ab,2018-07-02 19:21:17,139.99,35.97
d41019a8da12cde6c8dba824444cf38d,1,165f86fe8b799a708a20ee4ba125c289,7ddcbb64b5bc1ef36ca8c151f6ec77df,2018-01-16 12:36:29,166.99,23.49
d454b242faeb348060250fcf92c1db01,1,3606696d19bbcad6cb6c0e985749862f,d624126b9206f595fb3fbb6ba03b28a8,2018-06-18 15:06:01,36.90,16.45
d454b242faeb348060250fcf92c1db01,2,3606696d19bbcad6cb6c0e985749862f,d624126b9206f595fb3fbb6ba03b28a8,2018-06-18 15:06:01,36.90,16.45
d458c1c3490c500eb8ee41abe912626e,1,5a848e4ab52fd5445cdc07aab1c40e48,c826c40d7b19f62a09e2d7c5e7295ee2,2018-02-08 12:55:56,122.99,14.61
d523e3017b5b43a3ce38bfc92347c050,1,15859e3a8aaa3c192c10a91d8722abd5,e5a38146df062edaf55c38afa99e42dc,2017-11-23 17:15:20,314.97,13.41
d696730916dce1a0a88fb9f34407ecb2,1,622bad99b4296aade0783ebecdd3fa15,376a891762bbdecbc02b4b6adec3fdda,2017-08-10 03:05:13,98.99,17.97
d7b00090ed4c28c03afc316bc0a2ec17,1,7cfda1a28e3673a7dcf2094f856bf54b,81a1104df0f08b59c68aa5b03cfe398e,2018-04-23 05:50:00,139.90,16.95
d7d0eb9fb2a389917e37fc5411078df4,1,4c9d4ba4d612c9cb5c7180d711077d33,3b15288545f8928d3e65a8f949a28291,2017-07-06 13:30:16,76.99,15.29
d836fc392b89243c807bf3366c68fbee,1,868766ed2172644fdd977d6bd395a107,4a3ca9315b744ce9f8e9374361493884,2018-07-05 12:31:22,65.10,18.56
d8ae8039b59ce1eb9a0f9579e07d30c7,1,f6dc856631040b5a7843b14a94b09b96,340636a908b13bbe0f4fb63fbe1d0c03,2018-03-05 03:32:38,110.90,65.59
d8d281c1a1398a1e835fdc4adfb81e2a,1,9e0873e9ac04b12f282b81af5daebd2e,2c43fb513632d29b3b58df74816f1b06,2018-07-30 09:31:49,664.00,38.41
d8f4c65b2259adf42e2f7f51a82fc8d0,1,95ed9ac528aa2547407e6dff356c12ba,54965bbe3e4f07ae045b90b0b8541f52,2018-06-12 21:12:47,79.90,26.64
d9e5305b48eff370ffafa031d6027518,1,a6621d4ee609f3f917d04c11ca8f0161,7aa4334be125fcdd2ba64b3180029f14,2017-12-11 04:20:02,86.99,17.86
da48ff98ca6bec2aa39f5cce1db9f04b,1,de480e3ae31eea2d2d97d694c43172fc,1838dd9b8977065acf51d95e0053ea7a,2018-01-17 19:40:25,28.90,15.10
db4e3bec0b52410d044c3f9d6bd6f804,1,408e5a84e3b1333dc8be734b100ba3d2,ff69aa92bb6b1bf9b8b7a51c2ed9cf8b,2018-06-24 23:16:30,569.00,123.59
dba3d308cfb77b3fcc46a50e560080bb,1,5edfda97608b60c12ad5f3139d026bfb,2bf6a2c1e71bbd29a4ad64e6d3c3629f,2018-01-11 22:51:30,1850.00,48.27
dca63e525f9401c2d75b39006727511b,1,06c38a87544301cba8b0fb5a0796383d,dd533b429f380718b70ad9922c294bae,2017-06-15 15:15:16,52.90,23.24
dcd9141cf681c0a831e8988b32156d3c,1,27b8857ca0d1477e1ad34ffaba0b642c,70a12e78e608ac31179aea7f8422044b,2018-06-05 11:54:32,79.00,12.99
dd12f57a8bc06b6105b3e8c0c1bdbabd,1,703d742887bb9267f89b675608ba7aa0,640e21a7d01df7614a3b4923e990d40c,2018-07-31 05:50:11,56.10,19.58
dda427569144edf4a458f8fed9d5ca4a,1,e7890707ac0e4e190a74aa46c92e2c94,6560211a19b47992c3666cc44a7e94c0,2017-09-13 02:50:33,59.00,15.16
ddff0e1a8a73007a387e5edb05973958,1,6a83dafadbcf4112388e8173860dd3b7,888faa8bfb0b159c37de6d898b961c31,2017-09-14 12:50:20,42.69,16.11
ddff0e1a8a73007a387e5edb05973958,2,6a83dafadbcf4112388e8173860dd3b7,888faa8bfb0b159c37de6d898b961c31,2017-09-14 12:50:20,42.69,16.11
de2bff9e29299dc921f2e276c8408400,1,2d4500a3d35334916c955b3c365dbefe,ba90964cff9b9e0e6f32b23b82465f7b,2018-04-09 08:09:01,1199.00,22.39
dec35be986f60651db9bd0edded4ff75,1,da93657c402ea46729003c282352d727,c3cfdc648177fdbbbb35635a37472c53,2017-08-02 03:43:43,109.90,17.02
df0036e685fb491dbb08531f082ddbb6,1,a9028257171c93a8d948ff95a0082b0d,31eec405c9bb71dec8e2629a92e764fa,2018-08-13 21:10:21,26.00,18.28
df5c9b471c8cb2bf4fd5d986d8811ed1,1,e48cff5b3591c9466cd84fcea1f1b3e4,4e922959ae960d389249c378d1c939f5,2017-09-19 22:30:17,18.00,15.10
e0017093576ff7e25777c2d023eb1cd9,1,57d79905de06d8897872c551bfd09358,ea8482cd71df3c1969d7b9473ff13abc,2018-06-29 15:16:21,21.99,15.25
e010818e0f8eab0076d80f8699a22aa6,1,3ff90de8afa748b1f8441607fb2b1e49,4a3ca9315b744ce9f8e9374361493884,2018-05-29 02:31:48,87.00,4.91
e010818e0f8eab0076d80f8699a22aa6,2,0d86ff0b639e969a11a7b3dce67e181c,3b15288545f8928d3e65a8f949a28291,2018-05-28 02:31:48,99.99,24.57
e0e3cde1bd7f993b460771481843727f,1,18721a85f6f265d6137dfc0f88cc0534,d2374cbcbb3ca4ab1086534108cc3ab7,2018-04-19 13:55:19,59.90,17.93
e0e3cde1bd7f993b460771481843727f,2,e50ee1b5ca5566f7f341e115533015f5,d2374cbcbb3ca4ab1086534108cc3ab7,2018-04-19 13:55:19,59.90,17.93
e0e3cde1bd7f993b460771481843727f,3,10adb53d8faa890ca7c2f0cbcb68d777,1900267e848ceeba8fa32d80c1a5f5a8,2018-04-19 13:55:19,19.90,4.48
e13ef2072b1d65c486d7b9fbf5dc6f01,1,71fddf41cc1719c5550ebc5d0ab86357,1127b7f2594683f2510f1c2c834a486b,2017-04-10 05:45:36,10.91,10.96
e15504d16c775034b44d4637a745a5a5,1,c2ad928095a0d199c4d44b2194119ce2,b561927807645834b59ef0d16ba55a24,2018-03-13 12:30:32,29.30,22.85
e15504d16c775034b44d4637a745a5a5,2,145140d23f166a1166dc4437107df8cc,b561927807645834b59ef0d16ba55a24,2018-03-13 12:30:32,29.30,22.85
e1d72d08a94712bb04f2e4194ba776b8,1,0c787112ac1b5dce38f58d7feb8c23d7,1bb2bdb95f4841f1bba2c0d2cd83d3c9,2018-08-10 06:44:36,24.95,12.84
e1da8361c76cab67aa3588a1fbf1af54,1,e0d64dcfaa3b6db5c54ca298ae101d05,7e93a43ef30c4f03f38b393420bc753a,2017-07-10 04:10:19,235.99,17.41
e1e7bf45ba3cdff55983f9c1741384a0,1,4b4a4a757b32080f88805beb030d7955,acce39e832338debb07b02385cde5967,2018-08-09 15:10:19,119.90,17.03
e243d2b9a888be9451926d6053edf2a6,1,990d135e28e075648cb7d83198fdccf4,d9bd94811c3338dceb4181f3dbc0c73e,2018-06-06 20:50:09,77.98,16.52
e3194d56283622975638628a739c9e84,1,6eb70dfb283dc3f645ed7b03c990dc72,7d13fca15225358621be4086e1eb0964,2018-05-09 14:31:13,55.00,12.83
e3be8e7970afa286e942ea4273061bae,1,b24d74b0c697ec38e9e6da20fa7b80d6,2646baaf662d4d92ac48f047e35db92d,2018-07-13 04:31:27,59.00,23.21
e3e1d2fe1c3f816ace8a772a4dff8a1d,1,2a2d22ae30e026f1893083c8405ca522,1a3df491d1c4f1589fc2b934ada68bf2,2018-01-19 16:48:34,148.90,17.69
e439b72b2d1f22819e11acbbc8102216,1,78efe838c04bbc568be034082200ac20,0241d4d5d36f10f80c644447315af0bd,2018-07-27 14:30:35,70.00,18.54
e531208eb155aa7ad31da8a797a6efe2,1,dc404a1496a08f9f5540c8b5d4b92925,46dc3b2cc0980fb8ec44634e21d2718e,2017-11-23 13:55:31,299.99,21.59
e56cf4189e005351c2158740a5861875,1,268a26bc460de02a94ec05d9ebb4c3e7,4e922959ae960d389249c378d1c939f5,2018-02-01 03:52:52,69.00,38.03
e57a80c38db54b7ff20c18cfe7bc2840,1,bea7ea61efe95658dcd899eea73f919c,7722b1df1b0e383e000397b2c11e3e19,2018-04-05 19:47:29,47.90,19.32
e65fa5f31ce4436d38bcf5e109fd43e4,1,acc444eb5ad26f79d5a11baa6a03c439,1025f0e2d44d7041d6cf58b6550e0bfa,2018-01-30 18:12:41,120.00,39.77
e70405e60d48ff7771de55e6b39a09da,1,9d8a0e115e802d845b4ce1eb794d1260,d05ae8f7a5bd1d2a690a44cd079e4e27,2017-11-06 12:10:23,120.00,8.26
e734700453d78cc2958b64b3b5613bcd,1,1e303cde4e3a92980a46ccb221a22e11,adcf50477d6a1f5d91bb9d54c4903cb5,2017-04-05 15:10:18,75.51,15.64
e7a1c10937aa6080039693c6dd27387d,1,6987398dff454a3138231540e2a6ec61,25c5c91f63607446a97b143d2d535d31,2017-10-18 10:28:17,134.00,18.19
e7a1c10937aa6080039693c6dd27387d,2,6987398dff454a3138231540e2a6ec61,25c5c91f63607446a97b143d2d535d31,2017-10-18 10:28:17,134.00,18.19
e7bbb39c507d08caa0aee263d3d6ca55,1,ca38c039b717207dec906f4fa9a21db7,59fb871bf6f4522a87ba567b42dafecf,2017-01-20 21:55:31,184.99,16.59
e894c57e9986a9c5936b17fe19400a6a,1,d33f55fbec1f19c63fc6854c2fd65925,1900267e848ceeba8fa32d80c1a5f5a8,2018-05-04 08:13:23,90.00,51.13
e910fb096edc468fd26534cb846e182e,1,2a2d22ae30e026f1893083c8405ca522,1a3df491d1c4f1589fc2b934ada68bf2,2017-11-06 18:55:18,149.90,23.92
e9965bb148ec7e8cb64c20b78218adf3,1,0abbc7837b3659615530515c12091add,31eec405c9bb71dec8e2629a92e764fa,2018-08-16 04:25:21,28.99,22.13
e9be35cf7ca8ab06ac0fe5cd85ffc0a9,1,87a71ae93900ab55fcf685c8040769b3,8b321bb669392f5163d04c59e235e066,2018-02-08 02:53:50,12.90,15.10
e9ce52cd563d0124dced659e69eab10a,1,0efb0a47500c44e05a5930cae12307d4,5dceca129747e92ff8ef7a997dc4f8ca,2017-07-18 02:10:59,259.90,53.01
eaa862b99d06a963cff6699021d83f09,1,aa8d88eb4b9cb38894e33fa624c4287f,6560211a19b47992c3666cc44a7e94c0,2018-06-26 00:30:45,55.00,7.65
eb07db9884e44e51d9f3f7e6ef2715d9,1,6c50c87e36d8641d67fbcceed5cfec5e,6560211a19b47992c3666cc44a7e94c0,2018-08-27 12:05:51,55.00,15.49
eb1873ec4d6a2af1c0626a7d08bd9c09,1,d2239567438e335a463191a43f2f02ff,b94cc9f10ddc85e4ba73a6f7974e7101,2018-05-18 18:17:57,799.90,28.18
eb22d6eb9946f4e045cffb03414af48a,1,f4f67ccaece962d013a4e1d7dc3a61f7,8581055ce74af1daba164fdbd55a40de,2017-11-30 15:56:14,229.04,33.89
eb22d6eb9946f4e045cffb03414af48a,2,4fcb3d9a5f4871e8362dfedbdb02b064,8581055ce74af1daba164fdbd55a40de,2017-11-30 15:56:14,143.80,23.31
ec3d63b91b19bedcbe453ea0df14dd50,1,214f3ddd6bf0b37fcc394a822e319a30,c70c1b0d8ca86052f45a432a38b73958,2018-05-24 10:58:35,110.32,7.64
eddf1b58726e1b53c010f681422195fc,1,76de7235ba0ddd12de1d998e1a5a1722,6c177e38df6d3f34182b1f1d427231bf,2017-08-14 15:30:17,80.00,16.00
ef3d3d6bac50c7e2e1cc25ba953e11f6,1,45a6892a98568b366b52ffeec9a03691,5f26c1408a65b42a7224cd463bdf3292,2018-08-06 10:35:13,29.90,22.14
ef4e154fd9b51d276fad7ed482b97e58,1,fe6a9515d655fa7936b8a7c841039f34,dc317f341ab0e22f39acbd9dbf9b4a1f,2017-10-26 16:49:12,249.90,69.21
efdd6716d5125862a11d4e354bd4ec3c,1,34d6306314a47fe15c1efdbc23302020,229c3efbfb0ea2058de4ccdfbc3d784a,2017-08-02 22:55:20,69.00,15.23
efff0f02714bda94c05b552d6603f6f9,1,5a0783457f0264ade6beeac64ba145f4,52f9db5cfb423382a2fa5c9e39303202,2018-02-12 07:10:24,59.99,11.92
f002422b59aa21ebc2c12136d1ab4019,1,b74d57e3377dd78aace6d070fc48cc88,4a3ca9315b744ce9f8e9374361493884,2017-11-03 02:55:18,65.90,16.22
f037c28c7c878c3d1df3485872d3b63b,1,aaa86a9a394d5df9490a43aa78b4a59d,6a8b085f816a1f75f92dbac6eb545f8f,2018-07-05 02:52:17,63.50,18.55
f080eea3284143410083852a499aa1ca,1,7340a3839a1de1e99d149b8cf052a2ec,4a3ca9315b744ce9f8e9374361493884,2018-07-10 03:11:21,69.90,19.68
f12cefe9433959386542247656221808,1,7cd368b177f37a01149c959266701c1f,f1ed6bd0a9b11b581f16c851c6a5a527,2017-04-10 17:42:41,49.90,31.05
f19b492f25812691633dffcf530146f6,1,a0c2204c3d4f44050951935fc9eac14f,47efca563408aae19bb7206c2d969ea9,2018-02-12 14:10:10,148.00,34.84
f222c56f035b47dfa1e069a88235d730,1,16ed6a6e3fce23b741650437fe58d65b,e5a38146df062edaf55c38afa99e42dc,2018-02-06 02:35:36,89.18,9.44
f23565614af219662cb662c56a0d2f71,1,c5e9b73e5f4c644885862ba3e1137b57,46dc3b2cc0980fb8ec44634e21d2718e,2017-10-13 19:49:57,199.99,16.16
f2fdb2c26514430fe5fc50af581e9d2c,1,6d2fde7d12bb6ff367dbda120ba8828e,897060da8b9a21f655304d50fd935913,2018-03-08 02:51:21,21.50,15.10
f30149f4a8882a08895b6a242aa0d612,1,00066f42aeeb9f3007548bb9d3f33c38,5670f4db5b62c43d542e1b2d56b0cf7c,2018-05-24 18:58:59,101.65,18.59
f313336cf2b038a3ef433d8e48aec4d5,1,6e6bc9eb53618579e6184f84ae04dba9,c70c1b0d8ca86052f45a432a38b73958,2018-05-24 03:12:54,110.32,7.64
f396e1280028fa9c8c83111abee5f2e9,1,6cdd53843498f92890544667809f1595,ccc4bbb5f32a6ab2b7066a4130f114e3,2018-07-19 04:31:53,364.00,36.90
f396e1280028fa9c8c83111abee5f2e9,2,9b1954fdd0f9b4ef4ee2d267ac9de4bd,f7ba60f8c3f99e7ee4042fdef03b70c4,2018-07-20 04:31:53,53.00,1.48
f3d418a0887dbfd5bd41c788c87ac28b,1,389d119b48cf3043d311335e499d9c6b,1f50f920176fa81dab994f9023523100,2017-12-18 03:36:30,59.00,33.72
f3d418a0887dbfd5bd41c788c87ac28b,2,97759b2e2035fcd87986a43119b56c7d,213b25e6f54661939f11710a6fddb871,2017-12-18 03:36:30,37.95,42.14
f454701e5160f7518990fcac29a81932,1,d7d4469347b566ef611163dc0b9cee2c,f45122a9ab94eb4f3f8953578bc0c560,2017-02-13 22:25:41,59.70,17.16
f454701e5160f7518990fcac29a81932,2,d7d4469347b566ef611163dc0b9cee2c,f45122a9ab94eb4f3f8953578bc0c560,2017-02-13 22:25:41,59.70,17.16
f4683514d8411fbd52a4f1524915fff1,1,5c973b4202aac5c372a483e712306f4f,391fc6631aebcf3004804e51b40bcf1e,2018-01-18 13:12:26,49.95,15.10
f49c0fbc31a71d739df8b7c13dd6ffd8,1,ac8cd7b94039a681dafe6f7d664864e7,41b39e28db005d9731d9d485a83b4c38,2018-02-21 15:46:42,13.90,3.55
f49c0fbc31a71d739df8b7c13dd6ffd8,2,b0c89945c034268074f5f80b362bda34,1835b56ce799e6a4dc4eddc053f04066,2018-02-21 15:46:42,29.99,16.07
f4b984332e7956371b352bb4edae2cac,1,f1c7f353075ce59d8a6f3cf58f419c9c,37be5a7c751166fbc5f8ccba4119e043,2017-08-15 10:35:22,200.00,15.01
f51fb43d2d69e83cc9cca35f9706798b,1,7b85e3deef35afd6ebed5461ee8f0641,897060da8b9a21f655304d50fd935913,2017-11-29 21:31:14,30.21,13.37
f538ab1833873a6a10bf9e563867c4cc,1,57f2bc497c1a3ebe41ba7a06d78ed159,6560211a19b47992c3666cc44a7e94c0,2018-06-27 10:55:30,55.00,7.65
f5e9edb4041a4f6ddaac3851ae7992ee,1,6803077179d24889430188e03fafd31a,128639473a139ac0f3e5f5ade55873a5,2018-03-15 11:30:31,19.90,13.47
f63a31c3349b87273468ff7e66852056,1,b861b1b731a9102704784b9912aca82a,4736e9d642ef4257cd7622516931eb51,2018-01-15 16:38:26,29.99,16.11
f65b97e0ce63435e9d58afec633f3f69,1,c6336fa91fbd87c359e44f5dca5a90ed,4c2b230173bb36f9b240f2b8ac11786e,2017-07-14 13:23:24,39.90,8.72
f7a1e468985217906faa7ad93b8a3f38,1,bee2e070c39f3dd2f6883a17a5f0da45,4e922959ae960d389249c378d1c939f5,2017-12-15 02:50:09,140.00,15.73
f7adb52b8785594c7e357054489e371a,1,c9dbe2eec19a8093cb5ac57486531c18,cca3071e3e9bb7d12640c9fbe2301306,2018-04-12 20:10:22,96.90,23.26
f9f75601353a50e58746860ba04dc47b,1,dd61e943598eec72351633dd6a72d5dc,cc419e0650a3c5ba77189a1882b7556a,2018-05-07 19:13:11,59.99,8.29
fae508e3ea9697ecb70c66eca76f4b63,1,00636f9286f69c9f1bdabe76e670fb50,cca3071e3e9bb7d12640c9fbe2301306,2017-02-17 15:19:05,27.90,14.52
fb612793f43e55d0df079f56c7ffb811,1,3cdb91cbeb22b6e87c8b595b68dfd5eb,c8467937e403e76a8ee9f0ab13f6f5ef,2017-12-05 02:16:49,149.90,18.30
fbe1b2aeb4cba6d2bc309c735a062549,1,4b4a4a757b32080f88805beb030d7955,acce39e832338debb07b02385cde5967,2018-08-03 16:15:14,119.90,17.03
fc124eec9edbb799119308d21bfaea54,1,79535f801c489bd33483bf6d67da9a86,d51e0a403fe2e689ece6c73359d96e12,2018-01-25 17:31:14,385.00,23.18
fc124eec9edbb799119308d21bfaea54,2,79535f801c489bd33483bf6d67da9a86,d51e0a403fe2e689ece6c73359d96e12,2018-01-25 17:31:14,385.00,23.18
fcffb64079d8d2cef5d9014ea91705d3,1,4150a78d94e1932852796a92cda4cd90,579891617139df7d8671d373f0669622,2017-06-20 20:22:27,34.90,15.79
fe64eabd5c2ee60296c45eba2835b9ef,1,b30d7b0adcdc4a117f455472548155ec,d91fb3b7d041e83b64a00a3edfb37e4f,2018-07-23 02:10:07,120.00,18.94
feedf8f109c19b01f36d6d87eb1e5dbc,1,e0d64dcfaa3b6db5c54ca298ae101d05,2eb70248d66e0e3ef83659f71b244378,2018-06-01 00:57:17,124.90,15.75
ff70ad5dd90ca8946ddb2ba48946c0e2,1,9a1671211dbf49fd18dd1bd16cff632d,381c83fdca332ea6afd896da20bf6e4a,2017-11-21 19:31:33,109.00,21.16
ff92e046b12e7380a5a54db4e3fdf615,1,7bb755757b4b21a1abc9cc6e9991a8ad,138dbe45fc62f1e244378131a6801526,2018-07-16 12:25:15,12.90,19.04
