seller_id,seller_zip_code_prefix,seller_city,seller_state
ccc4bbb5f32a6ab2b7066a4130f114e3,80310,curitiba,PR
2a1348e9addc1af5aaa619b1a3679d6b,30494,belo horizonte,MG
ef990a83bbea832f36ebe81376335aa8,89214,joinville,SC
0747d5bb69f0586cc869d8af4c50f93e,28990,saquarema,RJ
a416b6a846a11724393025641d4edd5e,03702,sao paulo,SP
7e93a43ef30c4f03f38b393420bc753a,06429,barueri,SP
7299e27ed73d2ad986de7f7c77d919fa,38440,araguari,MG
b2479f944e1b90cf8a5de1bbfde284d6,14940,ibitinga,SP
7722b1df1b0e383e000397b2c11e3e19,09715,sao bernardo do campo,SP
d650b663c3b5f6fb392b6326366efa9a,06713,cotia,SP
c2d70ce2c5d0a2eb75e78668236e6dc8,04275,sao paulo,SP
709e16e2b25c7474d980076c6bfc4806,16200,birigui,SP
0c8380b62e38e8a1e6adbeba7eb9688c,37410,tres coracoes,MG
37be5a7c751166fbc5f8ccba4119e043,04248,sao paulo,SP
7b07b3c7487f0ea825fc6df75abd658b,02016,sao paulo,SP
0ad80de75c811326389cfb1daba7d45e,20261,rio de janeiro,RJ
82e0a475a88cc9595229d8029273f045,03417,sao paulo,SP
4c498c7345e89aebad651544829beca0,06341,carapicuiba,SP
229c3efbfb0ea2058de4ccdfbc3d784a,30190,belo horizonte,MG
fa40cc5b934574b62717c68f3d678b6d,02310,sao paulo,SP
9e6229250fedbe05838fef417b74e7fb,16800,mirandopolis,SP
7178f9f4dd81dcef02f62acdf8151e01,89560,videira,SC
83b08de96980757220871b31bf6cffca,21820,rio de janeiro,RJ
a17f621c590ea0fab3d5d883e1630ec6,18055,sorocaba,SP
ececbfcff9804a2d6b40f589df8eef2b,14407,franca,SP
7d13fca15225358621be4086e1eb0964,14050,ribeirao preto,SP
1b4c3a6f53068f0b6944d2d005c9fc89,88730,sao ludgero,SC
4917cee8d902e13428c3ec4b1ca6f315,89031,blumenau,SC
7aa4334be125fcdd2ba64b3180029f14,18500,laranjal paulista,SP
a3e9a2c700480d9bb01fba070ba80a0e,14940,ibitinga,SP
9f505651f4a6abe901a56cdc21508025,04102,sao paulo,SP
7142540dd4c91e2237acb7e911c4eba2,16301,penapolis,SP
a3a38f4affed601eb87a97788c949667,89204,joinville,SC
9b013e03b2ab786505a1d3b5c0756754,11450,vicente de carvalho,SP
38e679b9e0064cd94c6f035707344dae,86010,londrina,PR
79ebd9a61bac3eaf882805ed4ecfa12a,85802,cascavel,PR
e067ad2c1c0b48758eb1b5228bcf7a68,11045,santos,SP
081acf3de680d554796c9cf041be7bc2,33200,vespasiano,MG
5f2684dab12e59f83bef73ae57724e45,05125,sao paulo,SP
8b321bb669392f5163d04c59e235e066,01212,sao paulo,SP
cab85505710c7cb9b720bceb52b01cee,02252,sao paulo,SP
6cd68b3ed6d59aaa9fece558ad360c0a,31255,belo horizonte,MG
955fee9216a65b617aa5c0531780ce60,04782,sao paulo,SP
751bdc4d83a466c7206cd42e8f426b03,09405,ribeirao pires,SP
ceaec5548eefc6e23e6607c5435102e7,03821,sao paulo,SP
5670f4db5b62c43d542e1b2d56b0cf7c,03694,sao paulo,SP
972d0f9cf61b499a4812cf0bfa3ad3c4,88359,brusque,SC
cfb1a033743668a192316f3c6d1d2671,18110,votorantim,SP
adcf50477d6a1f5d91bb9d54c4903cb5,35530,claudio,MG
ea6b12bf9ffe2bac34602ec631d97a47,07093,guarulhos,SP
259f7b5e6e482c230e5bfaa670b6bb8f,08550,poa,SP
f457c46070d02cadd8a68551231220dd,87047,maringa,PR
1f50f920176fa81dab994f9023523100,15025,sao jose do rio preto,SP
f7ba60f8c3f99e7ee4042fdef03b70c4,09628,sao bernardo do campo,SP
36f98ad67cc981f50ce8aed093d5783c,85904,toledo,PR
45c20d94d9171b0bcfab3c955e47d67b,13490,cordeiropolis,SP
f84a00e60c73a49e7e851c9bdca3a5bb,20756,rio de janeiro,RJ
e5a38146df062edaf55c38afa99e42dc,01233,sao paulo,SP
f45122a9ab94eb4f3f8953578bc0c560,13419,piracicaba,SP
1554a68530182680ad5c8b042c3ab563,37580,monte siao,MG
ede0c03645598cdfc63ca8237acbe73d,14092,ribeirao preto,SP
ef0ace09169ac090589d85746e3e036f,24451,sao goncalo,RJ
87142160b41353c4e5fca2360caf6f92,90230,porto alegre,RS
fa1c13f2614d7b5c4749cbc52fecda94,13170,sumare,SP
34d1ca11b242c0fee2c834ae8d788566,36415,congonhas,MG
d98eec89afa3380e14463da2aabaea72,90010,porto alegre,RS
23613d49c3ac2bd302259e55c06c050c,13660,porto ferreira,SP
c3cfdc648177fdbbbb35635a37472c53,80610,curitiba,PR
1ce3ae5a399804d1a87e706f8a813c3e,88715,jaguaruna,SC
5f26c1408a65b42a7224cd463bdf3292,86707,arapongas,PR
2138ccb85b11a4ec1e37afbd1c8eda1f,08250,sao paulo,SP
c8b0e2b0a7095e5d8219575d5e7e1181,08598,itaquaquecetuba,SP
38102b031c2a15e54623d711bfc753d3,62170,mucambo,CE
391fc6631aebcf3004804e51b40bcf1e,14940,ibitinga,SP
e84ad2127668df3aafc6b73531a0beb8,04613,sao paulo,SP
7c5b05cbdb5542049f38d90d7815b97d,05201,sao paulo,SP
6b15924333bd1a741595fe981ea04822,09541,sao caetano do sul,SP
47efca563408aae19bb7206c2d969ea9,64033,teresina,PI
6edacfd9f9074789dad6d62ba7950b9c,07135,guarulhos,SP
e5a3438891c0bfdb9394643f95273d8e,13483,limeira,SP
138dbe45fc62f1e244378131a6801526,02215,sao paulo,SP
6c7d50c24b3ccd2fd83b44d8bb34e073,19025,presidente prudente,SP
ba90964cff9b9e0e6f32b23b82465f7b,07140,guarulhos,SP
2a261b5b644fa05f4f2700eb93544f2c,13660,porto ferreira,SP
f680f85bee2d253556ac91be391d2c82,06365,carapicuiba,SP
7ea5bfa6c340f58f8e71fc1f0412b0d6,30180,belo horizonte,MG
1a3df491d1c4f1589fc2b934ada68bf2,89224,joinville,SC
6560211a19b47992c3666cc44a7e94c0,05849,sao paulo,SP
0b90b6df587eb83608a64ea8b390cf07,87025,maringa,PR
8a87611c08849ffeeccab52aa798b6c7,82940,curitiba,PR
a420f60ff1aa9acc80d0e42959f2b313,05138,sao paulo,SP
c4f7fee5b0db50e87766f5a4d1b1b758,18085,sorocaba,SP
2646baaf662d4d92ac48f047e35db92d,03303,sao paulo,SP
33a17d60c64393351ebf1ef860f4e0f2,91510,porto alegre,RS
640e21a7d01df7614a3b4923e990d40c,14940,ibitinga,SP
2089a6d640999f9b9141ac719b2af596,13566,sao carlos,SP
b94cc9f10ddc85e4ba73a6f7974e7101,27930,macae,RJ
53243585a1d6dc2643021fd1853d8905,42738,lauro de freitas,BA
b1fecf4da1fa2689bccffa0121953643,79107,campo grande,MS
cc80e2f693fa6e2408f47ccf62413fc1,81050,curitiba,PR
f3b80352b986ab4d1057a4b724be19d0,71200,brasilia,DF
cd68562d3f44870c08922d380acae552,14050,ribeirao preto,SP
701938c450705b8ae65fc923b70f35c7,15014,s jose do rio preto,SP
59b22a78efb79a4797979612b885db36,38414,uberlandia,MG
ea8482cd71df3c1969d7b9473ff13abc,04160,sao paulo,SP
5b925e1d006e9476d738aa200751b73b,04567,sao paulo,SP
fe2032dab1a61af8794248c8196565c9,13030,campinas,SP
be9a160a9011f627c3e121d076c1ec7b,89256,jaragua do sul,SC
12b9676b00f60f3b700e83af21824c0e,95780,montenegro,RS
4ebdc7e6cd6102a022dadc49156d4ea8,05030,sao paulo,SP
612170e34b97004b3ba37eae81836b4c,93542,novo hamburgo,RS
4b9750c8ad28220fe6702d4ecb7c898f,13484,limeira,SP
271c58a1d139c45eaf3316107c6d3a3b,03632,sao paulo,SP
f84fa566034f5e8e880a07ec624c56af,13330,indaiatuba,SP
b1ac6ea7895bc3dd6f0f6f4abbdd2821,92030,canoas,RS
41b39e28db005d9731d9d485a83b4c38,09220,santo andre,SP
2eb70248d66e0e3ef83659f71b244378,13101,campinas,SP
6061155addc1e54b4cfb51c1c2a32ad8,13043,campinas,SP
cd06602b43d8800bd0afad514919d35c,04119,sao paulo,SP
dbc22125167c298ef99da25668e1011f,37564,borda da mata,MG
d91fb3b7d041e83b64a00a3edfb37e4f,11704,praia grande,SP
c864036feaab8c1659f65ea4faebe1da,83605,campo largo,PR
5f5b43b2bffa8656e4bc6efeb13cc649,04880,sao paulo,SP
d9bd94811c3338dceb4181f3dbc0c73e,04186,sao paulo,SP
dbd66278cbfe1aa1000f90a217ca4695,05588,sao paulo,SP
9c068d10aca38e85c50202e17b4a7e88,79400,coxim,MS
7c67e1448b00f6e969d365cea6b010ab,08577,itaquaquecetuba,SP
66dc1b1632bd6a3e508510c5b3492107,17210,jau,SP
b335c59ab742f751a85db9c411a86739,38442,araguari,MG
01fdefa7697d26ad920e9e0346d4bd1b,86050,londrina,PR
eeb6de78f79159600292e314a77cbd18,88501,lages,SC
25e6ffe976bd75618accfe16cefcbd0d,05503,sao paulo,SP
e96498ed8daaa3e9c23f7a62da76591c,05373,sao paulo,SP
128639473a139ac0f3e5f5ade55873a5,87050,maringa,PR
376a891762bbdecbc02b4b6adec3fdda,74323,goiania,GO
579891617139df7d8671d373f0669622,20061,rio de janeiro,RJ
25c5c91f63607446a97b143d2d535d31,35680,itauna,MG
d2374cbcbb3ca4ab1086534108cc3ab7,14940,ibitinga,SP
0dd184061fb0eaa7ca37932c68ab91c5,07031,guarulhos,SP
0bae85eb84b9fb3bd773911e89288d54,88301,itajai,SP
08633c14ef2db992c11f840f04fad4cd,09416,ribeirao pires,SP
e88c9b79e592e370d6bd852eeefbf057,85501,pato branco,PR
acce39e832338debb07b02385cde5967,32110,contagem,MG
31eec405c9bb71dec8e2629a92e764fa,29300,cachoeiro de itapemirim,ES
888faa8bfb0b159c37de6d898b961c31,88750,braco do norte,SC
066a6914e1ebf3ea95a216c73a986b91,85863,foz do iguacu,PR
6d66611d7c44cc30ce351abc49a68421,04378,sao paulo,SP
76d5af76d0271110f9af36c92573f765,03194,sao paulo,SP
729f06993dac8e860d4f02d7088ca48a,13481,limeira,SP
cc419e0650a3c5ba77189a1882b7556a,09015,santo andre,SP
994f04b3718c2bab35c2adfa8afecd2a,13912,jaguariuna,SP
2c43fb513632d29b3b58df74816f1b06,30421,belo horizonte,MG
de722cd6dad950a92b7d4f82673f8833,51250,recife,PE
dc317f341ab0e22f39acbd9dbf9b4a1f,94910,cachoeirinha,RS
968268a686aa05d1f529fb07dff08130,01530,sao paulo,SP
54965bbe3e4f07ae045b90b0b8541f52,85851,foz do iguacu,PR
05ff92fedb5be47920fea08e501238b9,98803,santo angelo,RS
916c9de0b5ad957346eeeb12f332687e,80240,curitiba,PR
340636a908b13bbe0f4fb63fbe1d0c03,12240,sao jose dos campos,SP
1127b7f2594683f2510f1c2c834a486b,13087,campinas,SP
7caa63f175b1cecbfaadd8b5ab9998c7,02750,sao paulo,SP
59bbc819b99a733f02f0d6b49d1c253d,13043,campinas,SP
b2ba3715d723d245138f291a6fe42594,03470,sao paulo,SP
0aea4c6ae1505b3228ddf3dd7822ee5b,18080,sorocaba,SP
7ddcbb64b5bc1ef36ca8c151f6ec77df,04403,sao paulo,SP
3481aa57cd91f9f9d3fa1fa12d9a3bf7,13360,capivari,SP
bd0389da23d89b726abf911cccc54596,71691,brasilia,DF
855668e0971d4dfd7bef1b6a4133b41b,13257,itatiba,SP
1c68394e931a64f90ea236c5ea590300,87114,sarandi,PR
77530e9772f57a62c906e1c21538ab82,80310,curitiba,PR
ff69aa92bb6b1bf9b8b7a51c2ed9cf8b,08140,sao paulo,SP
6a8b085f816a1f75f92dbac6eb545f8f,14709,bebedouro,SP
dd533b429f380718b70ad9922c294bae,14781,barretos,SP
21c62b998a043ebe31161d38f84929fc,60110,fortaleza,CE
8090490573c6c0aa343a7231ebcb8c86,04130,sao paulo - sp,SP
f1ed6bd0a9b11b581f16c851c6a5a527,90240,porto alegre,RS
95e03ca3d4146e4011985981aeb959b9,21210,rio de janeiro,RJ
6c177e38df6d3f34182b1f1d427231bf,80430,curitiba,PR
381c83fdca332ea6afd896da20bf6e4a,80010,curitiba,PR
6fd52c528dcb38be2eea044946b811f8,08180,sao paulo,SP
f7720c4fa8e3aba4546301ab80ea1f1b,81350,curitiba,PR
4c2b230173bb36f9b240f2b8ac11786e,03933,sao paulo,SP
4e06067cc08b3f41d837768d392c3ee3,32604,betim,MG
cc5a78bbad32776dc4e3af205218368c,35501,divinopolis,MG
4e922959ae960d389249c378d1c939f5,12327,jacarei,SP
94e93ce877be27a515118dbfd2c2be41,15502,votuporanga,SP
8581055ce74af1daba164fdbd55a40de,07112,guarulhos,SP
c33847515fa6305ce6feb1e818569f13,88359,brusque,SC
8b8cfc8305aa441e4239358c9f6f2485,86020,londrina,PR
a3f0b55de503387383c7b1de3ad7f678,82400,curitiba,PR
ecccfa2bb93b34a3bf033cc5d1dcdc69,81810,curitiba,PR
c66dccfb3f109511246da627dd5a2498,11900,registro,SP
c8417879a15366a17c30af34c798c332,04445,sao paulo,SP
2528513dd95219a6013d4d05176e391a,06060,osasco,SP
318f287a62ab7ac10b703ac37435a231,04773,sao paulo,SP
730937bf88cb151eb2eb849f642fc213,13500,rio claro,SP
440dd6ab244315c632130ecfb63827b1,15502,votuporanga,SP
45d33f715e24d15a6ccf5c17b3a23e3c,18015,sorocaba,SP
16090f2ca825584b5a147ab24aa30c86,12940,atibaia,SP
b561927807645834b59ef0d16ba55a24,02955,sao paulo,SP
213b25e6f54661939f11710a6fddb871,13321,salto,SP
850f4f8af5ea87287ac68de36e29107f,04367,sao paulo,SP
643214e62b870443ccbe55ab29a4dccf,02134,sao paulo,SP
ce27a3cc3c8cc1ea79d11e561e9bebb6,03006,sao paulo,SP
0241d4d5d36f10f80c644447315af0bd,80330,curitiba,PR
729b2d09b2a0bdab221076327f13d050,17320,mineiros do tiete,SP
67bf6941ba2f1fa1d02c375766bc3e53,82400,curitiba,PR
897060da8b9a21f655304d50fd935913,14092,ribeirao preto,SP
d13e50eaa47b4cbe9eb81465865d8cfc,09210,santo andre,SP
da8622b14eb17ae2831f4ac5b9dab84a,13405,piracicaba,SP
710e3548e02bc1d2831dfc4f1b5b14d4,86600,rolandia,PR
620c87c171fb2a6dd6e8bb4dec959fc6,25645,petropolis,RJ
88460e8ebdecbfecb5f9601833981930,87030,maringa,PR
7d76b645482be4a332374e8223836592,01511,sao paulo,SP
cac4c8e7b1ca6252d8f20b2fc1a2e4af,13347,indaiatuba,SP
06a2c3af7b3aee5d69171b0e14f0ee87,65072,sao luis,MA
d05ae8f7a5bd1d2a690a44cd079e4e27,22775,rio de janeiro,RJ
2e1c9f22be269ef4643f826c9e650a52,04850,sao paulo,SP
f80edd2c5aaa505cc4b0a3b219abf4b8,03431,sao paulo,SP
562fc2f2c2863ab7e79a9e4388a58a14,13070,campinas,SP
7e26c750b4cb9f6766f58265ff9ebe95,30270,belo horizonte,MG
522620dcb18a6b31cd7bdf73665113a9,85801,cascavel,PR
85d9eb9ddc5d00ca9336a2219c97bb13,31255,belo horizonte,MG
a673821011d0cec28146ea42f5ab767f,03809,sao paulo,SP
dc4a0fc896dc34b0d5bfec8438291c80,14940,ibitinga,SP
e26901d5ab434ce92fd9b5c256820a4e,09350,maua,SP
9d5604a1f112324ad6b2aa552122e0fb,88075,florianopolis,SP
aac29b1b99776be73c3049939652091d,38408,uberlandia,MG
c826c40d7b19f62a09e2d7c5e7295ee2,07133,guarulhos,SP
d12c926d74ceff0a90a21184466ce161,02634,sao paulo,SP
72c5da29406b4234927b81855e7b64f6,07077,guarulhos,SP
0ed6ce5d87fd9c69eaacaeb778d67235,13473,americana,SP
cca3071e3e9bb7d12640c9fbe2301306,14940,ibitinga,SP
d51e0a403fe2e689ece6c73359d96e12,17580,pompeia,SP
b39d7fe263ef469605dbb32608aee0af,14940,ibitinga,SP
08ad4ac1388e4420ca531c3edfc46198,06663,itapevi,SP
2f4b9d112bfa44a214bc6cef085d17c8,29600,afonso claudio,ES
0d85bbda9889ce1f7e63778d24f346eb,38414,uberlandia,MG
d624126b9206f595fb3fbb6ba03b28a8,80045,curitiba,PR
f181738b150df1f37cb0bd72e705b193,06317,carapicuiba,SP
0b3f27369a4d8df98f7eb91077e438ac,07412,aruja,SP
04308b1ee57b6625f47df1d56f00eedf,88215,bombinhas,SC
91f848e9f4be368f4318775aac733370,03029,sao paulo,SP
7a67c85e85bb2ce8582c35f2203ad736,03426,sao paulo,SP
b372ee768ed69e46ca8cdbd267aa7a38,15013,sao jose do rio preto,SP
0ea22c1cfbdc755f86b9b54b39c16043,35700,sete lagoas,MG
fffd5413c0700ac820c7069d66d98c89,13908,amparo,SP
3c7c4a49ec3c6550809089c6a2ca9370,03804,sao paulo,SP
bbad7e518d7af88a0897397ffdca1979,01512,sao paulo,SP
8f119a0aee85c0c8fc534629734e94fd,06440,barueri,SP
a7f13822ceb966b076af67121f87b063,08577,itaquaquecetuba,SP
a2deecd5398f5df4987110c80a1972a3,05043,sao paulo,SP
de23c3b98a88888289c6f5cc1209054a,05530,sao paulo,SP
5dceca129747e92ff8ef7a997dc4f8ca,13450,santa barbara d´oeste,SP
3d871de0142ce09b7081e2b9d1733cb1,13232,campo limpo paulista,SP
86ccac0b835037332a596a33b6949ee1,89041,blumenau,SC
1bb2bdb95f4841f1bba2c0d2cd83d3c9,01257,sao paulo,SP
670c26e0f1bf8d0576271d5cfaec6d2b,87025,maringa,PR
f4aba7c0bca51484c30ab7bdc34bcdd1,01031,sao paulo,SP
e9d99831abad74458942f21e16f33f92,03542,sao paulo,SP
abcd2cb37d46c2c8fb1bf071c859fc5b,78020,cuiaba,MT
1da3aeb70d7989d1e6d9b0e887f97c23,04265,sao paulo,SP
53e4c6e0f4312d4d2107a8c9cddf45cd,13920,pedreira,SP
0509040ea3fe50071181bbc359eb7738,31710,belo horizonte,MG
5cf13accae3222c70a9cac40818ae839,38700,patos de minas,MG
4a3ca9315b744ce9f8e9374361493884,14940,ibitinga,SP
634964b17796e64304cadf1ad3050fb7,21840,rio de janeiro,RJ
218d46b86c1881d022bce9c68a7d4b15,14070,ribeirao preto,SP
813348c996469b40f2e028d5429d3495,13206,jundiai,SP
3b15288545f8928d3e65a8f949a28291,14940,ibitinga,SP
8e6cc767478edae941d9bd9eb778d77a,38442,araguari,MG
f5b44895715ddfe3087dc414f30268f3,18017,sorocaba,SP
c8467937e403e76a8ee9f0ab13f6f5ef,37704,pocos de caldas,MG
4371b634e0efc0e22b09b52907d9d469,02028,sao paulo,SP
afe0067131b73e40875c9b6c10bd2e21,35590,lagoa da prata,MG
8a32e327fe2c1b3511609d81aaf9f042,02443,sao paulo,SP
0f519b0d2e5eb2227c93dd25038bfc01,14940,ibitinga,SP
4869f7a5dfa277a7dca6462dcf3b52b2,14840,guariba,SP
1c5e4e49b9079480255b49d50aac1aa9,11030,santos,SP
4d6d651bd7684af3fffabd5f08d12e5a,17209,jau,SP
33576ec5412fb5905d876f12f33bfde6,80040,curitiba,PR
056b4ada5bbc2c50cc7842547dda6b51,26379,queimados,RJ
6f83d9e4da896daae20b9b6b2d3ff8d2,84925,pinhalao,PR
4736e9d642ef4257cd7622516931eb51,13424,piracicaba,SP
1025f0e2d44d7041d6cf58b6550e0bfa,03204,sao paulo,SP
59fb871bf6f4522a87ba567b42dafecf,03655,sao paulo,SP
a1043bafd471dff536d0c462352beb48,37175,ilicinea,MG
92eb0f42c21942b6552362b9b114707d,03504,sao paulo,SP
bce6a5ecf98e99fd2a8868b15c51f04b,07180,guarulhos,SP
52f9db5cfb423382a2fa5c9e39303202,19830,echapora,SP
0be8ff43f22e456b4e0371b2245e4d01,04461,sao paulo,SP
1835b56ce799e6a4dc4eddc053f04066,14940,ibitinga,SP
f67efa3f0b6761102a7f8c6b7b571f5d,82300,curitiba,PR
128f9bfbe4c7d5185033914b1de3d39a,12940,atibaia,SP
81a1104df0f08b59c68aa5b03cfe398e,83020,sao jose dos pinhais,PR
f8db351d8c4c4c22c6835c19a46f01b0,13324,salto,SP
1838dd9b8977065acf51d95e0053ea7a,30882,belo horizonte,MG
1b8b75e227c9a9c100d0c210fb6176ce,05468,sao paulo,SP
e333046ce6517bd8bb510291d44f0130,18950,ipaussu,SP
70a12e78e608ac31179aea7f8422044b,12327,jacarei,SP
beadbee30901a7f61d031b6b686095ad,07097,guarulhos,SP
d94a40fd42351c259927028d163af842,37443,baependi,MG
2bf6a2c1e71bbd29a4ad64e6d3c3629f,28615,nova friburgo,RJ
46dc3b2cc0980fb8ec44634e21d2718e,22240,rio de janeiro,RJ
165fc07beebdcb6190fba8a06db2a449,87015,maringa,PR
70eea00b476a314817cefde4aad4f89a,13250,itatiba,SP
d66c305afaec317ebee552073a674429,33936,ribeirao das neves,MG
66922902710d126a0e7d26b0e3805106,31842,belo horizonte,MG
1900267e848ceeba8fa32d80c1a5f5a8,14940,ibitinga,SP
17e34d8224d27a541263c4c64b11a56b,14085,riberao preto,SP
fe1b067411b8c5066e962aa146ccee03,19020,presidente prudente,SP
f9244d45189d3a3605499abddeade7d5,03029,sao paulo,SP
ea67327e24487bdfac5fbfa37ea124df,14940,ibitinga,SP
c70c1b0d8ca86052f45a432a38b73958,13186,hortolandia,SP
