review_id,order_id,review_score,review_comment_title,review_comment_message,review_creation_date,review_answer_timestamp
9a1ee0715c046406c61aa17f5c329f58,1882b3d31fb4a660930adb0ba04e8680,5,,,2018-02-20 00:00:00,2018-02-21 04:09:44
07234c593ecafa2ed6111b2f8fa8d7f6,970faa2fc574e975f2badf8b2783c112,3,,,2017-11-24 00:00:00,2017-11-24 18:29:40
39d9e0cd65655e7c8bc4f39a58a80e28,7bcb99610f15bdb8d701787bf59f0c25,5,Ótima ,,2018-05-10 00:00:00,2018-05-13 19:56:07
16063192d221c6f14be0b3444c761b92,93fe3d332271d38d6974bec644168f57,5,,"Gostei muito,chegou tudo certinho até antes do prazo de entrega.",2017-10-07 00:00:00,2017-10-09 12:14:18
1d7417a640f162ee02c7fae7b1288277,e9be35cf7ca8ab06ac0fe5cd85ffc0a9,4,,"Muito frágil, mas funciona certinho.",2018-02-17 00:00:00,2018-02-20 23:23:08
fb837deb43044179a59c4f70b62d331e,05ddf4cc62efcc6f34b8c693eaa2db01,5,,,2018-07-10 00:00:00,2018-07-10 22:28:34
c37988a3362a841ce0a0a8f2232884ab,d523e3017b5b43a3ce38bfc92347c050,1,,"Recebi o produto com cx aberta , sem lacre, sem nota fiscal, sem pedido de compra e com remetente diferente do anuncio. Quero devolucao do dinheiro. Descontentamento",2017-11-25 00:00:00,2017-11-26 10:14:23
634f58125561827033f70fb098fe0728,91c75b7ba1ec17918b96773bc0f8f443,5,,,2017-05-25 00:00:00,2017-05-26 15:17:33
63142d90d7415485e8a0b1551329da29,cf4d00ace6566015d92509e1cc8b243e,5,,,2017-12-20 00:00:00,2017-12-23 10:57:00
8a4a83a9799a8a97292efb518c9790bc,12f0d35d150a1645900980264e766cc6,5,,,2018-07-08 00:00:00,2018-07-11 02:41:49
d5afe15f58c18e891b2050e743e6be31,f63a31c3349b87273468ff7e66852056,5,,,2018-01-09 00:00:00,2018-01-12 02:04:24
5049aee7bccfb666608930ff550e5af1,5c5bddc85dbccc2797c8fcfc4aeeb3a7,5,,,2017-05-31 00:00:00,2017-06-01 01:10:02
7d5d5b80f2ac1142c163508f7d148144,23169ab372b70385fcc9668d29aad84a,2,,Achei que o blackout viria com um tecido em cima. ,2017-04-13 00:00:00,2017-04-17 12:47:12
91c7153668a6f9b248bc0c39443e85d1,0ea9a0ba0b616d087150d5db5f31fc6e,4,,,2018-04-25 00:00:00,2018-04-26 21:23:26
71e406af5efbb3faed1f3910278317bf,21ac7b9aaf4cb4e41aa7ed2722a0c2ab,1,Não recebi o produto,"Comprei um plafon com cristal e dois pendentes, consta no e-mail que me encaminharam que foi entregue, mas os pendentes não recebi, somente o plafon. ",2018-06-07 00:00:00,2018-06-08 14:43:50
cf36cceb2beb51547a9221d5b7ed4f35,93bb367e257c000bd449a46fd0e75e56,5,,,2017-03-29 00:00:00,2017-04-02 13:57:36
668738d5df03db4bcf8903968c4e9900,502fcc6b96f393f4aba791d5ba89b409,5,,"Chegou muito antes do prazo! Perfeita, linda, ótimo material, simplesmente amei. Super recomendo!!",2017-10-14 00:00:00,2017-10-16 14:32:32
1ae4c8e3bfb1ecf291da5ce6e3f0c708,5add03213ad417aab3988852ea890572,4,,,2017-09-12 00:00:00,2017-09-13 14:43:58
e77d48938c568f4d9ae8ad807f4b9c8c,c77ab6252aa05bf818cb8b39d4879b21,5,,,2017-09-13 00:00:00,2017-09-16 00:28:29
ecb62cd21609f60ff20ad39391dd42ac,5a42d01f5fdf7a96312618390f361e72,4,,,2018-05-12 00:00:00,2018-05-14 10:42:38
185f2867303d424125528defcfc7a0eb,6df2cfb6624c3e0b13775087f1cda182,4,,,2018-01-31 00:00:00,2018-02-20 16:49:39
ada1981b32895ea216ec6d4deee50220,f23565614af219662cb662c56a0d2f71,4,,,2017-10-19 00:00:00,2017-10-20 08:45:27
fb54766a5adf0d1b01b7539a754a1205,923452229b8bb09c9011ced5f73a0893,5,,Muito bom entregou antes do prazo,2017-04-08 00:00:00,2017-04-11 11:24:08
ad0ef8928097d92ca28832aae00136b8,418bafc9ec22366d00fdadab496b0215,5,,,2018-08-08 00:00:00,2018-08-09 01:40:25
3415c9f764e478409e8e0660ae816dd2,4d59cc2a2e7bb6c0a851725f5888a9b5,5,,,2018-07-31 00:00:00,2018-07-31 23:11:57
45820171d0342a3632bd23cd6217316e,eb1873ec4d6a2af1c0626a7d08bd9c09,5,,,2018-05-19 00:00:00,2018-05-20 15:00:40
fde17c74658ed97e0a0b6e1d2cfa18c9,e13ef2072b1d65c486d7b9fbf5dc6f01,4,,,2017-04-14 00:00:00,2017-04-16 23:20:37
a50fd6cb5bde51ea6ec6debf883beaa0,26967c9a40c842f7e0067b4ef5489082,3,,Comprei 2 produtos na loja e só recebi 1 estou aguardando o outro produto. Confesso que não entendi,2017-11-09 00:00:00,2017-11-10 22:14:53
bfb4ef37e004d2318f27c6d81e65591a,be617734b5af69d1f5af08af4a1ac32d,4,,,2017-09-22 00:00:00,2017-09-26 15:22:31
212a87af442f07f315eb8937c986ef92,b5da536992b01709ece25ec74fbd0ebc,5,,"Sem problemas na execução do pedido, satisfação. ",2018-02-08 00:00:00,2018-02-11 19:13:46
8104b5dccd66327bb2e1a7ece16fa99e,542b5e9b74a189f238b8ddb6f4805667,5,,,2018-07-25 00:00:00,2018-07-26 02:06:23
55799f93f998df0f22e6d40a13c485d7,4092d9bdc6d89d05a6d5be6ef304f627,4,,,2018-01-18 00:00:00,2018-01-20 20:03:12
86bf8dcd14cfcaf9689024bd2b4b320d,6c2d7d5f598317a20719a7e5f5487ece,1,,,2018-06-06 00:00:00,2018-06-08 10:08:53
c62e19e7cd011b989cd45ab8e6d286bf,9950e10864fad6c02ade4829884ebd39,5,,Entrega feita perfeitamente. Recomendo !,2017-12-13 00:00:00,2017-12-14 02:31:40
2e74786880732a0a1fa3be4ddd389764,67d234bcc416725cb502c08117a69500,5,,"Produto entregue no prazo, nada que desabone.",2017-06-20 00:00:00,2017-06-20 23:24:38
e9e9832f0e67bc7e1637c3d76df819f0,c41deac864c11ed028c447061d233e3b,1,,"Pedido com entrega parcelada
Ainda não recebi o outro produto
paguei dois fretes em um pedido
A compra foi feita por Lourdes Marli Barichello Conceição para o meu neto mateus, menor de idade.Pai re",2017-10-15 01:00:00,2017-10-17 15:18:04
a9260ad7d999dbb8ccbe9fa12ce0600b,5598657697983e852a752bb7c10f4d01,4,,,2018-04-20 00:00:00,2018-04-23 01:05:22
eaed35d9a092cda179b8a64bfd1b0fb3,f037c28c7c878c3d1df3485872d3b63b,4,,,2018-07-07 00:00:00,2018-07-16 11:14:24
d05c422edb42d2f625e4989572d0a554,9463979a72f79c0324a07095d572007e,3,,"Panela levíssima, bem acabada, com válvula de segurança e todos os itens importantes.

A única inconsistência é terem colocado um vidro no visor que embaça nos 1os 30 segundos de uso e nada se vê...",2018-03-30 00:00:00,2018-04-02 01:34:21
6c09da3097e834eb20846d6534175ef2,86e15c44520932e049ca96660a60b776,5,Recebido,Produto de qualidade!,2018-06-21 00:00:00,2018-06-22 09:14:46
c2a1496f0e313d0bbc23b2f8db46e949,6f85fa051c6abbc96216b2dfb6af04b4,5,,Otimo ,2018-03-13 00:00:00,2018-03-13 21:33:55
67fb20dc9e2c26bf256dd43fedd44687,5f82563eed1525084af012688a78398a,5,,,2017-10-05 00:00:00,2017-10-05 23:09:15
cdcdd6812527e83be4524b1a186765e6,a9fa7ea99c0724de00e9d31f2a39a723,5,,Minha banqueta são lindas e fácil de montar ,2017-12-22 00:00:00,2017-12-24 11:34:30
d5eddb51375d8e50a5148c243273fd83,bbcc1c8c6b1353a43012bfe1b7380a29,5,,,2017-11-01 00:00:00,2017-11-06 11:06:51
9d5cfc4943f6f724a28d60f8762d2860,8c1d4b6d5a4c76d480dc3f8e766b285e,5,super recomendo,muito rápido e seguro,2018-05-03 00:00:00,2018-05-04 13:28:57
35d222da76e765435d2930c78b02554f,b5fd688e3b4992b03fe982e9d569653b,4,,,2017-09-29 00:00:00,2017-10-02 11:49:38
bc5663dd5bf4d4c3f7b2d1abfaf6416e,d7b00090ed4c28c03afc316bc0a2ec17,5,,,2018-04-21 00:00:00,2018-04-22 11:33:36
09d88864a583715c394c11b37b56f482,f51fb43d2d69e83cc9cca35f9706798b,4,,"Nem usei ainda mas percebi que São boas
",2017-11-28 00:00:00,2017-11-28 15:36:45
8a8cd62f1260f732c65c5e2ac41e7e23,00324b3eda39ba5ecce3945823e3594c,5,,,2018-05-04 00:00:00,2018-05-06 01:41:52
74fef612bb900653627e340ecb47744b,17ad13a5069275b16fe6b68460d1545b,3,,"Na foto é lindo, mas pessoalmente não é nada igual!",2018-02-25 00:00:00,2018-02-26 03:15:41
905e790fca6664728a8f9edcc8d6f38d,61fa8d2ee24cc80feecf24ec94c68e8f,3,,não me foi informado que produto viria desmontado,2017-05-16 00:00:00,2017-05-17 13:30:02
b8784c6d4061efc8e6cc7d9b377cb934,6dabb450123d01750d1b176ea59026a1,3,,,2017-12-20 00:00:00,2017-12-21 01:09:29
8377ab2b2edd9909e86b15dace1b310c,a8305d2dfd60042d6000b3de3bc533a3,5,,,2017-02-02 00:00:00,2017-02-03 02:25:16
a94b8a3af219e00e3a2b10ab628df30a,e243d2b9a888be9451926d6053edf2a6,5,,,2018-06-14 00:00:00,2018-06-22 20:36:49
c3975f1cb44ed05e933ce737a515abf6,557de3912df820904b9204e0d1879256,4,,,2017-11-08 00:00:00,2017-11-11 11:24:35
477cc97effdd16a3262929c4bfc42180,d0ddded2fb44f032154b6149cce5e2e6,1,,,2018-04-12 00:00:00,2018-04-13 22:53:54
e7a642177c7164bb68079445fe3d0b5d,166e8da2582560e757c1c41e4a4148c7,5,,,2017-09-28 00:00:00,2017-09-28 23:42:56
dda37d2a5ccbf66c48b8a40ea5bde116,780d2033f54e261503435dd8a2873909,4,,,2017-08-23 00:00:00,2017-08-26 12:53:33
491472678e67595e9e7f38694883c793,f4b984332e7956371b352bb4edae2cac,5,,"Recebi o produto em excelente condição e recebi o produto bem antes do prazo estimado ! Em um dia útil o produto foi entregue :) Obrigada,",2017-08-09 00:00:00,2017-08-11 14:12:32
ba09bcd23270154d016525ad56e8a709,0d760576500ea8611379a97ddcebf3db,1,,,2017-10-07 00:00:00,2017-10-07 15:19:33
2bb31ae51bc42c50f2e65b4ac5b42338,7802207732bf2bf55f1994667489339b,5,entrava do produto ,O produto já chegou em casa um pouco demorado,2018-08-02 00:00:00,2018-08-04 04:14:59
bc85f39adbafaddfda29d372f3825873,f63a31c3349b87273468ff7e66852056,5,,,2018-01-11 00:00:00,2018-01-12 02:05:02
cd82ebbd3fafc74e5fdc83bc011a890a,ba6db6908932a9ed2a611c82ef295d37,5,,Entregue no prazo Excelente fornecedor ,2017-03-25 00:00:00,2017-03-27 20:51:43
e38cd348922c5568be9c4a4ce658d313,5945dfbdeb40f07705cb97a90c68b68e,5,,,2017-12-20 00:00:00,2017-12-20 19:04:39
3b24a89cf4752f0221de1910d56425bd,b67c515c4ce95d8b4b79cce37eaf9e23,5,,,2018-02-17 00:00:00,2018-02-17 20:07:55
4d84a42bd8dbcdc8d6de8ccecb56152c,8d3815553beb9e0a66908d8df19e7ffb,2,,,2017-11-15 00:00:00,2017-11-19 10:58:38
05180b5c590d947fc6036bb45255ebed,9cfc94a00cf39aa53d8f701fade170b9,4,,Recebi corretamente.,2017-05-25 00:00:00,2017-05-26 03:03:06
40d252544b72ae42b4b95ee6d93e04b5,c41d1d484d6eba6e4d8d981ed0768193,1,,,2018-07-26 00:00:00,2018-07-31 23:35:51
8ad708c348bc79023b5a2159b1fa5f1a,0bdfd876931ec6df01297b40e9672c12,5,,,2017-11-29 00:00:00,2017-11-29 21:01:03
d958e9e4a8a0de6204ef52daee1a6d55,286f5f216f1c33c728468b8049169006,3,,,2017-10-27 00:00:00,2017-10-28 08:00:54
a98aa3817c5f5df580302a49f1b3a5a6,a93517c2ce1c5cf1b4d0f513f712e6dd,1,,Cancelei o produto após a compra devido ao prazo de entrega ser 19 dias e chegar após o feriado de carnaval quando iria utiliza-lo,2018-02-06 00:00:00,2018-02-07 17:43:06
cfe9b886197710dc55832bd76e445d32,4b1e9e86e377397f8b305cc26fb038a9,4,,,2017-12-14 00:00:00,2017-12-16 15:03:08
364675f87053d5a64e25f5dfb299386f,2180c97a87cb56e53fff589f28985825,5,,,2018-02-21 00:00:00,2018-03-01 14:45:33
927e697b86066a6c1d30ffef83263727,9bee2a0789ef47ce6515c171c803a285,4,,"Eu amei a babá eletrônica, me ajuda muito na hora do meu bebê dormir no quartinho dele, ou quando não estou por perto. Chegou antes do prazo e em perfeito estado. ",2017-09-26 00:00:00,2017-09-27 01:07:05
b4e152d7ce77dc1f4015043ed3e4504d,bfaf2a2f0abc56602d3b0fcf99576126,5,,Excelente site de compras!!!!,2017-08-26 00:00:00,2017-08-29 12:29:00
6c3a11edfe66e4dc656d278ade638010,4a15263dd8da51ee9b6c6ed9fa843ee9,1,,,2018-06-10 00:00:00,2018-06-11 13:26:12
f0b29dcdd31d25bc3023b8c823a2dc69,01ba495d945c6a1c5b198bbad63e61c6,3,,A qualidade do produto não ficou a contento,2018-02-17 00:00:00,2018-02-18 12:14:17
de6f58173d0c4a3266bbdb292c48f410,8d82989b46a15271fe364e6492758722,5,,O produto foi entregue no prazo contratado em perfeito estado.,2017-11-02 00:00:00,2017-11-08 02:20:43
f587f7010ddab12ae3a57fa9f50cb630,65c5c8d2e87139529c41cf8307ba1f65,5,,,2017-05-10 00:00:00,2017-05-11 10:28:39
ebd988c31f0cae56de8d2926edce7ca1,df0036e685fb491dbb08531f082ddbb6,5,Entrega rapida,"Entrega rápida e produto em perfeitas condições.
Exatamente o que eu precisava.
Inclui parafusos.",2018-08-14 00:00:00,2018-08-14 19:43:45
625a6c6f1e4da4678b448da11cbd98e9,0849eaf857ddbba0d7a97887503f9795,4,,,2017-12-18 00:00:00,2017-12-18 20:18:30
0e6937fe4e203a6ec804b9628cae6c1a,ef3d3d6bac50c7e2e1cc25ba953e11f6,5,"Excelente, recomendo",,2018-08-10 00:00:00,2018-08-10 21:47:54
756b9640119efc87a3edcb18eaeecea5,b48c1dd4cb4c98e4dceeb753c952c961,3,,Tem que ter responsabilidade ,2018-04-05 00:00:00,2018-04-09 09:20:05
89d95576a835e4f0fbe9ecd09ded5252,eddf1b58726e1b53c010f681422195fc,1,,Eu comprei a bateria interna para samsung Galaxy A5. O produto que eu recebi não foi o que eu comprei. ,2017-08-18 00:00:00,2017-08-22 15:27:58
7cf44a60371607692314943a23901f89,6779036ed0ba358b53a569a733f3e408,3,,Não recebi o produto no prazo prometido.,2017-10-04 00:00:00,2017-10-06 22:00:37
1147baf11d86b3fc590d807756fa32bb,2ee460773e708be4e0208745a3864b8c,1,,,2017-08-09 00:00:00,2017-08-09 10:42:03
e7295d2d69c9dc3537acb63965249cf3,2c16fd106856fc1209898f20b68c943c,5,,Chegou dentro do prazo em perfeitas condições.,2018-02-06 00:00:00,2018-02-07 14:23:58
8f6eff43bed2c2ed1558002a9bf60579,5d1e025052895991d3f50688be8f626e,1,,,2018-03-10 00:00:00,2018-03-13 19:53:41
74c0e0e9a1655be70c5c34eb535be612,3147d340c802cf04b463c4a5e532745d,5,,Adoro comprar na lannister. Entrega super rápida. Recomendo.,2017-08-17 00:00:00,2017-08-28 20:45:39
2d42213ba7e168b249383b108c2f6262,dcd9141cf681c0a831e8988b32156d3c,4,Bom para ter,,2018-06-09 00:00:00,2018-06-11 23:01:21
6e5fbd6a4bf93225d59f46ec1bc6781c,6b89a78e042eff08232ab1fec808a30a,5,,,2018-07-28 00:00:00,2018-07-28 23:22:06
32778b3bdbaa7ae41053ca3e5444851d,7a3073d28930e698b650ba8cf83e741b,5,,,2017-05-30 00:00:00,2017-06-02 15:51:21
40ff631b27322f0d881a87477be378ac,dda427569144edf4a458f8fed9d5ca4a,1,,obrigado vou recomendar mais pessoas material de primeiraparabens.,2017-09-19 00:00:00,2017-09-22 00:05:39
73c39eb491f8a479d52d6f47ed7749fa,fe64eabd5c2ee60296c45eba2835b9ef,5,,,2018-07-27 00:00:00,2018-07-27 16:37:34
0b4356ee240b3e85b299e461bb9c566b,77fbc4cdd3be2594cbb02bac5e3ce914,4,Produto bom,Recomendo! /Qualidade e entrega dentro do prazo..,2018-07-12 00:00:00,2018-07-12 12:07:02
108a0b719ac5ee187371bfa5973c2e09,689e8820798347950a2649f71c734bd0,1,,,2017-11-01 00:00:00,2017-11-04 01:41:22
2d3b1802459909a151868085605311ab,e1da8361c76cab67aa3588a1fbf1af54,2,,,2017-07-13 00:00:00,2017-07-14 00:23:29
442e7e66d60f012ffd21e44489280a0f,3742e108eff3341dbaa5e22f6e2fd38b,5,,,2017-07-12 00:00:00,2017-07-13 11:57:11
fcbfcc15cd98e74175283a82dee4f7c1,09e90e3936db197d43b9bde1291c307d,1,Entrega nao feita,O pedido esta como se fosse entregue mais nao recebi nada,2018-08-10 00:00:00,2018-08-14 12:12:06
40629d084f8b09ab6b1d5971365d2a88,5795afd080b42134859d9b925c7919ea,5,,"muito rápido e tudo certo, recomendo.",2018-03-16 00:00:00,2018-03-24 13:48:53
e1ec2bcfcdfbb03051436512ce2a42b4,af4de5572edcf4dac89b10578b09c496,5,,Excelente produto recomendo,2018-03-06 00:00:00,2018-03-07 21:46:31
186eb606eb87821bac5223c0c6d20f38,17279938859725061b927842cc521d9d,1,,,2017-12-17 00:00:00,2017-12-17 04:21:13
638c55d560d1269eac04cc36c32aa612,062fb51d4257a8a7ef0bb5df1becde54,5,,,2018-01-24 00:00:00,2018-01-24 19:24:54
154076e76183157a3c0fe95b698e9fde,36e138bc060bf5e8b34ff5a25cdef48c,4,,,2017-04-13 00:00:00,2017-04-17 23:00:29
e84ef6d23ab21dc5439f63d7644cace5,f4683514d8411fbd52a4f1524915fff1,5,,,2018-01-19 00:00:00,2018-01-20 14:33:05
e587cf1954fc358343a8c510c8694269,5d36e8ca3ccd1262b7641467fdba0b8e,5,,Muito obrigada...vcs foram pontuais e uma loja com grande responsabilidade...,2017-02-10 00:00:00,2017-02-11 13:30:56
c7d50e6d80c20de4132af3bc8618fb6f,309f3a08287b7191569a15914e64c3d2,5,,Comprei um produto porém recebi outro. ,2018-01-11 00:00:00,2018-01-11 21:08:22
8f91e08cfb03051ac4e3f1b512eafc34,ae8a31461eb719be6507a81916beb77d,1,,"Comprei 2 itens atraves deste pedido, mas apenas o suporte foi entregue. O tapete não chegou até o momento, e consta aqui que os dois itens foram entregues! Favor peço me enviarem o tapete urgente!",2018-01-05 00:00:00,2018-01-06 02:39:37
118cea1913e2f9d91f24066bf570fe20,8b7b3969f3c39c57ab6c9d0df5741f39,1,,"péssima embalagem , tive que colar ele todo, fique com preguiça pelo preço de mandar de volta, mas não indico pra ninguém a loja...",2017-06-06 00:00:00,2017-06-06 23:52:37
6cc0c4614f137ee07191eb113ec09d0d,1523268cac9326ce1a5fbac7f88a6f20,5,,,2018-02-24 00:00:00,2018-02-25 18:16:31
0d855a8d51268d00b34ece34f8605455,0d71b869b9be4491cbc466910f186bd4,5,,Satisfação 100%,2017-06-23 00:00:00,2017-06-24 16:50:19
5c658ce8a44f9101a501d4df181a4227,ae0fffa23dda62380795c427a8f734e8,5,,,2018-05-23 00:00:00,2018-05-25 15:20:30
10678be3f6052f0533f4919d1dff7124,7ac0ea1aae0c98fd853d0baf7108099c,5,,,2018-07-13 00:00:00,2018-07-15 20:24:03
7833680b3f3a6cf2ee4f1af86f57ebc4,efff0f02714bda94c05b552d6603f6f9,5,,Ótimo,2018-02-10 00:00:00,2018-02-11 01:20:18
31dea3f72e482d520cd2f20f7d2a4383,f65b97e0ce63435e9d58afec633f3f69,5,,"O produto foi entregue em 4 dias, o fornecedor inspira a minha confiança eu o recomendo. ",2017-07-14 00:00:00,2017-07-15 01:08:55
922fc561acc74b44673b99c8e44cb9c8,8280bddb9636fd420fecbd96c5b0c877,5,,Excelente produto e vendedor recomendo a todos.,2017-11-11 00:00:00,2017-11-14 10:47:29
1cc3671e6ebcb2429314d7b7f5e1a31f,07460d5693ce1f6577ebd04b4ad091eb,5,,,2017-10-03 00:00:00,2017-10-04 00:16:48
a40b8caf5286eb51bd2ff74cc4573fb5,3c843728a555b7e433f4a128b82d6740,5,Satisfeito,Produto excelente,2018-07-01 00:00:00,2018-07-01 21:26:56
601e2aaf1fe8123d4ec751f85dfdf9b6,f2fdb2c26514430fe5fc50af581e9d2c,2,,"Não há prejuízo na impressão, pelo menos por enquanto, mas eventualmente a impressora informa que o cartucho não está corretamente instalado. É necessário retirá-lo e colocar novamente.",2018-03-16 00:00:00,2018-03-16 23:57:59
e5cc93647fe018d3c27289ce3ef9291b,c99f7c8803c7a958c31ba67e7432ba16,5,,,2017-12-16 00:00:00,2017-12-19 21:14:08
461dc3406e0fc48d6b163dd8593784ed,1343e1f31a0f108d5102319b6624021b,5,,Muito bonito,2018-02-21 00:00:00,2018-02-21 20:48:13
a7ada3eecc128552d63faf591e77c9c2,ca629f02433156bf7577b63a9dc1615e,5,,,2018-02-17 00:00:00,2018-02-17 19:33:55
a181639af578bf261703d3d090352ddd,a3e866227b2e2569279dc36cbab3944b,3,,,2018-02-04 00:00:00,2018-02-04 20:10:28
43e760928df5a52a682207ecf6ef9edb,47a2809ec3c2d8c1263a2e09fb62cbcf,1,,Solicitei cancelamento deste produto. Quero receber a tarjeta de devolução devolução para enviar de volta pelo correio. código,2018-02-24 00:00:00,2018-02-25 14:23:17
d0770ba565002fa6f474d0c30b3f1a16,8a4611e08772a0a101cbeee84f121200,4,,,2018-04-03 00:00:00,2018-04-04 13:16:34
6588d98c89e1f7c5b64c20e8cc2c53df,4a71c671955d20b872ceb6758387a3e5,1,,nao posso avaliar pois ainda nao recebi.26/12/2017,2017-12-24 00:00:00,2017-12-26 18:48:22
9eb42aa63e7e22a3fc5fe57375a16c54,dba3d308cfb77b3fcc46a50e560080bb,5,,"Excelente loja, ocorreu tudo certo e recebi o produto até antes do prazo.
100% recomendo.",2018-01-20 00:00:00,2018-01-22 19:24:25
0ad57b9e68d4d34814464772b6de54fe,75213e459cfe44a61c496c864e0a8c63,1,,,2017-12-17 00:00:00,2017-12-18 04:22:36
61a597b070ac07d623109c987e117db7,0733aab1e972ab531705cf45a1e77281,5,Recomendo,Tudo ocorreu conforme programado.,2018-05-04 00:00:00,2018-05-04 21:26:13
23157e5b687195aa6a49baec1a800a86,3a33027df93ac0a949a75fae9571b2cb,4,,,2017-12-15 00:00:00,2017-12-16 00:48:59
71ca07e5369eb8cd08fdc81bf625ba55,1958dfc7a44c7967a1f5339f67db8fe3,4,,,2018-01-14 00:00:00,2018-01-14 20:17:56
95918fb5d4aae9a0a6ffe306da8380ed,43443d5fff4b94d98df1ad41af13d302,1,,"Comprei 03 jogos, só foi enviado 01",2017-03-04 00:00:00,2017-03-05 12:38:08
047d92ec05ecc3159448b08fa8f825dc,ceddfcaa82b18d944e4de24213a6fd4a,5,,,2018-04-26 00:00:00,2018-04-26 22:20:35
cce8fdbd69a1ce5c61e1fb91c75930e2,fc124eec9edbb799119308d21bfaea54,5,,"Oi produto e muito bom, porém não vem informando onde comprar o refil de cola , no restante é perfeito. ",2018-01-27 00:00:00,2018-01-29 19:37:05
2a6da5b0decc346d36d0b650f84b516e,e7a1c10937aa6080039693c6dd27387d,3,,,2017-10-20 00:00:00,2017-10-20 23:41:27
750e5c916bd2f3cf92da04981a5c9cc5,f7adb52b8785594c7e357054489e371a,5,,Ótimo produto vou volta a compra ,2018-04-19 00:00:00,2018-04-19 22:11:16
b2c05b9173341236351c57a7bc459ea4,5bbb9f480d85449ab94a389f7cdae20b,5,,,2018-01-16 00:00:00,2018-01-16 22:31:07
00ac318012171fd4531b64991ab3a4bb,e70405e60d48ff7771de55e6b39a09da,5,,,2017-11-04 00:00:00,2017-11-08 11:41:30
f6bc2b7fb670edc173862b9d84fd12c5,d34d57040fbd8cc561fddf442352f8eb,2,,Produto chegou com um pequeno defeito.,2018-07-04 00:00:00,2018-07-05 12:47:52
83aeb283c78b04ba95603be7bdb535b5,520511b04850b7b40c753fb70aca7bcb,5,,"Lindo modelo, entregue adiantado...muito bom!",2018-04-18 00:00:00,2018-04-23 17:16:36
bebc230428dec50176e471b182512a45,ac8f8a6e0d980aae7905fb9b3480078d,4,,"Gostei do tapete. É muito bonito, porém achei o pelo baixo.",2017-07-08 00:00:00,2017-07-09 11:42:33
91f31b047f500b42c526f03904a800d8,db4e3bec0b52410d044c3f9d6bd6f804,5,Muito bem atendido. ,Estão de parabéns. O produto correto foi entregue antes do prazo estabelecido.,2018-06-26 00:00:00,2018-06-27 01:49:53
729a24242fdbda11577a9d6bc7c4140d,248deb3ef512379585029c544c063a3b,5,,,2017-08-03 00:00:00,2017-08-04 07:59:46
34b03eefcf3bef5dfe75b1b70fad79f2,1f0c014f0e64850a2020368551656dba,1,,"Houve agilidade na postagem do produto, porém os CORREIOS ainda não me entregaram a encomenda. Estou aguardando. Não posso fazer uma melhor avaliação. ",2018-03-16 00:00:00,2018-03-16 21:50:32
0f98c48a1e2c8f706c6e4fe5816ac047,e910fb096edc468fd26534cb846e182e,5,,,2017-11-15 00:00:00,2017-11-19 12:14:59
9b23b6368717d6be204180b843811061,86501b9ee48e914f406cd33ddf6f77fb,5,,,2018-06-02 00:00:00,2018-06-05 11:07:31
b1962ef690c2adec631839b04234dee5,c588d6fe9640b6198171ed8c30981057,5,dez recomendo,otimo,2018-07-10 00:00:00,2018-07-11 02:56:03
f9e3a02fd2b31a81acd165c73f605bcf,bafd325431534dcd8f9bbd75c67db66f,5,,,2017-04-20 00:00:00,2017-04-23 20:58:52
09106de84f2c8f8ba2fbc3406f5cd43a,21938ab3a8cc42a797d428700bcf04ee,2,,,2018-03-07 00:00:00,2018-03-10 14:32:48
15c7fdc7c72baa6a5886f1d1e6fa829a,68da13c8f4ec09d2e31633d8ea16c15e,5,,,2018-08-07 00:00:00,2018-08-17 17:20:39
3c006a448f77b24d683f83c2a2322a6a,793edc24e4e9b6c0fbb5b63b1c07910b,4,recomendo,"ainda não instalei, mas ótimo custo beneficio ",2018-07-31 00:00:00,2018-08-01 20:03:53
69edd7c8034b613bfc81b8bc239dac6a,d41019a8da12cde6c8dba824444cf38d,5,,,2018-01-31 00:00:00,2018-01-31 20:31:05
ca391ae6c0197840d6320f6784201959,e57a80c38db54b7ff20c18cfe7bc2840,4,,,2018-04-17 00:00:00,2018-04-18 04:09:24
a369964a146ee963f33e4a3b9d41ece6,7af8968dd47046c37943560bd00782b6,5,,,2018-01-16 00:00:00,2018-01-19 01:31:30
b1fb1b29686a6ee8505fec6bc6002d64,7b71869b0ed372d90284fcfbfbba82d9,3,,O colchão é de ótima qualidade. ,2017-09-22 00:00:00,2017-09-25 00:58:43
2702dd3b88297c621e365809d79f50db,d696730916dce1a0a88fb9f34407ecb2,4,,,2017-08-15 00:00:00,2017-08-15 19:26:14
dcecf8e3ba584a9ebe49439490a914bb,64307ceb91666760cf3ff463618302fd,5,,"entregue no prazo conbinado
",2017-03-28 00:00:00,2017-03-29 00:42:16
7d81592881b86d6ba09e4e5ae954a59d,f3d418a0887dbfd5bd41c788c87ac28b,1,,"Chegou o produto atrasado, faltando outro. Falta chegar os demais. O cliente está zangado.",2018-01-03 00:00:00,2018-01-06 01:48:57
494caf5e762b48b7275ef2ff25f36e3a,fcffb64079d8d2cef5d9014ea91705d3,5,,,2017-06-27 00:00:00,2017-06-28 01:04:58
c242e479827e7a13682aaef18d83210e,dec35be986f60651db9bd0edded4ff75,5,,,2017-08-01 00:00:00,2017-08-02 08:47:18
1ecc762897e1b2cf8c4a9c5c8b9aaf38,23dd9b9b8eb4352e2905bf46a41e5ad2,5,,,2017-05-12 00:00:00,2017-05-13 01:22:48
1e9d66752e37301432d4c470a3b7ca3b,e010818e0f8eab0076d80f8699a22aa6,4,,,2018-06-05 00:00:00,2018-06-07 19:19:47
2b81b4b91cb3848b85309c878cab7b8f,a7b5e82b294d8eac1109824b0194abb9,5,,,2017-07-12 00:00:00,2017-07-13 10:56:44
756424b9abdafbdabf48187e5dcfd0fd,b62939b805109a6cc3874aa9ae3ac253,4,,,2017-11-25 00:00:00,2017-11-26 13:30:37
225eea5af4e5d2c3fe5517566a25e45a,9c23c5e00db2827a08ee53074a3eb60e,3,,,2018-02-25 00:00:00,2018-02-27 09:22:46
5937d81cf570dcd7fd4fe8f5c9c293bc,d8d281c1a1398a1e835fdc4adfb81e2a,1,Serviço de baixa qualidad,"Recebi o produto errado.
Comprei um Soprador para Pet e recebi um bebedouro para Pet com a NF em nome de outra pessoa",2018-07-28 00:00:00,2018-07-28 23:33:39
a7f41a353edb37fdd0786dee2b65ca4a,886554d6a49f10154eb12b81a6c4ef4b,3,,,2018-03-25 00:00:00,2018-03-25 14:58:49
00bd944d680503fa282c3e83c45e7ffb,fbe1b2aeb4cba6d2bc309c735a062549,5,,,2018-08-07 00:00:00,2018-08-09 18:38:56
360a1e5aad702ed976352462c4d1dfa6,2bfe52167cb0f38cfbbdca7154dc3da4,5,Excelente compra.,"Vendedor ótimo em honestidade e dignidade, atendimento impecável, voltarei a comprar grato.",2018-07-13 00:00:00,2018-07-13 21:48:00
819de917b2a753fe0853dc2b6ca193f0,e1d72d08a94712bb04f2e4194ba776b8,5,,,2018-08-10 00:00:00,2018-08-11 00:43:18
296993f4f1ec354052cb0f3b3a0a385d,a5c681209e1bcb90066e530c285ce2c5,5,,,2017-12-21 00:00:00,2017-12-24 15:31:36
f406380b5ab9ab309da435f56016c8ea,783f0149c8c49e2539f7a09dc2237b5b,5,,,2017-04-04 00:00:00,2017-04-05 12:02:47
b5c6d730fb01cc66c77127a4bd35ba71,99d330b158a97e4b525cb725fa9571ec,5,Ótimo,,2018-05-05 00:00:00,2018-05-07 19:50:08
bf3710b8a40d89813e08e0badc976c8d,d836fc392b89243c807bf3366c68fbee,5,,,2018-07-14 00:00:00,2018-07-14 19:32:11
78a66f09733a64d53eb6273bb58e5067,970b0850a5b6ccaa34a0e887e8d10a5b,5,,Amei era o que eu esperava ótima qualidade ,2018-04-03 00:00:00,2018-04-04 00:59:04
473e2d35873b456e6e55100d2bbbb5ec,36e14a46e5b025f82308a10f7a942db0,5,,,2017-10-21 00:00:00,2017-10-24 12:37:58
b3539e9fda876833bcc585e148ca65d2,abfacef50a27d7cea3f2c7aa60c08245,1,,,2017-10-28 00:00:00,2017-10-30 12:07:00
cbf60bd265760b17010d98b626edebb2,132f922490ba371efd891cf7f81648e1,4,,,2017-08-25 00:00:00,2017-08-27 22:01:08
c028eb71f53d52fdeb2a3b015eb489bb,a187f41f4cc3a98eaf1e82f8b79c6fb2,5,super recomendo,PARABÉNS MAIS UMA VEZ PELO COMPROMISSO ASSUMIDO E CUMPRIDO.,2018-07-27 00:00:00,2018-07-27 20:05:40
eaec24296e760c48c2bf5fb830984235,479ca7b6834ffb05666e813c9c0dddf8,1,,,2018-06-10 00:00:00,2018-06-10 11:12:42
8b2374da24b217889848698b87017cfb,9d9fcb45ee8881b84ca11e65a913941a,5,,,2018-07-17 00:00:00,2018-07-18 10:10:20
2f4b624d8c0815aa96996152b943addc,95f621764d58ab2736abbffb39a183da,5,,,2018-04-18 00:00:00,2018-04-19 01:33:23
f19f1dd1ba41b8aa068fac23e3f5261f,6552ae78f1de31bcde1fc2cfcab0d25d,1,,"O produto está na transportadora há dias e até hj não foi entregue. Prazo pra entrega dia 07/06. Péssimo nunca aconteceu
",2018-06-09 00:00:00,2018-06-12 10:33:03
04b364ae9a115c1ed247e7d20e4148e7,36b3e868e7c59377f81266ad905cbdb5,5,,,2017-07-13 00:00:00,2017-07-14 00:39:25
92e992d46bef16b26420799d0a597002,bd8c777b163d434c13d72bc016869c97,4,,,2018-08-17 00:00:00,2018-08-20 12:24:49
fddcc3d78cbc847b13e391a22367b7d4,98b7513b33b639343a4a8955906e61a4,5,,RECEBI A MERCADORIA MUITO BEM EMBALADA E DENTRO DO PRAZO,2018-01-29 00:00:00,2018-02-07 08:50:46
cf25b266108b264f3bd7a0730e9481c9,1d549356573aec2c60e329901bdba77e,3,,,2017-10-31 00:00:00,2017-11-10 09:17:57
31a3f966ea7a3bf46f40c539e788b261,bbf99c13cca74b92b287695076073f09,5,,,2018-06-23 00:00:00,2018-06-24 20:40:03
5bbe559187a5362158dbe3cda22b414b,00ba57ae98928df6ba6ec9d3d8d4b1b7,5,Excelente,"Chegou bem antes do prazo, o relógio é lindo!",2018-07-27 00:00:00,2018-07-28 01:43:51
46e8c1cb0c0907e92889eca7a68fa119,3e8c191415aece16ba1ac896f535b484,3,Enganado,O produto foi roubado no dia 24/04/18 no correio e a loja não se prontificou em enviar um novo.,2018-05-04 00:00:00,2018-05-04 09:30:58
2735f9106a8f8353798c20b8d230e8e7,d8ae8039b59ce1eb9a0f9579e07d30c7,1,,,2018-03-24 00:00:00,2018-03-24 23:33:26
437990d021656a11bef7ca6ec4796f16,3f927a0036358d9522078e7e3007cfe4,5,,,2018-03-21 00:00:00,2018-03-23 20:58:49
144f6cc00355f59a99bc500a7d717339,7cbc4b1a42129d7c6f9b4f14371ac4c3,5,,,2018-05-16 00:00:00,2018-05-17 01:12:19
8ced611cb36f097bc4cc4b96b81942c8,3018cabe571cb8d2600f671021243e3e,5,5 estrelas,,2018-06-24 00:00:00,2018-06-25 17:04:26
c11891e6b705734b9ff6ada4f156b489,bc8206fa80d1bcd38257bd4550932b78,5,,"muito satisfeito especificamente com essa compra, entrega feita rapidamente.",2018-03-10 00:00:00,2018-03-13 12:11:24
2fb26a88cdef97dc0d2683c0d2a7c27b,506537a590a8f111389ca1f2a4963847,5,,,2017-03-14 00:00:00,2017-03-20 21:19:10
fcd7e6377aceaadec3caa1767f1b7c20,5fe019f7d1eaebdb3da79811a3bcd58d,4,,,2018-08-04 00:00:00,2018-08-06 12:34:18
808710a5b71a66e92509fc162fb99691,e3be8e7970afa286e942ea4273061bae,5,Bom,,2018-07-11 00:00:00,2018-07-12 02:04:01
4e11a9cabb437b1d807c2847ff74745c,c88c214c277ccf07d8f8992b66796546,5,,,2018-05-03 00:00:00,2018-05-04 11:25:53
92884384448a83b05970a80735f2ff8c,98464a5096e400810b94bb93f38924c9,1,Loja recusou a entregar,"Loja disse que não tinha mercadoria em estoque, após 3 semanas do pedido, e simplesmente cancelou o pedido!",2018-08-09 00:00:00,2018-08-09 12:56:46
b716986447acc9e55a71fe2a0e01478e,37455a7ce5cca45395e5b3c399e12310,2,,Ainda não recebi ,2018-05-12 00:00:00,2018-05-14 22:58:51
f73ad011be57d3af9090154eba962df2,8e337e3b4df76fa95a5e03ba9675cb56,2,,"O produto foi entregue no prazo correto e as cores eram as mesmas das fotos, porém, a qualidade deixou a desejar. As toalhas não são felpudas como diz a propaganda e não enxugam bem!",2017-05-23 00:00:00,2017-05-26 01:02:59
6916ca4502d6d3bfd39818759d55d536,bfbd0f9bdef84302105ad712db648a6c,1,,nao recebi o produto e nem resposta da empresa,2016-10-06 00:00:00,2016-10-07 18:32:28
0585196a512c25e3f153619b3204c9f7,18259cce830d6f0f67331bafa6cbe93d,4,,,2018-04-21 00:00:00,2018-04-23 11:59:50
a0698ca84e88746353f7b9fa3dc29991,f49c0fbc31a71d739df8b7c13dd6ffd8,1,,,2018-02-24 00:00:00,2018-02-25 00:48:41
27ebe2f80049d514c1a07528c8dd2a11,55e6c58fec03654f425a4d47cf4631eb,4,,,2017-05-14 00:00:00,2017-05-19 23:41:38
c4e7fbf055a4d1e1c806e0bb0c558be5,de2bff9e29299dc921f2e276c8408400,5,,,2018-04-05 00:00:00,2018-04-09 15:36:21
dcc7946c32facd6222658f0c382bebb3,5d7f0dc1e401127edfe8b79e174a52c8,5,,,2017-10-19 00:00:00,2017-10-20 12:24:31
0c15bfe6733e576a356ce5168bac0a6e,0b3c0b254cd889f96d5426417aa548cd,4,,,2017-11-03 00:00:00,2017-11-05 18:44:44
8a46aaf3137a302e49b62375dfee6f8e,67f9754feffe51587eed05ba198d21b0,5,,,2018-07-12 00:00:00,2018-07-13 00:31:02
fd06222945b655a151d0ca7161234a30,5fd3e686087ab4cd93b354b63771d6aa,2,,,2017-12-28 00:00:00,2017-12-28 12:30:21
798bcc48307b9bc8a460a5214432e37b,a65ca70a0647f6ec2e7b4a0a49d3a500,5,,,2018-02-23 00:00:00,2018-02-26 09:49:14
587fe493cf299043a6e0e2f10cf4b042,e734700453d78cc2958b64b3b5613bcd,3,,"Veio faltando o puxador. 
",2017-03-29 00:00:00,2017-04-03 16:07:48
fe64c3709478b9cb34eaac5c09c540cb,2d57b1f21a3ec32c23b4d6e95870e4a7,4,,,2017-12-23 00:00:00,2017-12-27 01:44:08
91bc9a1e18234bfbd8830ebfb4878e53,d458c1c3490c500eb8ee41abe912626e,5,,,2018-02-16 00:00:00,2018-02-16 19:11:08
174e42aebbed674da162e72b38ea4fe8,ce01ef7df5891810a0899cd241279caf,4,,,2018-05-18 00:00:00,2018-05-21 11:14:52
a4191704d8875eb410d5b76c4deccb94,4d6f79209e34185f85488e65c20c63a8,4,,,2017-12-16 00:00:00,2017-12-19 11:30:11
8ee42a9ee888598476f3962951835c07,7b7e1acab40b5a906d8f82e23d1c8687,3,mais ou menos,A parte da cortina em pvc veio descorda mas produto é bom compraria novamente ,2018-05-20 00:00:00,2018-05-22 02:55:16
9ff4d8cadf1032ef5551d8f33e47e7a0,9a55824805066e5b894f07c60e254854,5,,,2017-08-31 00:00:00,2017-09-01 12:01:39
e3263a81c2a54d77609624d17db74029,fb612793f43e55d0df079f56c7ffb811,1,,,2017-12-21 00:00:00,2017-12-23 03:46:35
3b0002e3b92574bfe20956bacd3fd981,67e1523ecabbe030f525c66b8cc57fa2,5,,,2017-10-07 00:00:00,2017-10-22 14:38:19
be328c706aacb9ed8396d226b4c7c4e8,a178e361fe66cd0d0e9416db6da9ce1b,3,,,2018-03-23 00:00:00,2018-03-24 17:21:33
88d54c4a3a7eca36f0e2416e03f7d0fd,02014f2495eef0e869616829d481d743,5,Super Recomendo!!!,Recebi antes do prazo!!! Bem embalado!,2018-08-28 00:00:00,2018-08-29 10:40:31
4347e18eb10b75bf2933a3949036aa2c,9024a48543f0247467a77a9208311c07,5,,"A compra foi tranquila, como sempre!
",2017-11-22 00:00:00,2017-11-22 14:47:10
d32966731558009c2a5b4d61419a09a2,60de731b89e8c9651392a445b2813ff9,5,,Não esperava receber tão cedo. Estou muito contente. Muito obrigado.,2017-11-10 00:00:00,2017-11-11 08:50:14
b6cf84b6a03fcb72b81d806fa424888e,1f4010e63b5ac13defa48305766a912a,1,,"Após a compra no site, fiz a solicitacao do cancelamento da msm e nao fui atendido. Tentei várias vezes entrar em contato e nao consegui. Agora que o produto chegou quero devolve lo.",2018-02-07 00:00:00,2018-02-08 00:18:37
464ef5d7b28597afde401df665914aff,f5e9edb4041a4f6ddaac3851ae7992ee,4,,,2018-03-30 00:00:00,2018-03-30 23:31:02
e77d6614915735cd9c263c79685f68a1,ac3d89654ac9458fc97bfeace44251d6,5,,"Entrega super rápida ,produto de boa qualidade ",2018-03-27 00:00:00,2018-03-28 11:12:36
4cbc3fde65598aa45f45390cb9e1735f,9b867baf23bb7cd0720825a08a58dcac,4,,,2018-04-12 00:00:00,2018-04-13 11:53:53
1c16c3223bf3cf71d36064e5486c358b,20415fe2d2bbc0e8cd136855c2d3f149,5,recomendo,muito bom!,2018-06-12 00:00:00,2018-06-22 23:00:26
d321e82376849634a7b220a94010bc6b,982e90afe2a0e9a5b5b69165a47c3a4e,5,,Bom,2017-05-17 00:00:00,2017-05-19 18:00:20
9ace6043ecaa2bf676f11610c341d460,7a7ca02c6fd9b1c25e9452a6f56c018a,5,,,2018-06-29 00:00:00,2018-06-29 22:29:46
92b8f55a91e3d4af13fcca4bc6eda0e8,252b5c3120af058fdc9eb73b14e4b97d,4,,Só uma das canaletas que não veio perfurada e não consegui encaixar direito.,2018-05-22 00:00:00,2018-05-25 14:56:59
ff8a1c3b60a9f44fe8ed983f39546298,3e18227567dbe13ebe679ef9eea4d872,5,Excelente!,"Excelente, muito obrigado!",2018-05-19 00:00:00,2018-05-20 16:16:46
5bfe1259879e8fed4df4b8df0571b31c,932fbcd8ff83452581f2b710115f094e,5,,"Muito Bom, adorei e quem recebeu o presente também adorou! ",2017-05-17 00:00:00,2017-05-19 18:24:46
379c75141acab280d3e025dba8b7506d,4d24605b62596483861b472f2c596e23,2,,,2018-08-21 00:00:00,2018-08-21 21:36:23
5d4516989fe57640e5495b37e5320192,2c115ba9e25f2b8932ec710356d9eca9,5,,,2017-04-04 00:00:00,2017-04-07 11:17:46
bde5323864041eb916a128fa9ddb81ed,232b75e8b6faa6ca2063184414e634a7,5,,,2017-10-10 00:00:00,2017-10-11 10:56:12
51919a4556ea0ccdbe9b58aa60136195,5664fde64525f1c1c6a8ef23aa35dc22,4,,,2017-07-16 00:00:00,2017-07-19 12:04:31
56fe51872fdbdf475963d92ef12fbad4,ac13993b49f8254ca1d6ab536c035473,5,,,2018-01-16 00:00:00,2018-01-16 23:54:19
dabda29fbfae801cea31506e16bf4b48,7885efcad4dae013491156c565d65d50,5,,"Superou as minhas expectativas, muito boa loja,cumpriu com o combinado,recomendo!",2017-12-17 00:00:00,2017-12-18 01:11:51
986fd26d7bd1dabcd01eb139f7dd7a2d,58ee901dc817aa7f36518d079340b80f,5,super recomendado,"otimo 
",2018-08-10 00:00:00,2018-08-14 20:24:40
5b071e20800be2dba4ac7e79543dab9e,0f1e7409f75f39dd6de647d802dd1094,4,,,2018-04-07 00:00:00,2018-04-10 02:02:14
371e1ee3d7ca54b51a6801076440054c,93d350ebaa988529d9b1988c454035b2,1,,"o perfume não tem nenhuma fixação não parece ORIGINAL.

Uso este perfume faz muitos anos e vi que não é normal só cheira a álcool.",2017-08-31 00:00:00,2017-09-01 00:59:28
b988c1daec78d156cc973f0da2e1f607,f222c56f035b47dfa1e069a88235d730,5,,produto entregue antes do prazo,2018-02-07 00:00:00,2018-02-08 18:36:42
0fc8d70eb24bbbf348a9ac736fc7329f,019543c0de8386be97738b589ee695aa,1,Inversor de energia ,Apresentaram um produto que não tinham no estoque ,2018-05-30 00:00:00,2018-05-30 22:52:26
c7d37f514c090c92fb1d1475f60fbbd3,774398c3ac79463f502a2fff60e2518f,5,,,2017-12-11 00:00:00,2017-12-11 18:40:28
53e48834556635921e2c2fdbe0567b2b,eb07db9884e44e51d9f3f7e6ef2715d9,5,,,2018-08-30 00:00:00,2018-08-31 16:00:12
a0a3535ba5de64434f49701505c48592,8564eda5247ce8353cdf36e0ccd2f2c7,1,,"JÁ SOU CLIENTE DA AMERICAS FAZ TEMPO, NUNCA TIVE PROBLEMAS. PORÉM, ESTA LOJA ""targaryen"", FOI A MINHA PRIMEIRA COMPRA E NÃO RECOMENDO, POIS NÃO CUMPREM PARA DE ENTREGA ESTABELECIDO.
",2018-04-21 00:00:00,2018-04-23 16:00:24
8c8a69caa6488ebf23f88dded3499b9e,887c6b210d8a2d3a1158dfaaec74e786,1,,Ainda no aguardo da entrega do produto,2018-03-17 00:00:00,2018-03-17 22:14:56
d3d3ee7ddfdf3fb4166ee6e0df778cd0,9486c11941b06fdf44a70c74c0d03ed3,3,,,2018-06-12 00:00:00,2018-06-12 18:27:23
52a6c5fd6b0618dd83d9b9f86d5b8b7e,bd80c61aa79867f184f4b01d69b6c03c,5,Boa,Bom produto ,2018-08-09 00:00:00,2018-08-11 16:36:01
7113bf3b9cf02c61765c8cd16bb9d21d,9b18393baecb1432441d81ce51e14fbf,4,,,2018-08-01 00:00:00,2018-08-01 20:48:21
f4a4600b8ab08629bb4feea4c1bd05d7,834f1f6bfd5b32cabaa2d0d31dfcf63c,5,,Atendeu minhas expectativas ,2017-07-22 00:00:00,2017-07-25 00:43:51
81a23ddee482bd235becd97a38bcdd2e,c33d4d6f164d581e80ca8b8b11bf45ae,5,,Adorei o produto muito bem embalado e foi entregue antes do prazo,2018-06-22 00:00:00,2018-06-23 06:43:52
dbdf1ea31790c8ecfcc6750525661a9b,3cf387bb14e9db171ccbb9b87ea607bb,1,,"O produto veio embalado apenas por um frágil envelope, o que ocasionou o fato da caixa do cartucho ficar totalmente destruída.",2018-03-20 00:00:00,2018-03-21 01:02:05
c678aea5ee51f9547c7e4ae09292e37d,e439b72b2d1f22819e11acbbc8102216,3,,,2018-08-02 00:00:00,2018-08-02 16:46:08
45ab2a75a636809c0bf66e277ae62dd6,1ee34237b5f6da17a68b98f9f27e4a4c,1,Cartucho falso,"Comprei dois cartuchos 662XL (1 preto/1 colorido) e após instalar em minha impressora HP Deskjet 2546 foi acusado na tela do computador como sendo falso, cortando todas as impressões pela metade.",2018-08-02 00:00:00,2018-08-05 00:09:34
69228c9ea08f4e0d8b591cc2309f4a5d,3cf387bb14e9db171ccbb9b87ea607bb,4,,Atraso na entrega.,2018-03-14 00:00:00,2018-03-19 13:05:33
7924102b26310ea441554601a4b013ac,2f4011790ff902584d5b011f0e35ff1d,2,,Na foto mostra o kit com 36 canetas e na descrição o com 30. Engana o comprador. ,2018-05-10 00:00:00,2018-05-10 23:16:26
540500b6e8f700c896aa6a55c908a2a7,330003e600912f03d0036088e5eadf64,5,,,2017-05-13 00:00:00,2017-05-26 13:20:55
5f3eeade5804d365284ff41df302725b,4a16403a2f6d6324c545f6b70581c2c9,1,,,2018-01-31 00:00:00,2018-02-04 00:44:09
a582eab2859e89ea0e1a5b0a198231a9,204618d5b8734931d5988bf6c4827e48,4,,,2018-03-15 00:00:00,2018-03-16 02:53:25
79631f3d4c69a5650c301ec0ca139690,eaa862b99d06a963cff6699021d83f09,3,Sobre o fundo do relogio ,"O relogio em si é bom mas, esperava q tivesse os ponteiros no fundo em vez de um adesivo mas ta bom.",2018-06-28 00:00:00,2018-06-29 03:11:40
f2c8f11c20727695863c830950881ca8,21264ae81b0f6ee6e1d2664ee10c51fc,3,,"Bom dia esta faltando um cpmonjo de mesa que esta junto com a colcha.
 Na quinta feira recebi um produto mas o outro nao.
 A colcha veio junto com os cabides mas não o cominho de mesa ",2018-03-02 00:00:00,2018-03-03 10:03:46
dd713fc71517807d4fa2c7a2501653ce,e9ce52cd563d0124dced659e69eab10a,5,,,2017-07-18 00:00:00,2017-07-18 23:23:26
c2add8f9248c4e41173febcb1de371f8,f002422b59aa21ebc2c12136d1ab4019,4,,,2017-11-07 00:00:00,2017-12-04 11:19:36
a780805900be11cf1114323ab829c6c0,ef4e154fd9b51d276fad7ed482b97e58,4,,Achei o atendimento da vendedora da lannister.com pelo telefone muito bom. Mas gostaria de sugerir que o produto adquirido com pagamento à vista tenha um desconto em seu preço.,2017-11-03 00:00:00,2017-11-05 18:25:10
aad13c908fba63c18ea179bfc932fa4d,bd814ae8402bcbe563ceed37d1b7db49,4,,,2018-05-22 00:00:00,2018-05-22 20:50:45
49eb2f96f5447945d425fa49bddd5f4a,e0e3cde1bd7f993b460771481843727f,1,,,2018-04-25 00:00:00,2018-04-25 22:18:18
89a2256f0598754df2de402a442ee1b2,bca647a251ea21807ba8cf824272dcfd,5,,,2018-08-16 00:00:00,2018-08-16 21:54:27
96ddbcfe104aaf3831a87e3b8a6dc9c1,8d5522903eb78728024e688cd6ee9dbf,5,,perfeito ,2017-08-02 00:00:00,2017-08-03 13:54:27
2d24aa44298b81d4d30f83d9ae38beb8,146344c554458a6d7e2f92948e52e8b8,5,,"Foi grande a minha surpresa quando recebi o produto comprado dois dias após ter efetuado o pedido. Estou muito satisfeita com a entrega e qto ao produto tbm. Mesmo sendo Black Friday, chegou rápido.",2017-11-30 00:00:00,2017-12-02 21:54:40
83287722823b82694d666fb814eb1d78,963258c35a8f30e4ab41bb49c4e493c7,5,,,2018-01-20 00:00:00,2018-01-22 20:59:52
83d1149212ad8b79fc39230d088ef2dd,1cfce7466cb5b7c473426907c2cb148f,2,,falta ser entregue uma cadeira,2017-12-20 00:00:00,2017-12-27 20:45:42
4587a421cd0ef90f152efab762fcee9b,6f51c1344ad020aefab85b67a98bebd1,4,,produto entregue em perfeito estado,2017-12-28 00:00:00,2017-12-29 10:20:14
eddf0a2e2972108ec1b046d35ce76ca9,4205a3c89c70026b43d90706a98e2f17,4,,,2017-08-09 00:00:00,2017-08-10 20:37:08
1431e6cfba0c27ce03b21f69ad2d5f65,4b707ea4e7c08fa1180bf92bede67da0,5,,,2018-06-26 00:00:00,2018-06-27 11:24:40
0a572832b328864639ae0d2a44b18ded,6f9bf4ab497406e0c55eb9eb7a3dcae6,3,gostei,,2018-07-31 00:00:00,2018-08-01 21:23:25
df8d77fb8b625f1d377517aa7543af30,b26eb89dfb4e2d970274ef0c668fd43a,5,,,2018-03-24 00:00:00,2018-03-25 00:01:01
ad529e58dde11b492c8b2fdb492032aa,271c268d4d21a60bfad6ddb92be3ba3b,5,,Gostei muito da compra.,2018-02-07 00:00:00,2018-02-07 22:44:37
105157ff52fb11bdf75ae1ab2c7faada,793d6cba27a505c143022119b8f313f8,5,,Recebi exatamente o que comprei e antes do prazo informado.,2017-07-27 00:00:00,2017-07-30 19:45:45
e7e083684e36e759cf2ebf79ec889ae6,82e4be23c247d0fe56f0fb757a26ccd4,3,Muito bom,"Ainda não posso avaliar o produto pois não usei. Achei que servia em qualquer válvula mas vou ter que comprar uma. Fora isso, o produto foi entregue até antes do prazo previsto. ",2018-07-14 00:00:00,2018-07-16 10:34:35
d7a3789b1b28d5a96fbb3ce97bb15add,a67a7dcbea2b5ce61ba8bc99ff7362db,5,,,2018-08-22 00:00:00,2018-08-24 00:13:34
64e7d9025f8d3a1e975604192ebcb572,ddff0e1a8a73007a387e5edb05973958,4,,,2017-09-20 00:00:00,2017-09-27 01:53:10
16d5a450df6592e049fc0e745175c311,365a8708db2878154916b372f72e17ef,5,super recomendado,loja mto boa,2017-05-16 00:00:00,2018-06-03 10:20:11
dfe53f32230c4f16d8e23c671b42505d,6bdcc275fba0fb4ece1d33e9d7126f6a,5,,Fico sempre satisfeita com os produtos que compro nesta empresa.,2017-07-22 00:00:00,2017-07-22 23:49:11
3e8752032681218ce4a1db0ed6df0e79,630c3cacbf294ed8c919a0c6a90bb1fa,5,,,2018-07-06 00:00:00,2018-07-07 12:07:16
449928fe14e8c051dcb8645e662602fa,0f1fc45267bd2edfbaa6af5e47dbd0d8,3,,"O produto é bom, só o tamanho um pouco pequeno.",2017-12-06 00:00:00,2017-12-11 09:03:10
75e0531d9fd7216e18bb55515177a4db,50361b5016be065cd60c76a7f14b3750,5,,,2018-06-23 00:00:00,2018-06-25 12:29:47
f10455efcb2949921fe99880c08746fe,1397417a57ad1bbfe8d639df8cdee908,3,Atraso de um dos produtis,"Recebi no dia 09/07/2018 apenas o relógio, a luminária não ",2018-07-10 00:00:00,2018-07-11 01:57:29
6c9e492c0672f210c7580f8e773ce58f,e3e1d2fe1c3f816ace8a772a4dff8a1d,5,,,2018-02-07 00:00:00,2018-02-11 11:07:26
d54d418769407ffd28368d7f5cba4438,d9e5305b48eff370ffafa031d6027518,1,,Péssima loja.,2018-01-05 00:00:00,2018-01-06 11:02:36
ed25d18db7f6b0620c209bc4a2dcff79,1ad631eef80afb67f53ed0b9083846e7,5,Bom,Produto veio conforme descrito.,2018-08-15 00:00:00,2018-08-16 00:38:15
771565a679ac71ae46630b961d32c827,4fa1b6d5d3ca98e8def932544cc51b90,5,,,2018-03-15 00:00:00,2018-03-20 22:26:45
ca21531d1b40db5af1674c5482e2b2cf,6b11e7b75e0feb0302e6054a2e65be71,5,,,2017-12-09 00:00:00,2017-12-10 01:09:46
f9713d13c2aad392b72a764923a2a55d,f19b492f25812691633dffcf530146f6,1,,"FOI APRESENTADO UM PRODUTO NO ATO DA COMPRA E FOI ENTREGUE OUTRO, UM TOTAL DESCASO TANTO DA PARTE DO FORNECEDOR QUANDO DA lannister QUANDO TENTEI FAZER A DEVOLUÇÃO DO PRODUTO",2018-02-20 00:00:00,2018-02-22 00:59:18
c52c51ebdcc6d4e1213cecf8c43978ee,9b881df263e0c26b3fb8584bc0da7317,5,,"Adorei a compra, entrega no prazo e bem embalado ",2017-12-12 00:00:00,2017-12-13 00:22:06
f9aa6fc9c704abca98221664caed5fc8,f9f75601353a50e58746860ba04dc47b,5,Entrega rápida! ,"Entrega rápida, produto conforme anunciado! Recomendo",2018-05-05 00:00:00,2018-05-06 03:45:16
149510d6aa9c0ea4d00fa3efa8d41ba6,c57cf7b41f793c7c74b7e51f236eb57f,4,,,2017-08-26 00:00:00,2017-08-29 10:39:27
88253a39500425fa6b474dbf29f6b37c,06daa9224cad114ece451ff00c20d49f,5,,,2018-08-23 00:00:00,2018-08-23 19:39:16
92df560ba0c284deb05c95f4e08530cb,624cb9936b306450dbb6445fbadfb208,1,,Comprei 2 produtos paguei frete pelos dois produtos é só recebi um produto,2017-06-15 00:00:00,2017-06-16 00:20:30
324cae9399a1043344494bbc765491b2,b60e4bb897c3faf7417e11850072fab0,4,,,2017-12-17 00:00:00,2017-12-17 11:07:10
2781d5574991a569e2bfa5c614f9d001,57e15c1ad29a85e248eeefad05d29453,5,Entrega rápida,"3 dias entre a compra e a entrega, tudo muito rápido e eficiente, melhor compra que já fiz aqui na lannister, gostaria que todas as entregas ocorressem dessa maneira. ",2018-08-02 00:00:00,2018-08-05 12:53:05
cd04e877acd416a3992969d07bc6f311,205d5db88d0a8b3736d1afa2f6a329c5,5,,,2017-06-08 00:00:00,2017-06-12 23:09:48
09490ce09a832d45f17268af115c9e5c,e65fa5f31ce4436d38bcf5e109fd43e4,5,,,2018-02-21 00:00:00,2018-02-21 10:43:09
92fc88d99622e08c0975b8649358ff0e,10482cea058f80e06b62b933eba72928,2,,Achei de péssima qualidade,2018-03-21 00:00:00,2018-03-22 14:30:03
75048c7ffec6213b8672a992a66de801,56ecfea68a6a0f6592184f65abc70394,5,,,2018-05-18 00:00:00,2018-05-20 23:52:14
16e5e6be69eaebd57fa01b884955029e,aa5604bf192f6ee61a0ef7b63fed898c,5,,,2017-09-19 00:00:00,2017-09-20 02:45:03
941c5a58411c49f7ff04653795631fb0,5a06ec99090e75d00d2b33b0efdce2f4,5,,"Recebi o produto e ainda um brinde maravilhoso!
Isso é surpreender ao cliente.",2017-02-16 00:00:00,2017-02-16 14:26:53
867ae0538a64d6efb77a2cf991ef8251,a49b30472ac98d5d5e1889d3ce2974b1,5,,Tudo de acordo com o anunciado.,2017-11-30 00:00:00,2017-12-02 23:05:41
b1c83abc115ddb8ecfd76f17d35c3c92,024a74550cdbd36c0fe3955fc9e2bcf0,4,Produto,"A capa carteira veio correto,mas a película de vidro veio menor do que o aparelho.",2018-08-16 00:00:00,2018-08-16 12:07:13
6cd4fa8697e28dee773a01ac4001f66e,0d2676e37c740455a4f662cb7a88e6f1,5,,Excelente compra,2017-05-17 00:00:00,2017-05-22 00:48:33
d8a52b8014cfd3ddb0c6dd517a5a5e89,92e0a2b039d9ce627cbcc94ecf879f87,3,,,2017-11-23 00:00:00,2017-11-24 00:32:00
2ae84f2495280d96382a6ee4ddd2ecc5,91c72081ae9c08e96d0bc952f73e6188,5,,,2017-06-27 00:00:00,2017-06-28 13:23:00
ca5e61ee10fabe8734cb2d938951d617,68a36ddf13d6fcdd7ea00d9ce11026b9,5,,,2018-05-12 00:00:00,2018-05-13 00:06:44
438ee72200e5209d6155f2f723c9095b,f538ab1833873a6a10bf9e563867c4cc,3,,,2018-06-27 00:00:00,2018-06-29 11:04:26
afff5d2157aac4e0869f2305e761e38b,cc652a820b30631f5db92ac08dcadbc7,4,,,2018-02-05 00:00:00,2018-02-07 21:35:43
66278f48fccb0e4fbaf896458c8403b0,0ab82628350881eff00a09a3a0c73970,5,,,2018-03-10 00:00:00,2018-03-12 11:53:39
8ff90d992096fd0266e5d52208325742,ff70ad5dd90ca8946ddb2ba48946c0e2,4,,,2017-11-30 00:00:00,2017-12-04 00:24:26
b377cb8dad191d597c78ee7c346be59d,09bfed54145e573d48e1685dcf11fb6c,5,,,2018-05-08 00:00:00,2018-05-10 14:10:19
9101f8d86f15aaeb632b79278f6c53e8,3dd5f3e88e755bfddd878c1be9903b4c,5,,,2018-08-21 00:00:00,2018-08-23 23:40:44
2a2a5a74f39de660334b64b4bcfb858c,b33710c706a29d2ee76bc234d77edd84,5,,Gostei bastante das minhas toalhas são boas ,2018-06-26 00:00:00,2018-06-29 01:03:57
f774165da49cf4dcb0d562917aade46c,1137c5577a907523cb35ea043a976835,5,,,2018-02-02 00:00:00,2018-02-02 22:10:14
7f713c4b627e2bde51eeede5a85dcd90,c5c6895d5f18ff51c8fb2af8121d1c9c,5,,,2018-07-12 00:00:00,2018-07-13 11:57:47
269df5797c515ffda6003dc8916fc318,97117f0564b324e2fde477ebb108bc11,5,,,2018-01-25 00:00:00,2018-01-27 02:42:37
f98721c1807e738bf46c8be733a7be17,cf8f7b73e35cb19ff895c2f45c1ded72,2,,,2018-03-01 00:00:00,2018-03-05 13:02:17
68a941bb7e4ee4fc95dc87dbcb8c9ae6,9e50d6711cd120b8b6fecc98aca9d306,5,,Satisfatória ,2017-09-21 00:00:00,2017-09-22 01:35:51
7db7946c2e9815ef984e33d734aa49d8,0d6350e1fa2acb1318e3a53d52333e25,4,,,2018-07-26 00:00:00,2018-07-26 18:46:40
fd1ef57c03967b75ca1c6cca62c776c2,367d9f6d184cf1d060d92bdc71810d2e,5,,,2018-08-07 00:00:00,2018-08-08 17:05:45
2a02b0eb6ef82307c9ab89a978abf369,b2c1d65b858a8658622354076fafbd0c,4,BOM,GOSTEI ,2018-08-21 00:00:00,2018-08-25 01:28:16
fe59200e44afe05b8ee70dbf0ce37df6,1c17925c49f9d7785ecc1febf7f30363,5,,,2017-03-31 00:00:00,2017-03-31 21:10:13
be4c8bbe4c27c808222dc9aa0fe7653a,e3194d56283622975638628a739c9e84,5,,,2018-05-16 00:00:00,2018-05-16 18:24:09
18cdd39bfcfe56566996c37cf6103aef,a1941edfbb473a7e0a9f1e7abbb773fd,1,,Até o momento não recebi o que comprei .E essa bolsa e pra meu filho levar pra faculdade com a marmita.transtorno total .marmita chegou e a bolsa não. ,2018-03-22 00:00:00,2018-03-25 16:33:34
e593a9123225d2db8891da86c5ab9ac9,ce6f24ccb16af897b7650022beead374,4,,,2017-06-09 00:00:00,2017-06-12 13:23:31
f95d55d2498323e31f1fe99e28b30939,c0b7fa0a374f7d9ed01d813a0aa67f71,5,,,2018-02-10 00:00:00,2018-02-11 15:06:01
bb60be11b24531adc0b311991c34b4f6,63a19e889b69e5ef9ee2b2e646509051,1,,"Produto veio com defeito , estou tentando efetuar a troca e o sistema diz problemas com conexão , tente mais tarde ! Tento mandar email e tbm não vai ...",2018-04-25 00:00:00,2018-04-26 09:33:29
73adcd6b19a77f08b604c14a4280e682,886cadc098626f2e17d54f76b7bac8bd,5,,,2017-12-07 00:00:00,2017-12-07 23:46:47
95332695ba1f4c46165229759a340a12,99e34b586d1fa26ea713021ff647d18d,5,,,2017-03-23 00:00:00,2017-03-24 13:03:43
e8b035a7f258f645c21f3251bad1cf0d,2f610bccd0c217425cbb71bc0cdafa32,3,Entregue no prazo ,,2018-05-23 00:00:00,2018-05-26 14:11:47
4d547d40bf13a8f0a8fd10022b714190,7aee2b4a36b8b9f260376a8319900aa7,5,,,2018-03-27 00:00:00,2018-03-28 19:01:55
d4a79592661b6c7e8bdc873214a427f8,638ef1788b79081e63829d44a8f15e0c,4,,,2018-01-27 00:00:00,2018-02-01 20:44:50
d84237dc20a0561c2838e439952566fb,14af65d7109058f32b35ed10a594cfc0,5,,,2018-05-04 00:00:00,2018-05-06 23:01:35
b5d6f03ea0d31639cf1b514308fa85fb,c235e3fbe42d171c9177e6664107170d,4,,,2017-07-11 00:00:00,2017-07-13 23:03:53
0ebaaa7b2a78517b0bd77ef345641ec5,d8f4c65b2259adf42e2f7f51a82fc8d0,5,Tudo certo,Preço bom e entregou no prazo.,2018-06-16 00:00:00,2018-06-16 23:15:48
4fd6d43fb8b2bad8cc665aa96b82accc,7013bcfc1c97fe719a7b5e05e61c12db,5,,,2017-03-02 00:00:00,2017-03-03 07:21:03
d2d81a1f09971197b320a11e4d91c165,d454b242faeb348060250fcf92c1db01,3,,São duas peças e eu só recebi uma,2018-06-19 00:00:00,2018-06-19 17:58:00
491f2b4d5446fda21cdf94454159a088,a3475ffe00b0ffdf1951a56d5a6b8102,2,,"Cortina boa, escurece bem o ambiente, só esperava que o tamanho fosse conforme descrito, comprei uma cortina de 5 metros, minha sala é 4,70 e mesmo esticando toda ainda faltou.",2018-01-30 00:00:00,2018-02-06 11:33:28
a09784715acb7c4ec3aff6849dbb8ce0,f396e1280028fa9c8c83111abee5f2e9,1,,,2018-07-24 00:00:00,2018-07-25 03:32:42
6e94151408a29814589fe4e6ac4b35b0,df5c9b471c8cb2bf4fd5d986d8811ed1,5,,Até onde observei funciona conforme anunciado,2017-10-07 00:00:00,2017-10-07 05:49:03
f4db53f4695e59e3a28ee532f96e0db7,736813b41544d3ca0ed5d508802f4ca1,3,,Ainda não recebi o produto.,2017-10-07 00:00:00,2017-10-07 09:17:17
9f288157c55f328a25765b7463c61e0d,7ff15ea63e622694922805d48de711a1,5,,,2017-07-05 00:00:00,2017-07-05 19:16:38
a5816093bbe9c85dab8f4aa62316d046,383bb8b07361166ea86f3f4b51e96ff7,1,,"Não recebi o produto nem contato do fornecedor. Já mandei email via site das lannister e nada aconteceu! Aguardo retorno pois não quero desistir da compra, quero o produto ",2018-04-12 00:00:00,2018-04-12 19:33:46
a971795a7ebe79a371edafe54ccbfc42,9617fe1d020cfc23b838a49896e0f4e0,5,,"Mais rápido que o informado.
Showwww",2018-04-13 00:00:00,2018-04-14 01:03:57
ebac06f98534ce91065b368b3832e69e,1f0caeab2e84048dd8f4d149904c0d8f,1,,,2018-06-28 00:00:00,2018-06-30 15:55:50
5b85cc729a44f6fbdcab53328f9fbba6,71c1a607d67393d01bef51c097368feb,5,,,2018-02-07 00:00:00,2018-02-08 10:46:54
f54ac87539c637b8a7700f07c1e9e445,2efe3d3b0ddc295d2ce1c43f021078cb,1,nao recomendo ,ainda não obtive resposta do porquê do atraso,2018-08-09 00:00:00,2018-08-12 11:42:11
86ba9c37dd8284954b85f3302f05a2e2,56400a721b65efb0da1a9f11ea5b2dc7,4,,,2018-07-28 00:00:00,2018-07-31 12:20:20
af6e5634ebfd6e96c0250304a8cc0e93,e894c57e9986a9c5936b17fe19400a6a,2,Razoável pelo preço,"Mais a colcha escorrega muito
E os enchimento era pra ser de travesseiro mais é almofada é alto é duro não dá pra usar como travesseiro",2018-05-18 00:00:00,2018-05-20 11:03:44
67d1c44b3786befd212846a1ebc9f77d,5cef0136de603dac5471ed33114164ed,5,,,2018-07-04 00:00:00,2018-07-10 21:54:19
1c8d204d31df70760c807f86e50a0896,e56cf4189e005351c2158740a5861875,5,,,2018-02-18 00:00:00,2018-02-18 21:21:01
dd89373c379cd5f77ebabdf41ad228a7,171706c3cdc94b7ab32ba08a0c408b21,5,,,2018-05-22 00:00:00,2018-05-25 11:33:38
91845d1f2ee1fdb677c769fad86f2109,f30149f4a8882a08895b6a242aa0d612,5,,,2018-06-07 00:00:00,2018-06-08 10:59:20
fd307f9daf488440302f10d7aeb7d1af,3e6f2b32accad480bf1508660cc2e609,5,,,2018-05-15 00:00:00,2018-05-16 10:30:29
07c197a6da310df731d85bd43e6caf73,88495a304ffc01e1af6d23769628f3b0,4,,,2017-05-09 00:00:00,2017-05-11 05:43:41
07a206a0b71c35a7468a51a4f8f7b5bd,350bbe08ad1344030593d837cc982113,2,,,2018-03-03 00:00:00,2018-03-03 20:42:34
6bf978faf78a05d5a59138c4fe04009a,60b570df9018c6b6441017314a2dd081,4,RECOMENDO,AINDA NÃO RECEBI O PRODUTO,2018-08-11 00:00:00,2018-08-13 18:59:20
9ffa8095b2ea6291ff6b6d2bf0e19310,c977f4831578bc1ea3d13592827eb6fb,5,,,2018-07-07 00:00:00,2018-07-08 03:08:53
77d7b8536583a9b88ece16e5b0942e36,e1e7bf45ba3cdff55983f9c1741384a0,5,,,2018-08-14 00:00:00,2018-08-14 17:47:49
74c7965608cf75ba21401969b7bb0261,222078339afa2788819420928e8b859c,5,,,2017-08-12 00:00:00,2017-08-17 13:26:55
d0cc3eb67600dd9df970d35adbfd7587,44367541b21451fc1fff30873b2cd899,5,,produto lindo e entregue antes da data fiquei bem satisfeita,2017-08-19 00:00:00,2017-08-21 12:47:42
169943cc45f688076acdc838990062a6,ec3d63b91b19bedcbe453ea0df14dd50,5,,,2018-05-24 00:00:00,2018-05-26 20:16:11
7586b64c9a9353a815da44490c95a321,b983574a488ab6b6bf5355f8ea775f7e,5,,,2017-06-14 00:00:00,2017-06-15 14:43:51
5de85188e41da0f6840903d79a344792,923dbd74822b55ab663759d1bb50823f,1,,O produto não foi entregue.Preciso de ajuda para resolver esse problema.,2018-03-25 00:00:00,2018-03-25 10:46:26
7a9bcceab85da70a4b7d4676cf895010,032e68585bbc07ebb038769737b9410f,4,,"Exatamente o produto que eu queria, entregue antes do prazo.",2017-06-27 00:00:00,2017-06-28 21:19:18
e15f37a124e2330bdbbb428ec89c3ed9,153fb90c16a95a3c0ea6cc48a1a4069c,5,,,2017-11-26 00:00:00,2017-11-28 12:40:00
36552566d6909edf6ba5e1ef9b41d44e,a6f1dca3527b8ae1a077c9c9375d9f06,4,,,2017-11-15 00:00:00,2017-11-21 18:21:09
56e680ce157193590b31e126774b329e,3418c754c6d0c412d57cca00b6ccfbe2,5,,Otima loja,2017-11-22 00:00:00,2017-11-23 10:21:57
ab1feb242a4bcbb0e1643dbc7987f18e,b2d88e5f45a8f1f5215146eeb66d49c7,5,,"Fiz a compra e tudo ocorreu conforme foi comunicado pela empresa. Estou satisfeito com o atendimento e atenção da empresa com o cliente.
Atenciosamente.
Paulo Roberto Dalben.
",2017-11-07 00:00:00,2017-11-07 16:40:59
380881b0b6def4a4ccae702c724c2a68,fae508e3ea9697ecb70c66eca76f4b63,5,,Chegou muito antes do prazo. O produto é bem compatível com o preço.,2017-02-16 00:00:00,2017-02-17 16:04:10
351cb301f358a0a62f56a623f25d5f4d,83b168c70ec0325445963b36cda1eef3,5,Credibilidade,"Nas compras pelo site da lannister.com, sempre fui bem atendido e com entrega garantida dentro do prazo estipulado.",2018-04-29 00:00:00,2018-05-02 12:53:17
512e0cd724ffe9134b3f9e280078ae1f,ff92e046b12e7380a5a54db4e3fdf615,5,,,2018-07-21 00:00:00,2018-07-24 03:21:30
2f9b5ba4503ddffc70949a595d9b6e9f,9d4be303e6a9cebfccda2d29624ca472,4,,muito bom ,2017-08-04 00:00:00,2017-08-04 19:37:05
eb0e2ea5e15a024acb324fb049118b90,8fc32fd1d663bcad34398d254fcce471,5,,"Mesinha de excelente qualidade. Muito linda!! A entrega foi muito rapida, me surpreendi!! A mesinha veio bem embalada, assim evitando danos!!
👏👏",2018-07-05 00:00:00,2018-07-06 00:26:13
e457fa5ac7d52f7fa5300ff0b9e94890,c3c35f2d43a0d5fd996de1f3b77ffa0d,5,,"Produto chegou conforme combinado, tudo certo, recomendo",2017-02-22 00:00:00,2017-02-24 13:58:11
f5cd686d1658bd7db214978d79980667,beee47428ec6a6984d07930d75eb3c17,1,,"O produto é totalmente diferente do que foi anunciado 
Não é preto e sim um verde escuro a parte do desenho que deveria ser branco veio uma cor nude parece que o tapete está sujo 
Horrível ",2017-12-28 00:00:00,2017-12-29 16:48:56
41cf8fdf7074755935805dc52565e5c6,4452080876f5de5c69e66d6d8b9e10cc,5,,Muito Bom,2017-09-19 00:00:00,2017-09-20 15:57:49
40f2b7ce48f73e0810337cd68c1c3d5d,38e3895efc70d2d46a3b967b8781368a,5,,,2017-05-11 00:00:00,2017-05-17 13:00:33
a9f90e9de8f1f2ea3dc9a2e5f69a6c9a,51bd890febd880cb94d9051fd28f289e,5,,,2018-07-24 00:00:00,2018-07-30 10:16:12
619569026aa22c9ccec8c5ba6c722d1c,65a56537a4b967ab349287b7c0229c07,1,,"Ainda não recebi meu produto, houve algum problema com a entrega, por favor preciso que resolvam esse problema pra mim!",2018-03-24 00:00:00,2018-03-25 02:23:42
613b079e675ff1ebf69e8ac63bccf38a,f080eea3284143410083852a499aa1ca,5,Ótimo ,,2018-07-14 00:00:00,2018-07-16 01:51:07
c7c5dd1722d4beb8d101347d8ab78a3e,b079c98bfa00c43a0fa13df10b7d9d2f,5,,,2018-04-07 00:00:00,2018-04-09 14:37:39
d36c41b88586fe863a44db0d0e84effe,28f5b7eeb630d537533dec10991130fc,2,4,"Achei que o tecido fosse melhor, muito fino",2018-08-24 00:00:00,2018-08-27 20:40:50
68f285829ce3d732e6f8b97c60f306cb,5177d1217cafa2ba15337cd62cb1fc78,5,,,2017-07-13 00:00:00,2017-07-14 00:20:48
3cbb8b594197dfc89e52ad1ca06e2c23,e7bbb39c507d08caa0aee263d3d6ca55,5,,,2017-01-27 00:00:00,2017-01-27 22:50:25
b6f8e2d3b27cdd043fb2924682bc4074,a26e448f7fe0273a370e603cd60933e0,5,,,2017-05-17 00:00:00,2017-05-18 15:35:55
d4afbcf77d6d5af9459947e5c9e76329,344711e5a1c4b5c82cf1ffa1d358ecd1,4,,,2018-06-16 00:00:00,2018-06-18 14:26:44
5f9f0747bde2127b2ba70b7a24efaefd,75213e459cfe44a61c496c864e0a8c63,1,,,2017-12-17 00:00:00,2017-12-18 04:23:18
605aa91eda2450cc10d6b4f83fa830e7,8428cdf79e64b95486e06ad5d0573e22,4,,,2018-04-13 00:00:00,2018-04-16 14:06:44
8255e2eb9362ede6ffe25e7d73b2709d,84f72613dabd8b11141ae6e2710c413c,5,,,2017-03-11 00:00:00,2017-03-12 17:39:07
552eb2bb64c9d924662c69b5d99a8768,53595a8aa421790cc9d2e85db64cb3c1,5,,,2018-08-11 00:00:00,2018-08-13 14:02:34
f5ba413d8a8f84396dc9a7f47dceb90f,f12cefe9433959386542247656221808,5,,,2017-05-06 00:00:00,2017-05-08 14:04:07
9c968e2c7b2bbc77b65f060fa6251ad5,32be14d87b5440681042a2135db3e6b5,4,,,2018-07-11 00:00:00,2018-07-11 19:19:54
146dce4479e8137b0c1287d4963b1340,4bf9917773b973b77d02d12241387084,1,,Nao recebi o produto ainda.,2017-10-25 00:00:00,2017-10-25 12:49:55
a53e760350dfffbfaba3e83cd44fa58e,e15504d16c775034b44d4637a745a5a5,4,,,2018-03-21 00:00:00,2018-03-25 13:36:58
b7941f74236dec70dca241710092b4c5,b178e047b185d2f781a3646f88ec3e52,5,,,2017-09-20 00:00:00,2017-09-28 02:56:04
17df2c4bd00910616ef7184250463432,da48ff98ca6bec2aa39f5cce1db9f04b,5,,,2018-01-30 00:00:00,2018-01-31 12:24:33
51bb36f1f4486bb9f426a1dc669e36aa,3c6ba7a3320c8c63c76d343c388ba219,5,,SEMPRE SATISFATORIA AS COMPRAS DESTE SITE,2018-03-27 00:00:00,2018-03-28 15:55:05
5e9a6a068d87f51add625fe131c6be3b,e9965bb148ec7e8cb64c20b78218adf3,4,,,2018-08-22 00:00:00,2018-08-25 22:15:22
ae57115bf06dbdcfbf97f79992b25ff2,f7a1e468985217906faa7ad93b8a3f38,5,,,2018-01-04 00:00:00,2018-01-04 23:53:54
528d90d497d677a213245256ad4ffe16,0487b902149eab8ec30e844142ee3e3a,4,,"O produto foi entregue antes do prazo, gostei da tábua de carne só fiquei chateada q a bandeja de baixo não é um material bom, veio um pouquinho amassada. Mas um bom produto",2017-11-18 00:00:00,2017-11-21 13:41:25
0a19a6327034e9d8a01ced6662a73073,256d312e964585fcdb955a8e8edb7081,5,,,2018-03-29 00:00:00,2018-03-30 16:19:06
163c70c70ba27693a740c39a2153bd5d,737a52582de776db2631a7d53cb29eed,5,,Eu recomendo. Fiquei satisfeita. ,2017-06-09 00:00:00,2017-06-10 01:14:26
f4e8482eb8e5fdffd18621e2b496b8b2,efdd6716d5125862a11d4e354bd4ec3c,5,,O produto chegou perfeito.,2017-08-05 00:00:00,2017-08-06 12:47:38
0bfed1144e95e5ca92663b8c514d9484,52b584ffb85f68adad88374d3c150147,5,Ótimo preço e qualidade,Tudo como esperado! Obg,2018-04-26 00:00:00,2018-04-28 21:59:51
cad6aee4a2bb4bd1fec7cdbf3aa52233,acb2afbcbcc3be10924f75fd3b6c98d8,5,,,2018-08-02 00:00:00,2018-08-02 12:35:29
278f626b7d6ed8ed416911518c3cca36,3a9731efdd545919f0c6c36c8633b7fd,3,,,2017-02-11 00:00:00,2017-02-12 01:51:35
58d362ebb65881695be8c186e5e70b61,14adaa967c795bb74d70ae4eafad8d3c,5,,,2017-11-29 00:00:00,2017-11-29 20:08:06
41c7c8ca12f25bb6751ff16119c08757,6e24be5a5995507b208981073d5b6820,3,???,Tamanho entregue não corresponde ao do site.,2018-06-14 00:00:00,2018-06-17 06:40:23
8f61d39c084b3473a30dd49980968a72,4676e642aa92a4ba1131e935a2ac6246,4,,,2018-07-31 00:00:00,2018-08-01 12:58:57
1334e731cde08f47e796134a0ff472fd,136d768d679a4fc7902e10fc81af17fc,5,,,2018-08-24 00:00:00,2018-08-25 11:29:07
8b31144b10a71902a8ff3487b019d79d,76dafeb35f47c9cdb8aa7971022e0978,3,,,2018-02-07 00:00:00,2018-02-07 16:29:08
c13ed6273ea625616bacff3c72b24fb2,b3878761474174aa7dfaa4140dd91ae5,5,,,2017-12-06 00:00:00,2017-12-08 23:08:36
36c87b73f9f15249cbd0ea5167190a6d,9b156799a5b75cdf61bd52c0f7e04b61,5,,,2017-10-10 00:00:00,2017-10-10 18:22:02
d9901212aae28834ffee09555b4b1b6d,4dea917f3fa605c7d6eff1a97a207768,1,,Adquiri produto original e recebi genérico. Impressora da HP não aceita. Já solicitei devolução do dinheiro e não obtive resposta.,2017-06-28 00:00:00,2017-07-14 14:23:33
8f7e1eeefe1e91cb8dd7995f593446ef,7b1cf9f880b0f7eba111c5342dd2fba9,4,,,2017-05-31 00:00:00,2017-05-31 10:51:15
5c28a8a94475372bb7f4cf79c3ccf0ff,ab82b0d931d692c586fadda4ef9c1397,5,,Minha satisfeitamiga com minha compra entrega antes do previsto,2017-07-29 00:00:00,2017-07-31 14:14:57
4c76251e5492d92f17fa6924dfae4d2b,3e41fd4c8d9609903634b36c09183b78,5,,,2017-06-17 00:00:00,2017-06-18 03:18:49
b37c18666340411d11f06023f128206f,4bee560781d45bb4b18efd58fef1901e,3,,"Os correios falaram que o pedido foi devolvido dia 2, mas no site, dia 3.
Dia 1 foi feriado, então o prazo de entrega não foi atendido",2017-02-20 00:00:00,2017-03-09 15:32:28
70e5ba00cca19825ddc73afcc2e701fa,07083f97580544bb7ba3372759150f49,5,,,2018-04-05 00:00:00,2018-04-06 11:27:58
e2641649c7bbc66bcdc93100c90de84a,c5c8bc5afd5caf252e62d89148e0d342,5,Muito Bom!,"Recomendo a todos, produto muito bom, é entrega rápida!",2018-06-29 00:00:00,2018-07-03 15:33:37
698235a7353779fd6d13ad88c2259111,c2ef874559083f9b66c092fe59f382b2,5,,,2018-05-20 00:00:00,2018-05-21 20:35:58
5ee8ad0a3644301c45f27b4ae778f061,a216d63457e3501eeab4375752f0fbbe,4,,sem mais,2017-03-24 00:00:00,2017-03-28 10:20:49
e5442b735666e05119129509ddab5602,d7d0eb9fb2a389917e37fc5411078df4,1,,"nao recebi,porque fiz pedido de estorno e ate o momento nada resolvido",2017-07-26 00:00:00,2017-07-29 02:16:49
c46febf1e0751a325e429187ea8d1cd7,72de948f7d91e80fb80be59dce8f9322,3,,"Produto conforme pedido, mas, fora do prazo, foi comprado dia 03, 5 produtos, foram comprados todos pelo site das lannister o cartão tinha que ser passado uma única vez, foram 5, bloqueou.",2018-01-04 00:00:00,2018-01-04 16:13:34
3593a39d3e53e08b3bd62c34658dcb85,82daed31f80350ce51f518369a8d181c,5,,,2017-06-30 00:00:00,2017-07-04 13:32:21
0913dd9ca951f61d126ee8bf1390b975,4b8f98e50ffa9c1b021c197d39c58bb2,3,,,2017-04-01 00:00:00,2017-04-04 17:28:16
7b971126bea7af83a3081b19adace965,f454701e5160f7518990fcac29a81932,5,,Comprei duas unidades. E vieram em fretes diferentes. Mas chegaram sem problemas,2017-02-19 00:00:00,2017-02-19 20:59:10
43f8239b77a3e6fd49c6fca2a9b950d8,9d230d6d2c7b315e6420c9f2c0a85938,5,,,2017-07-18 00:00:00,2017-08-02 13:04:11
c56feb72635b48bbeb78af2d32932f46,dd12f57a8bc06b6105b3e8c0c1bdbabd,5,,otimo site .entrega rapida,2018-08-09 00:00:00,2018-08-10 19:59:13
cae296594645427c8b40204d7a0b7a15,6a189ed8c568195193d5880d4c090de5,5,,,2017-09-22 00:00:00,2017-09-25 13:23:54
92c585d6e2802f46c8f12f813c642c78,9af89743e7144e56b5e028a248174ef1,1,,O produto chegou no prazo! Mas o material é inferior não compensa o valor. Não recomendo ,2018-03-15 00:00:00,2018-03-15 20:34:23
ae8ea4300f0d66aca4f7501a54896f5f,96c26f94aabe1e27bcc5068044c5da90,5,Muito bom,Muito bom,2018-06-20 00:00:00,2018-06-21 22:51:11
900ceb529da24cccf77fee0935a46090,a6b4a07846eeb32164672a9299ab8aa3,4,,,2018-04-07 00:00:00,2018-04-09 13:48:31
e63e249001e32dfbaa987185b052297e,222e2e919b398d9f76f574166e305c62,5,,Esta loja é de confiança ,2017-11-17 00:00:00,2017-11-20 12:04:51
8b01a2e45747aad2444153c75eafd4d9,3399c5d5b9eb49b7a4ec11d7c39a8aec,5,,Mto lindo amei,2018-04-14 00:00:00,2018-04-17 09:45:55
8e5f7e3f30dffe40ecaec4ebc1bce34c,92e0a2b039d9ce627cbcc94ecf879f87,3,,,2017-11-30 00:00:00,2017-12-01 02:20:36
20a545e7b41fa73cad3912f33a436cdd,2b9c1a6934f2dd62cbe6df11189fb65f,5,,,2018-03-01 00:00:00,2018-03-04 11:02:54
001a4411893b94d3f37d248e3586c63d,2e931584519b7ebc7b1a445a4f7cd8f1,4,,"Produto bom. Recomendo a compra. Entrega um pouco demorada, mas enfim chegou e está correto.",2017-12-20 00:00:00,2017-12-22 22:25:40
e33936cc9a4e926aef718763ae9141d1,6ded11f0a307eed2ae0931fe59f4c599,1,,,2017-05-27 00:00:00,2017-05-28 12:53:17
35b95983509c905347c406c3afb94836,4194efa7ec651ea7442c7f01988877bd,5,,,2018-06-28 00:00:00,2018-06-28 20:51:49
59168ad031faf4d695bd0b532c8dc8c9,64307ceb91666760cf3ff463618302fd,3,,,2017-03-29 00:00:00,2017-04-01 00:59:52
043927702a1eac79111cfaa3a1afc2a4,2e7afd467bd078429896367562ec0727,5,,O relógio atendeu às minhas expectativas.,2018-03-09 00:00:00,2018-03-22 14:04:05
0f74ca34d6639aebcdf18b5b427fd7ec,2c49b1336713953c90ab5e1f16ce5012,5,,,2018-04-19 00:00:00,2018-04-21 23:46:12
054c4e60560dc93fe71d44e423637992,2bcb35eae24dc9a57f35090df6a7cb67,4,,"entrega foi realizada antes do prazo máximo, foi bem mais rápido que o esperado!",2018-03-08 00:00:00,2018-03-09 14:02:55
d469ba74fc61a9bbb7431f12cbf33c1d,0241b276e1e2b1d6873473c44240b426,1,,"Prazo de entrega enorme, produto não entregue e nenhum contato com explicação.",2018-03-24 00:00:00,2018-03-24 13:07:45
372bb5b35b903fd08837d3463017d4ce,660a02c58e33a4d888a10733703398a5,4,,,2018-05-18 00:00:00,2018-05-20 12:55:04
6535e86c70c05f5f6ff3ed8fb2fc3011,917d8fa5446854ac034de2f57c82bbee,1,,"Comprei a cadeira da targaryen parceiro da Lojas lannister. O produto veio com a base de ferro toda fora de medida, nenhum dos encaixes deu certo, tive um trabalhão para montar a cadeira. NÃO RECOMENDO.",2018-04-21 00:00:00,2018-04-22 12:44:15
69c450339ce5ec8f28074ea31a3e424c,f313336cf2b038a3ef433d8e48aec4d5,4,Não recebi os cartuchos,"Já recebi as lentes, porém, não recebi os cartuchos. E não consigo rastrear o pedido no aplicativo.",2018-05-24 00:00:00,2018-05-25 00:52:37
499bbf4c80a2bfb703f60df742c3cb92,509a52223ecac6d67fb765b3b37c6974,5,,"Recebi o produto no prazo, em perfeitas condições. ",2016-10-27 00:00:00,2016-10-28 17:46:59
42a59b07a511d02fe4b981c7b1356773,b2568132625046ee9b5384ad5bd26977,5,,,2017-10-19 00:00:00,2017-10-19 23:04:20
6b5ae769c3fa37b787f017aafb5c45e5,bab00350f5ef0c26654bc8eb1b90ea9f,4,,,2018-03-20 00:00:00,2018-03-21 23:50:37
5b2ced9b2ec1ead74ff9ee1857648f49,dca63e525f9401c2d75b39006727511b,4,,nao resebi meu produto ate hoje . comprei uma cama elastica ja chegou mas a escada ete agora nada . estou esperando a escada .voces sempre entregarao minhas coisas sertinho ate antes do prazo nao sei,2017-07-15 00:00:00,2017-07-17 16:17:37
8a734dcd6b5138e08516c9b84bc1dfb2,bec7d5a25c600cedea70947a1aa39092,4,,,2018-05-17 00:00:00,2018-05-20 20:29:11
4e01ba6b115534c73fa19df33b9f4098,5a902cc5a20f8cd076f116d16d5aef9d,5,,,2017-10-19 00:00:00,2017-10-19 20:49:40
9ff0e2f842cde7179001bd65f01e10ba,9c3ac80bb91312f5c23ffc1097c4ba7d,5,,,2017-12-09 00:00:00,2017-12-12 11:14:16
32413cf272397f80f64f851d6758d312,0d9e86e02c1a823b20c03ea29d616607,5,,,2017-10-25 00:00:00,2017-10-25 14:31:05
d082e559dd060dba5521aad26fffb763,206dc2e3ed3121cb9271e8922d9650b3,4,,"O produto é ótimo e veio bem acondicionado, mas houve contratempo na remessa. As lannister mo informaram, mas a loja parceira, contatada por e-mail duas vezes, não me respondeu. O caderno veio enfim.",2018-04-16 00:00:00,2018-04-16 16:58:13
3d7cd8ee50aac0e6a35e71b3bfcdde21,23e9f8ff4531eef8fbeb21efcf4ca260,5,,,2017-12-19 00:00:00,2017-12-19 22:20:08
52b511b06c99bc208c0b428a797f3330,ccc1762fa4bea334f80983e3f3a933b6,5,,,2017-09-09 00:00:00,2017-09-10 11:35:05
18bc22b1ba7f5c98c013b9e4c42de7b7,60301aefa80ed57de1c39335c519622c,5,,,2018-02-20 00:00:00,2018-02-28 13:30:44
9683bba3604aed7768763c085d0dbca7,d32d839e4c6f7772888cc70c40f23abe,5,,,2018-02-02 00:00:00,2018-02-04 21:15:26
be011a491e7ecaeaad341f7800145aca,10e133f423bb02952878401b944fa13f,5,,,2017-11-23 00:00:00,2017-11-26 03:33:55
da9fe11cde5ae9ce1a0adcb720e2e8dc,2e7b6fd2d14510c3828fa09dc0b9c082,5,,,2018-01-30 00:00:00,2018-02-01 21:28:47
60d1ac9bb7ed261ad8dca775cec95e06,62c16e40e8cd43ca10fef5eadfc2d11f,5,,"Recebi dentro do prazo, antes do esperado. Produto certo . ",2017-05-12 00:00:00,2017-05-13 03:14:06
9f6e504cf79b117fe521f87c7d69911c,193f0a2e7d76b4a6b080379a0fa83391,5,,tuo certo,2018-04-12 00:00:00,2018-04-13 21:05:21
84c7e3eaec4927dcf84d35b1f6355ae7,67bc13a75930f4cf503a251f12328045,1,,Ainda não recebi o produto adquirido e não houve nenhuma comunicação sobre o atraso.,2018-04-12 00:00:00,2018-04-16 16:19:45
65009c2a44da2df7fee56cabdd769e59,9e98c3552018458c0a2dbfda35bbfbfb,5,,,2017-12-25 00:00:00,2017-12-25 17:22:00
6b900e0b8a1382f4279aaf9fd54073d1,e531208eb155aa7ad31da8a797a6efe2,5,,,2017-11-29 00:00:00,2017-11-30 00:25:32
ae8edfd6760a9a44409dea41ec266d5a,d0f706ec8a0d8cd8b1733c1f2f7f4701,5,,,2017-11-29 00:00:00,2017-11-29 19:55:52
0a9b63b9bc43a00f42e53c60db3e2cc2,486189e06030d36779e10e55b6220d87,5,,,2017-10-21 00:00:00,2017-10-22 02:06:45
4b9dca5dce0cbe0aca0f2b4b5b7e0f7b,c2e3096cfe14dd179f75dc83746fe2a8,5,,"Envio rápido, produto como descrito",2018-03-03 00:00:00,2018-03-04 10:19:10
1ffe9e4ae5fa31b95783cc8a38aea7b9,3d9650eb93f7e3a88b65616691a0126b,5,,,2018-05-22 00:00:00,2018-05-24 14:26:22
856f1a5df9dae745dee1770e564e0c20,8ee4362f8dfc794ac7cb9b309b4a87b3,4,,,2017-09-10 00:00:00,2017-09-11 12:16:04
c5d0a54c200a1689c1ebfcaed7459f60,e0017093576ff7e25777c2d023eb1cd9,5,,,2018-06-29 00:00:00,2018-06-30 00:56:07
0ea0e00569ec9b5bb05df85308600697,4cae8f063630ed7e8cac158618f1c83b,1,,,2018-01-18 00:00:00,2018-01-22 22:16:15
c59af9cb9f61b48fcfb1f1b0ae6df143,60721992ef4cec39824837f08c79afec,5,,,2017-10-03 00:00:00,2017-10-04 10:40:35
6993c341b6a97953419100a737688f0b,905564c4ef42ed11c74cc6f3d1919bcd,5,,,2018-04-12 00:00:00,2018-04-12 23:28:32
971b8f625afa7ce2f85594f855d5145d,84a2a019c5e35c1b7930e967601312b7,2,,,2018-03-28 00:00:00,2018-03-29 01:53:19
a1faee692039d22aa2302442e127836f,55a4f9b50beced29f599c03bf4df76e0,5,,Legal,2018-08-19 00:00:00,2018-08-20 15:03:52
814349514e539eaef47590edfb243835,eb22d6eb9946f4e045cffb03414af48a,5,,Indico otimos pneus!👏,2017-12-06 00:00:00,2017-12-08 23:30:36
45480bab280234abf804612eda0467df,a4d63c74eb133a700461000c2e8df158,4,,"Sempre compro nas lojas lannister, dessa vez demoroi a chegar por causa da greve dos correios, fora isso e bem rápida à entrega! ",2017-05-13 00:00:00,2017-05-20 00:39:29
e2a2c3a91b674e7b4f466259dafe8846,b3311a70844e97acd4e111dac452a341,5,,,2017-03-28 00:00:00,2017-03-29 11:42:39
c0e4383f72f0f8aa019dcd5eae714ff5,3cf6fb1fae0029f5b4f01de4dc8d2fc9,5,,,2018-05-12 00:00:00,2018-05-15 10:16:07
cfbda45cca20f9978de6c266b8932d07,581ca172b817d8c5626a66b8cbfe11e7,5,Recomendo,"Adorei minha compra, veio tudo como imaginei, perfeito, com certeza recomendo.",2018-08-15 00:00:00,2018-08-15 23:28:11
56b08e9b389232b25855923e29e76964,9d81bb437ca5583e95a56300b3576228,5,,"produtos de excelente qualidade, e chegou antes da data prevista.",2017-10-26 00:00:00,2017-10-29 10:56:30
f3e0cf345931c73d71b59b8be082f81f,64cbe98d3ef9d927297f7dea3fab17d6,5,,recebi o produto correto dentro do prazo,2017-05-26 00:00:00,2017-05-30 15:19:17
59af58dca7b568996e0a458e883616f2,0c51264bdcbe5893081232bba640dba0,4,,,2017-09-16 00:00:00,2017-09-18 20:06:03
ee0926fe28c6ae89b48fd263375dd049,953924bfb9b567973c9f02020eb17eab,5,,,2018-06-08 00:00:00,2018-06-09 03:38:17
f37aef9f15a081d0790c6e76ad630160,354f62589ab0a15eb57e820d6fcbe9b5,4,,,2017-04-05 00:00:00,2017-04-06 17:51:00
