product_id,product_category_name,product_name_lenght,product_description_lenght,product_photos_qty,product_weight_g,product_length_cm,product_height_cm,product_width_cm
adf591c625cb265c12bc6749d3a2f757,beleza_saude,60,1146,6,150,20,24,33
dd768d259ee6054e0dadd66c8e2be0b6,cama_mesa_banho,52,700,2,350,16,10,16
c6336fa91fbd87c359e44f5dca5a90ed,esporte_lazer,39,772,1,150,16,16,11
11dc4053871ff53ff79fb1fc7e6b160f,esporte_lazer,29,347,1,1600,100,7,11
012dd0e1c1f14325ee35f06748329355,beleza_saude,58,1690,4,490,30,5,25
f0ea71b6e2ab4cb3bd8f5ba522a25a56,,,,,1300,30,20,30
da86f2cc2faf840b7b86390726b88905,perfumaria,37,107,2,200,22,3,11
53b36df67ebb7c41585e8d54d6772e08,relogios_presentes,33,523,3,584,16,11,13
d31bf2a9527a3b785e229da07cbb86af,utilidades_domesticas,30,299,2,250,16,23,14
cabf8b8ae04dbb649a84f493660febbe,moveis_decoracao,54,553,1,1200,35,9,25
3606696d19bbcad6cb6c0e985749862f,automotivo,56,882,4,450,16,9,15
7b85e3deef35afd6ebed5461ee8f0641,informatica_acessorios,56,617,1,1583,18,15,12
ac8cd7b94039a681dafe6f7d664864e7,moveis_decoracao,63,641,1,200,27,10,12
81c891c541361f1108fe9e2a645324d9,cool_stuff,47,832,3,13900,34,93,34
06c38a87544301cba8b0fb5a0796383d,brinquedos,45,553,5,2300,98,12,20
601a360bd2a916ecef0e88de72a6531a,cool_stuff,33,897,1,1600,42,25,15
71fddf41cc1719c5550ebc5d0ab86357,construcao_ferramentas_jardim,40,275,1,100,16,2,11
01cf7c4cffff8db0a1cbe612bd2d50a4,moveis_decoracao,53,371,1,800,40,5,11
48e82f62f499350869ac7529efd9fcbd,moveis_decoracao,60,357,1,650,25,5,17
19c91ef95d509ea33eda93495c4d3481,beleza_saude,50,1257,1,700,25,12,19
3470ec574925a96bb8480140fddb1050,pet_shop,55,633,1,300,16,16,16
90948d9a060616a06ed14846f7f1749c,eletronicos,59,547,1,1767,49,10,19
6803077179d24889430188e03fafd31a,eletronicos,48,287,1,100,23,8,18
d2f1cd931c7b76fefa93547cc1b4881b,moveis_decoracao,55,320,1,850,40,5,11
7f4e034245e45549110139d1de248f83,bebes,55,1629,1,600,20,13,13
1e618d311a1b7f88a9d96ec50aa85582,utilidades_domesticas,42,540,4,9950,31,61,31
72f50924c42f32d9a236b7602686a49f,cama_mesa_banho,52,289,1,3450,36,10,35
78efe838c04bbc568be034082200ac20,moveis_decoracao,57,272,1,2500,40,10,30
3685c687db4b3d2da5085d23b408e93a,cool_stuff,49,805,1,300,25,10,20
16ed6a6e3fce23b741650437fe58d65b,utilidades_domesticas,49,1226,1,750,35,15,35
e855e71e84e8f333d5f82f54e22fda48,fashion_bolsas_e_acessorios,14,115,2,400,20,20,20
9f7b48e2d4e4d7375f71a10791faa1b8,cama_mesa_banho,42,507,4,2050,50,10,40
1a7cffdce32ea72085aa94c27b19d01a,perfumaria,58,648,3,450,22,16,16
97017430754804328eb9597b7f85da03,telefonia,60,818,5,300,17,4,12
e48cff5b3591c9466cd84fcea1f1b3e4,consoles_games,57,574,2,200,16,2,11
9d8a0e115e802d845b4ce1eb794d1260,esporte_lazer,30,2299,1,150,20,10,15
5c0826f946c32406d5baa79544668b4c,eletroportateis,39,873,2,1200,20,15,25
d3060c543b1b88a647cc284ed7a9dd4a,pet_shop,38,817,4,6200,69,10,49
c71cb8cbef2337bd69b95a02e4e682d4,papelaria,58,392,3,2100,16,9,11
8d7d29e5fb9ff5333009326c87fc04e9,moveis_escritorio,56,1070,1,7433,57,68,31
0502d1a36be75bd36b452f31c6ed264a,,,,,100,16,7,11
a1efe4a86746c22541813e22e1d23e33,cama_mesa_banho,52,289,1,1950,34,9,33
57f2bc497c1a3ebe41ba7a06d78ed159,relogios_presentes,55,336,4,250,16,2,20
ee6c49af1a2de55aa0e076257ab4ab99,informatica_acessorios,47,956,1,140,22,14,14
2083a6feb4bbb31f6abc92fc24e468c0,telefonia,56,3135,2,150,19,15,15
be40dfccc49c5959cc0cc2f6447acc38,esporte_lazer,48,855,1,1000,16,20,16
3625fbaf8284047185fb0351f2f84ae3,esporte_lazer,55,815,4,1600,25,8,25
f2a286e75c6c6022c0e7242e12a39079,relogios_presentes,58,623,2,140,16,14,14
b114bf337c0626166abe574eee9e3f32,moveis_escritorio,47,1398,1,13350,57,56,22
ee5329ffbe604bebcf84b2fd7792024e,beleza_saude,53,84,1,250,23,7,15
89bbac967e47033f5d8c15527de1ef9f,casa_conforto,57,217,3,3500,40,20,40
b61c2827d3a8043826c9132d88188744,esporte_lazer,45,407,1,329,19,13,16
aaa86a9a394d5df9490a43aa78b4a59d,automotivo,54,445,5,50,24,2,17
1613b819ab5dae53aead2dbb4ebdb378,automotivo,60,982,2,50,17,10,15
7aa53bb43cb5b12d70be2a69d1e3c364,malas_acessorios,58,487,3,16200,26,57,39
d33f55fbec1f19c63fc6854c2fd65925,cama_mesa_banho,55,426,1,14050,16,10,16
f6c0bce2838cf1bdab4958c4cb8b946e,relogios_presentes,46,635,1,233,17,11,15
4298b7e67dc399c200662b569563a2b2,informatica_acessorios,58,420,1,200,21,14,15
43cc8e4d981bc04b9d78b12e8a908d41,beleza_saude,44,1793,1,11450,80,26,26
e034c021254ff4d8da4e936e047967af,beleza_saude,42,2877,1,150,19,14,16
da3d93a1cb86a9e0369c04900f413a5d,ferramentas_jardim,39,1053,2,2660,34,25,16
d8fc369e0b2d17b856119ff03276f198,consoles_games,32,265,1,600,22,9,12
caa41bf17e27022341da028e79152c4c,beleza_saude,60,365,1,180,16,13,11
2267f81f3634e3fdd5d27151ddad3c26,cool_stuff,53,419,3,9650,86,8,40
3952bdd2bc1fc8c324a78de21ae4d801,moveis_decoracao,47,660,1,900,21,20,18
55b04296824029ae20bbeb3b200e69d0,moveis_decoracao,54,785,6,1300,60,12,12
76de7235ba0ddd12de1d998e1a5a1722,telefonia,57,166,2,150,20,5,12
32bb152336c896d906a6344cdbe1993c,moveis_decoracao,58,635,1,7350,30,35,30
6eb70dfb283dc3f645ed7b03c990dc72,audio,31,251,2,343,19,11,13
f6dc856631040b5a7843b14a94b09b96,pet_shop,48,1594,1,15550,47,32,62
4fcb3d9a5f4871e8362dfedbdb02b064,automotivo,53,603,1,5950,65,11,65
368c6c730842d78016ad823897a372db,ferramentas_jardim,57,366,2,1650,30,22,30
628f5ed6c14790dcb9233c8dbf596175,beleza_saude,43,875,1,555,30,12,16
242a6abd32d7630b48ef5c0a1bf527eb,,,,,400,35,16,35
c10a7001e8b49dfc03817444b5f2ed81,relogios_presentes,46,670,1,500,16,2,11
b8b426747049f2d3d6e00b486d47dedb,beleza_saude,49,819,3,1250,42,11,12
e482ad963bfb9a9abc51b9850aca97b7,utilidades_domesticas,45,293,1,250,19,8,11
c689470c5a069795896edc7b896d9251,cama_mesa_banho,63,837,1,1300,43,5,30
2511e504fd7794c668a8521aabe3713d,cama_mesa_banho,60,298,1,2650,33,7,39
4555f012f9764d3e5cedbe66cd24513b,brinquedos,49,194,2,1100,30,30,30
643d903164c4b6ba8bd0b68348e9d135,ferramentas_jardim,56,212,3,458,20,13,32
75d3880783e696c130527f026ee302d4,esporte_lazer,41,243,1,400,44,13,44
ab1f9387c0627dd24000bfbc54fdeee0,eletronicos,45,456,1,175,22,11,16
aa280035c50ba62c746480a59045eec4,brinquedos,56,678,3,200,16,8,11
43ee88561093499d9e571d4db5f20b79,moveis_decoracao,39,161,3,200,20,20,20
3e442d09f9dfef002aadf31960869f65,informatica_acessorios,33,1084,2,200,41,2,29
622bad99b4296aade0783ebecdd3fa15,esporte_lazer,47,1249,1,400,27,6,25
0e632ab9f5b05a2703871a8f27e4e1a7,informatica_acessorios,42,521,3,400,16,8,16
9882de2a7da613f71ce16f22e42d50d8,beleza_saude,60,1610,2,250,16,4,11
c0abb5707b6d57b4e7d9797222a77fc8,beleza_saude,60,850,1,417,25,7,22
69455f41626a745aea9ee9164cb9eafd,relogios_presentes,41,408,2,501,18,13,14
f2e53dd1670f3c376518263b3f71424d,cama_mesa_banho,53,236,2,1975,41,13,31
27672da99215b426dc0ced05731bccc6,fashion_bolsas_e_acessorios,59,412,3,200,16,2,11
7cd368b177f37a01149c959266701c1f,perfumaria,53,1227,1,850,20,20,15
3b4ea3aae09e99353a54922da11954c3,brinquedos,57,87,5,5700,39,30,29
a4275459104a31ba114508b8709860d1,automotivo,51,186,1,9250,67,6,20
f10a869cdfe48a282e6dc920da718e9e,beleza_saude,60,183,1,700,19,17,15
a5647c44af977b148e0a3a4751a09e2e,moveis_escritorio,48,1066,1,12160,56,51,28
76b7fa5da50b22fe17d1e7bbde661106,moveis_decoracao,52,264,1,650,25,25,25
4b4a4a757b32080f88805beb030d7955,papelaria,50,893,10,800,30,40,11
ff29d8cb1cd0cd5ea37b80dac9939e1c,eletronicos,47,485,1,200,30,10,20
6e7b435ac3c84fc5348dba974e184322,perfumaria,42,299,1,280,17,14,14
36f60d45225e60c7da4558b070ce4b60,informatica_acessorios,33,300,1,207,19,11,14
1d0576deaebcd2285a1fea5d43021ca8,fashion_calcados,57,404,4,700,22,12,33
96cadd6d137bc9726fe1fae279d48631,,,,,1300,25,15,14
abe171a94bee936786955f928bd764ab,cama_mesa_banho,54,553,1,1300,35,9,25
5c973b4202aac5c372a483e712306f4f,cama_mesa_banho,38,182,2,350,25,9,19
57d79905de06d8897872c551bfd09358,telefonia,59,540,4,300,17,4,12
e78506414d2563b6414cfd84b7fa0802,perfumaria,58,827,1,460,20,14,20
0efb0a47500c44e05a5930cae12307d4,malas_acessorios,53,956,1,18400,53,77,33
1a405418406359cc2b8815f93bf359c2,esporte_lazer,56,1007,2,4550,20,20,20
97759b2e2035fcd87986a43119b56c7d,casa_construcao,32,638,4,500,17,27,17
f28b94930035f99d65318418b424750c,cama_mesa_banho,27,1303,1,7200,60,5,40
e4c7ed7a832858c17d60ad5e38b00aba,cama_mesa_banho,35,155,1,750,40,4,30
0d7312f1f397b109b3765a2917e45b13,malas_acessorios,36,852,3,550,16,30,20
3003a2841d6a775095317139ed2f7943,utilidades_domesticas,43,309,1,1205,39,24,23
aa50ff149386fb0469e22f41b39652a6,cama_mesa_banho,55,608,1,7325,25,63,63
566d15b940c0d5e7a0a37c82b8ce353f,papelaria,58,327,9,400,21,7,15
b0c89945c034268074f5f80b362bda34,cama_mesa_banho,60,612,1,550,16,10,16
4f0a445aa70e0bcec25ba0ef7c7e863e,brinquedos,56,723,3,1200,50,10,35
a52ed2fb26d435066d6613134afcb439,cama_mesa_banho,56,211,1,220,32,4,23
059ca09d32720d9adce3ae12e181339d,perfumaria,50,676,1,426,20,16,17
da93657c402ea46729003c282352d727,esporte_lazer,40,1160,1,1795,33,28,23
d1c427060a0f73f6b889a5c7c61f2ac4,informatica_acessorios,59,1893,1,6550,20,20,20
ca38c039b717207dec906f4fa9a21db7,beleza_saude,53,3734,5,538,23,12,34
cb6c1c21ebc9c153a7baf319c515657a,informatica_acessorios,24,718,2,200,41,2,29
de12bf624c66b90ad178ac441cbfbad6,telefonia,50,1311,3,50,18,6,11
a9028257171c93a8d948ff95a0082b0d,eletronicos,25,351,2,550,17,8,16
79535f801c489bd33483bf6d67da9a86,construcao_ferramentas_jardim,60,1131,1,6900,55,29,29
fc1449f3ffc59fd2eb9640505aea0581,informatica_acessorios,46,345,1,1400,26,13,35
1612209b0b37fbe80e1e8e1b7d19ca1d,informatica_acessorios,56,580,4,1600,20,15,20
f4f4debbcfcafe6858d1e37a1f6e436e,moveis_escritorio,33,1190,1,13867,101,8,57
30ac6df06dc59ad72cf2f158fc2d904c,utilidades_domesticas,53,1034,2,16550,22,65,40
deaa363c2aa7c56c84e888bb74cc7176,cama_mesa_banho,53,478,1,300,16,10,16
e0cf79767c5b016251fe139915c59a26,beleza_saude,55,388,1,250,16,5,15
15d8ac236009f0d5e74a5033a53ba460,pet_shop,60,2582,3,7150,35,35,35
268a26bc460de02a94ec05d9ebb4c3e7,informatica_acessorios,51,727,1,650,20,16,20
6a2909ac21d16b721e4795e7e8ff3e68,esporte_lazer,53,618,1,283,24,23,20
4520766ec412348b8d4caa5e8a18c464,automotivo,59,956,1,50,16,16,17
ee57070aa3b24a06fdd0e02efd2d757d,informatica_acessorios,55,937,1,107,19,13,13
0950783476d3f6529a03b28fcac219d1,utilidades_domesticas,51,601,1,1350,28,34,30
e256d05115f9eb3766f3ab752132a4e2,informatica_acessorios,42,399,1,740,26,15,19
34b9bda637e469b293f081fc33d7a094,cool_stuff,55,409,1,1050,36,16,24
99a4788cb24856965c36a24e339b6058,cama_mesa_banho,54,245,1,1383,50,10,40
7494075d75b7855aae586070f6a12113,cama_mesa_banho,54,478,1,350,16,10,16
5a6b04657a4c5ee34285d1e4619a96b4,beleza_saude,34,1036,1,1000,16,16,16
b18040a8b795afd0802abd9c3755ea64,esporte_lazer,41,979,8,7000,90,20,25
9a1671211dbf49fd18dd1bd16cff632d,relogios_presentes,34,176,1,400,18,12,18
76d1a1a9d21ab677a61c3ae34b1b352f,,,,,550,16,7,11
c5b6cb0ce3279d64025831b972bf5dee,papelaria,59,354,3,6050,38,30,28
1e303cde4e3a92980a46ccb221a22e11,utilidades_domesticas,38,191,1,2700,42,14,12
624dfd4e171c102a6b6f50a83e522019,construcao_ferramentas_construcao,57,388,1,1050,35,30,21
f879fadd73c7b81f0b278dacc880cf08,moveis_decoracao,55,282,1,7500,53,16,53
6a83dafadbcf4112388e8173860dd3b7,utilidades_domesticas,54,614,1,1245,58,12,60
b93ce2bec0961862bd811f643e704566,eletrodomesticos_2,29,223,1,6250,55,10,68
3c169334e3cd4e710ef729a014d38b2a,brinquedos,49,1363,2,700,31,6,25
0a4093a4af429dc0a9334300e5c13ae5,beleza_saude,56,389,1,300,16,5,15
1eb30ad5e28de3838ccc658fa4eec948,brinquedos,50,233,1,400,45,15,35
d5991653e037ccb7af6ed7d94246b249,informatica_acessorios,42,363,1,922,30,15,17
ee56c010c47882613d271e40703165f0,utilidades_domesticas,45,2637,1,700,20,12,12
e30a6d4fa7a954f72a0392de4c613243,telefonia,40,945,1,225,16,3,11
781afe929e3016a667f5f439afd55fce,esporte_lazer,42,590,1,400,18,18,18
5d10b3779b68d58be0fcc46a1ee79689,automotivo,59,857,7,880,49,25,46
54e5063e43f27f747d592eb24e913150,industria_comercio_e_negocios,51,1136,3,3950,16,103,25
e0d64dcfaa3b6db5c54ca298ae101d05,relogios_presentes,35,514,2,4338,17,12,14
4583e308182e4e78d5b71b5af1804def,bebes,41,565,1,450,16,12,13
e9a69340883a438c3f91739d14d3a56d,utilidades_domesticas,60,1912,5,3000,33,12,34
9e0873e9ac04b12f282b81af5daebd2e,ferramentas_jardim,25,432,1,2825,29,29,29
24c9d329963373e2fccaa3f3204db19e,consoles_games,58,601,2,100,21,24,23
68ad45d48d69404aeb71ce87e1b2c948,livros_importados,37,452,1,850,33,2,23
ef0c5d08ef672e2e8beffeac308625b2,cama_mesa_banho,44,232,1,1450,38,7,31
9bf39940ea9c92c0036e06c6cd577cbd,esporte_lazer,60,1457,1,2450,32,22,22
f17919cd5c50df5ea6b11d9665a0eb2f,esporte_lazer,44,951,1,1150,31,29,29
408e5a84e3b1333dc8be734b100ba3d2,bebes,33,746,4,9717,40,74,25
5183344b5357029cfd88c7f511ed876d,instrumentos_musicais,57,1837,6,4125,33,13,16
f4f67ccaece962d013a4e1d7dc3a61f7,automotivo,52,603,1,7625,61,14,61
b74d57e3377dd78aace6d070fc48cc88,cama_mesa_banho,55,556,1,675,40,18,35
f4d450a6163f21cf9db8bcdf8c7e50f8,moveis_escritorio,37,92,2,12125,41,58,41
c9dbe2eec19a8093cb5ac57486531c18,cama_mesa_banho,55,124,1,1375,30,6,22
06edb72f1e0c64b14c5b79353f7abea3,cama_mesa_banho,39,161,2,350,25,8,19
6c50c87e36d8641d67fbcceed5cfec5e,relogios_presentes,57,266,3,200,16,2,20
5a6e53c3b4e8684b13388d6aa4afdf12,utilidades_domesticas,45,176,2,200,19,9,12
1533438056d9a9bcb1295afd304e36df,moveis_decoracao,52,485,2,500,35,8,35
0c787112ac1b5dce38f58d7feb8c23d7,livros_importados,45,1211,1,500,33,6,22
50fcba527cde578e212f114ba5cfdfef,cool_stuff,54,874,1,1000,42,25,15
fad824f446c61e0e6e1e8644c17a9f59,utilidades_domesticas,50,251,2,700,30,30,40
660cde3831902f7c7054cda45716d948,relogios_presentes,46,438,1,450,18,12,14
46444262c3cb20869d7f96985fc0b08a,esporte_lazer,60,1353,7,4750,102,10,22
983a67406e3e74f6b7b27168cf61d6d8,esporte_lazer,51,419,4,467,46,11,14
c075b8e131353552218860f1c421e4ef,moveis_cozinha_area_de_servico_jantar_e_jardim,30,1565,4,1750,20,16,30
56677610baf20ec5c96361f374b46153,utilidades_domesticas,34,487,4,440,17,14,14
a5a0e71a81ae65aa335e71c06261e260,utilidades_domesticas,57,698,3,705,34,22,28
023a60ac6b3484afe23d788ce2444df0,cama_mesa_banho,66,503,1,14300,45,15,35
aca2eb7d00ea1a7b8ebd4e68314663af,moveis_decoracao,44,903,6,2600,50,10,30
6987398dff454a3138231540e2a6ec61,informatica_acessorios,38,209,1,1033,31,17,22
c1617123e66d2491ca93ceadfd36203e,cama_mesa_banho,54,687,2,1050,32,5,30
6e6bc9eb53618579e6184f84ae04dba9,beleza_saude,60,918,1,150,22,3,15
7bb755757b4b21a1abc9cc6e9991a8ad,bebes,60,275,1,320,36,7,23
a779813bc20484d25e7dddbacab940a7,beleza_saude,33,776,1,700,30,12,16
4c9d4ba4d612c9cb5c7180d711077d33,cama_mesa_banho,55,410,1,1800,40,8,35
2a2d22ae30e026f1893083c8405ca522,cama_mesa_banho,60,744,2,8350,50,27,38
dd61e943598eec72351633dd6a72d5dc,perfumaria,47,1816,2,350,36,6,22
165f86fe8b799a708a20ee4ba125c289,cool_stuff,40,1456,1,2425,29,30,19
15859e3a8aaa3c192c10a91d8722abd5,beleza_saude,51,2795,5,5650,36,26,36
3fbc0ef745950c7932d5f2a446189725,beleza_saude,50,1257,1,350,19,12,13
422879e10f46682990de24d770e7f83d,ferramentas_jardim,56,348,2,1550,30,22,30
583916a5dae918f5e89baec139141c54,,,,,3100,28,28,50
1a909e04ddbc64bda3fc905834678201,informatica_acessorios,48,475,1,213,15,7,11
6aa8f339965debf52a549f8aade6d068,eletrodomesticos,57,563,1,500,23,16,18
6131240aedf34224270cd6f07e8229e4,moveis_decoracao,31,290,1,250,28,6,31
f7e0fa615b386bc9a8b9eb52bc1fff76,informatica_acessorios,59,2574,1,325,21,21,21
0f9df08ca6757f6d5158b71f5d307724,casa_construcao,46,866,6,550,17,28,17
87cc2aef12eddf0b170234138b0946e0,informatica_acessorios,58,2455,2,350,28,6,20
fe6a9515d655fa7936b8a7c841039f34,cool_stuff,29,266,3,5650,73,73,20
535a23504a92e3e42a5cd54256c75b17,pet_shop,58,539,1,900,25,25,35
fc2351bcf24c714e5d21b44ad41198b7,bebes,58,1380,2,6850,48,25,34
eab67bf937aaadc19f83383a331d2dd9,moveis_escritorio,53,1199,1,10975,53,51,18
e5ae72c62ebfa708624f5029d609b160,informatica_acessorios,60,367,1,156,18,12,15
d04857e7b4b708ee8b8b9921163edba3,informatica_acessorios,33,1127,2,450,16,4,20
c3d0861113018ae43eaf47fcf5f0229b,moveis_decoracao,44,244,1,669,36,21,32
b532349fe46b38fbc7bb3914c1bdae07,moveis_decoracao,49,829,1,850,20,25,20
04f982a576e5d149919df37e292fa79e,cama_mesa_banho,54,607,1,5800,58,50,49
a4bc24bcb44abb54f2f6214991dcdab0,utilidades_domesticas,59,1104,2,1450,37,11,32
6bda6606bb4db26fb219523d6fd40869,fashion_bolsas_e_acessorios,40,508,3,250,16,5,11
88821a8093b316b2679fd44c828a31c2,cama_mesa_banho,43,1091,3,500,36,8,38
d189fbf8b5d79a670cebcaaad68d77b2,papelaria,49,453,1,3000,30,10,30
214f3ddd6bf0b37fcc394a822e319a30,beleza_saude,60,918,1,100,22,3,15
5c692818d313aa12864b48ac0c2472c2,relogios_presentes,56,167,3,200,16,2,11
8b27cbcf8e5472830ab6ec2bd7a6b867,utilidades_domesticas,49,409,1,2600,62,42,13
301b4cdcb73666033d7c96fcb1fc758d,tablets_impressao_imagem,47,622,5,550,32,27,40
658fc236815a88341f858edcdb0ec78a,utilidades_domesticas,57,965,2,1500,32,15,32
3cdb91cbeb22b6e87c8b595b68dfd5eb,construcao_ferramentas_ferramentas,59,326,1,800,30,30,30
9da950e8c8c482441f1b93955b21c827,cool_stuff,51,516,1,5200,37,20,34
bb580ac04bfbc59d40fdf59a5dfc2a8b,telefonia,49,614,1,400,16,5,11
e0f33a3329af6716a0bb47fd7a664439,,,,,200,16,13,14
bee2e070c39f3dd2f6883a17a5f0da45,informatica_acessorios,53,871,4,175,20,20,20
0b2ffdc19b87d97231a1bbd7bb979013,relogios_presentes,56,598,1,675,16,11,11
5d2d01b64b76916f0cbe74e407041187,utilidades_domesticas,43,297,1,350,25,25,25
d34ec3c23c142291062f958688a1b41c,malas_acessorios,54,114,1,1050,40,10,35
f76b8eae9da79861cd75f86a1020879e,casa_conforto,46,313,1,1800,55,7,23
76052d3aafb407055d02120f56cc8a26,moveis_decoracao,60,286,2,5850,30,40,30
eec68ed7d496bb2ee6aa0a69bb78acd2,papelaria,34,332,2,850,40,15,37
87c9f9f88ecd5b9de26a0a61e06e1d67,esporte_lazer,35,783,1,214,18,15,15
b5a8535271a06eda7aad510c09ddbf38,malas_acessorios,47,219,1,900,46,10,34
2621700be84cca4a1797b54785f43b1b,cama_mesa_banho,43,404,1,1363,68,19,48
145140d23f166a1166dc4437107df8cc,papelaria,51,303,1,350,16,6,11
852b19e59727d554cf958607536d86d9,relogios_presentes,36,1517,1,417,18,12,14
952670bc019a73f0933157ec82ff6e4f,cama_mesa_banho,46,162,5,3300,60,18,50
03c14a3d479e334e87ee5baf2563811d,ferramentas_jardim,56,1193,1,1500,20,22,22
ed355705438d608579451a9b3a230f1b,moveis_decoracao,38,1963,1,900,53,8,11
de480e3ae31eea2d2d97d694c43172fc,informatica_acessorios,48,535,4,150,16,5,11
b24d74b0c697ec38e9e6da20fa7b80d6,automotivo,35,117,1,900,38,7,12
832b74a0faa3b602a48e0f20990adaf7,beleza_saude,60,919,1,200,22,3,15
60d49071f68566b7254c39a7d4ea5c1c,eletrodomesticos,56,385,2,100,19,8,13
acc444eb5ad26f79d5a11baa6a03c439,moveis_decoracao,53,626,1,9400,35,45,45
ba4a91633739ceceb2b73b627e2cfbc3,moveis_escritorio,57,1296,1,8750,52,51,17
f7f59e6186e10983a061ac7bdb3494d6,utilidades_domesticas,59,459,1,3700,32,22,46
a6621d4ee609f3f917d04c11ca8f0161,brinquedos,55,889,3,2800,48,27,18
d97cfa719a6198d4a66453e0c6ed596c,fashion_bolsas_e_acessorios,57,66,1,250,16,2,20
1463ac0b4db553452c58c71a65c395cf,automotivo,56,700,1,50,32,2,24
6cdd53843498f92890544667809f1595,beleza_saude,51,625,1,900,25,12,38
021c41b063949bf529b79289c58e0a8b,pet_shop,59,803,1,550,20,40,20
0d86ff0b639e969a11a7b3dce67e181c,cama_mesa_banho,55,486,1,1850,40,5,30
639f8bcf72dc560a99bc690a73258235,informatica_acessorios,56,161,1,100,16,8,11
7fb04722aba7a2b632bac8f9819796f3,beleza_saude,48,594,1,1850,24,36,23
aa8d88eb4b9cb38894e33fa624c4287f,relogios_presentes,54,335,4,250,16,2,11
9b1954fdd0f9b4ef4ee2d267ac9de4bd,beleza_saude,33,964,3,100,19,11,11
b84c4c7f1845f068f40e350865b803fa,beleza_saude,55,865,4,1400,42,12,11
461f43be3bdf8844e65b62d9ac2c7a5a,relogios_presentes,35,591,3,444,20,14,16
c72edc98e7d77f0c4c04ec80730c05f5,esporte_lazer,18,370,1,700,26,14,24
5348b1bdd951b67a4d2a58992e2233ed,telefonia,59,818,6,250,17,4,12
6dab56beb5263f0d554cae5c55809208,beleza_saude,56,966,5,175,16,10,18
f582884ed8bb76a4b6317b8c9e966d98,utilidades_domesticas,41,325,1,1950,43,10,33
51f876eb62be778c757503cf7f8a3b74,beleza_saude,33,198,1,67,17,15,14
87a9ce65cf1cfe4f8a81d3c25f0b8874,esporte_lazer,52,1160,4,100,16,6,11
dc404a1496a08f9f5540c8b5d4b92925,brinquedos,46,753,2,1582,31,31,35
e9def91e99c8ecb7c5cef5e31506a056,brinquedos,34,867,2,500,19,11,20
a0c2204c3d4f44050951935fc9eac14f,automotivo,46,540,1,4600,20,9,17
7e0dc102074f8285580c9777f79c90cf,ferramentas_jardim,60,1251,2,800,30,10,30
45a6892a98568b366b52ffeec9a03691,alimentos,58,1195,1,229,18,10,16
c319f453652bff80bc8f9f71d87e56c1,bebes,46,715,6,260,24,19,20
fbce4c4cb307679d89a3bf3d3bb353b9,cama_mesa_banho,53,597,1,6550,30,30,30
4abef02c9dfc89006cb3d501d1f291c1,bebes,48,2296,1,250,16,6,13
e44f675b60b3a3a2453ec36421e06f0f,esporte_lazer,35,1058,1,350,17,17,17
71f2ce4ae5dfdd3b55a51c7a2d3c4da8,construcao_ferramentas_construcao,52,1384,3,3750,40,16,25
595fac2a385ac33a80bd5114aec74eb8,perfumaria,29,178,1,400,19,13,19
a92930c327948861c015c919a0bcb4a8,relogios_presentes,59,319,4,250,16,2,20
b11b6e603959e09bb5b90095db226602,eletroportateis,54,651,4,1950,31,23,23
2fea0f2cec6b6324a277d4a61c2ed2c6,beleza_saude,57,2026,3,100,11,11,11
21d2fdced5c69bfc6539b67908a4ad28,moveis_sala,31,363,1,6450,55,15,46
50e1b118f266b655f613f753914c42db,cama_mesa_banho,44,630,1,800,16,20,28
5a0783457f0264ade6beeac64ba145f4,eletroportateis,37,194,1,400,20,11,12
e95ee6822b66ac6058e2e4aff656071a,esporte_lazer,52,1153,1,180,17,11,14
242ec3ff603c92ddc1e59d83b9e40a2d,bebes,49,2830,1,200,16,5,15
1890c01a38d17958d79fe473d451dc9c,moveis_decoracao,54,553,1,1000,35,9,25
e53e557d5a159f5aa2c5e995dfdf244b,informatica_acessorios,33,256,1,180,17,10,13
954ed36fcf28237749ef5616ab0eff87,fashion_bolsas_e_acessorios,59,439,1,150,16,2,11
99f5b2240b82bf9387e5cf2fc0335b08,informatica_acessorios,53,422,1,160,19,11,14
23b156533f31f1e4493d605705f7e6db,papelaria,56,113,2,450,20,30,20
d3b24c68466ec241b98cddd7861bce4a,fashion_bolsas_e_acessorios,34,154,1,150,21,9,14
1fa784d8744e3ed625d8651ddb15e33b,perfumaria,47,534,7,1800,35,26,26
e2033444b9e15775ad3817491401084e,relogios_presentes,47,644,3,500,20,10,17
b0961721fd839e9982420e807758a2a6,ferramentas_jardim,59,341,2,1850,37,22,40
cf857bce01d442bb8631a548a4432def,bebes,56,1123,4,1533,39,13,32
f4fb1fcc46bdd61b314fe0292175e5db,cool_stuff,53,270,1,850,33,44,19
112e1856649c6762c1ca6058d07f2633,esporte_lazer,59,1203,4,500,80,8,15
7ce94ab189134e2d3c05f496d635419c,eletronicos,39,400,1,200,25,7,16
85b99d83c60cab5b4d8f927ad35212a1,moveis_decoracao,50,1017,1,2100,30,24,25
f3bbbaabf3ce091b88d2511c1a29796c,utilidades_domesticas,41,923,4,350,18,8,11
925b2ad4b07578f0ea488ec9b0cb3e8b,pet_shop,55,1110,2,500,21,18,20
87a71ae93900ab55fcf685c8040769b3,eletronicos,36,401,1,175,22,13,17
27b8857ca0d1477e1ad34ffaba0b642c,eletronicos,54,560,3,150,16,4,11
f71e07cf6e6d621aef3ff698bc4f2819,telefonia,55,880,2,50,18,6,11
ecc10f919e8a150d1307eb88417a3d22,automotivo,54,1396,3,2250,20,4,20
4150a78d94e1932852796a92cda4cd90,livros_interesse_geral,53,504,1,200,23,3,23
a0cb23ea9b98f51407ac7bd1fcd29c2e,telefonia,31,1440,1,100,18,6,11
dcb7642f668e09b75d526454940124b9,telefonia,44,464,1,200,19,4,11
b141c668aca84c5877a5c66bd94fedc8,beleza_saude,55,388,1,200,16,5,15
695c34c5771cca25ecdc04d24a9b49f6,moveis_decoracao,50,676,2,1750,35,23,35
821719b9a2288a792ba3ca0c9962f467,cama_mesa_banho,58,3863,5,27050,90,20,90
07fe9ffbb84b9d22610d79efb16e81a7,cool_stuff,29,234,1,50,23,15,15
7340a3839a1de1e99d149b8cf052a2ec,cama_mesa_banho,56,536,1,800,45,15,35
787049a00ace087394d4183387405ee1,casa_construcao,56,1084,3,450,100,12,20
0705b33fb285827a578fce4899f1b921,esporte_lazer,35,650,1,400,95,6,47
4464ecc5c8cd38eff5beae1484f80166,informatica_acessorios,21,181,1,917,21,15,11
0abbc7837b3659615530515c12091add,construcao_ferramentas_construcao,59,1307,3,200,19,8,13
3ff90de8afa748b1f8441607fb2b1e49,cama_mesa_banho,57,275,1,1300,45,15,35
04c4a4b9c924494fcf82e0fba966f955,relogios_presentes,39,364,1,567,26,12,26
cca3a8714ce46539155f98fe944189f9,moveis_decoracao,48,158,1,1550,40,20,30
c1b851dcfa2dd09a9349f396b2daeacb,moveis_decoracao,59,955,7,3450,90,12,20
3d36f403ac27db5c5b8faa68836e3d1f,moveis_decoracao,59,2010,2,1450,69,11,11
597d26435e8ef77bb0fcd26f6c07d486,moveis_sala,33,316,1,13725,54,22,53
c0654cc48163d87a12f1088eb133db68,moveis_decoracao,60,813,2,3700,36,30,19
bdb4be6ce2f7f2b5be0a16088028c7fc,utilidades_domesticas,54,851,1,3100,45,28,26
b9e247fc923da7d723c2545b76efe01e,cool_stuff,49,818,1,300,25,10,15
8d72bd9268379ba4f39affd5ac80ac39,cama_mesa_banho,51,413,1,1650,42,11,36
32419eeccb0c6d8e9da9d62b9221757f,automotivo,44,1194,3,100,16,4,14
26320e4682c6a0f297d07f3c74155666,moveis_escritorio,55,1029,3,16400,57,55,22
e68a5a5626c4b1bfc5ca78202f898300,cool_stuff,53,940,1,2100,42,25,15
dda373e611cb942842a1c248b163c3aa,relogios_presentes,38,268,1,180,16,7,12
f93213a23c50edc16c27b96333f734dc,esporte_lazer,52,482,1,7550,28,40,40
f4ff31c676834c31a24648df290aa349,cama_mesa_banho,49,532,1,300,16,10,16
0cd0a2334c30b335c4a4e73205bfd366,cama_mesa_banho,54,273,1,3400,45,19,35
6d2fde7d12bb6ff367dbda120ba8828e,informatica_acessorios,60,704,1,200,39,9,11
a4aa7c1427c31344e5f7cc3d839fe562,pet_shop,52,625,8,2200,50,20,40
de37ff8068c8e7b1164a19f0f4d05619,casa_construcao,60,878,7,500,17,27,17
6cdedcaa72a7ac7fd354bc71adb02ddf,utilidades_domesticas,47,231,5,5350,54,18,35
cba30a48fc64d64f9a3c084df2658d76,esporte_lazer,55,440,4,500,24,17,20
7c898e0b8ea203dd94ba846627fc34d1,moveis_escritorio,33,1207,1,12650,54,54,18
562970ce0462981e1699d50878a10450,utilidades_domesticas,57,1348,9,375,28,11,15
24d7b551f0ea7c3cea080d402b211132,cama_mesa_banho,45,113,1,400,40,4,30
7329db39e452f3fa1b4f8285055a8e36,papelaria,58,115,1,350,20,20,20
d7d4469347b566ef611163dc0b9cee2c,utilidades_domesticas,60,1166,6,1200,20,35,20
668627d7997bde540866a91f02484ae6,esporte_lazer,50,1039,1,319,18,12,15
223d34a3d9334039f5ff9511dc044bbb,telefonia,50,1246,1,900,23,7,16
dca8cbb1c9d8a2db0fbc0c36b8d1a7bc,audio,42,671,5,200,16,2,11
b60856ce32d90658dbf99b9485327c25,eletronicos,40,429,1,150,25,7,16
89321f94e35fc6d7903d36f74e351d40,alimentos,59,982,1,150,17,13,13
75c06ee06b201f9b6301d2b5e72993f8,perfumaria,54,939,1,50,16,5,11
89b121bee266dcd25688a1ba72eefb61,informatica_acessorios,54,1169,1,150,16,16,16
b861b1b731a9102704784b9912aca82a,,,,,850,37,6,35
bf3a3366c9e0b1f5e8de3447d79c19dd,pet_shop,56,1795,4,1250,30,10,18
10dd77710da08ea43018cb3b4cedff92,esporte_lazer,58,1185,3,400,27,10,28
68c923fddf7f83316b53252eaf830724,cool_stuff,33,892,1,1000,42,25,15
c2ad928095a0d199c4d44b2194119ce2,papelaria,52,298,1,200,16,6,11
911cfb37438b7fa9ad54535990178868,esporte_lazer,55,516,4,500,16,15,15
d7d0c5e4a7f509a4c980aae1530e3bc4,fashion_bolsas_e_acessorios,29,330,5,90,16,12,11
990d135e28e075648cb7d83198fdccf4,bebes,29,764,1,340,19,22,17
bc7952b8b83834a52bc73204ea2576f2,relogios_presentes,58,349,2,300,40,10,25
3db0b74faf0d26a6b252528659d6b849,cool_stuff,41,851,1,12667,39,38,35
6daadc7e6029cf01762f941e488caa1b,brinquedos,44,1384,5,6794,38,24,50
b30d7b0adcdc4a117f455472548155ec,eletrodomesticos,60,1014,4,150,30,10,15
0a57f7d2c983bcf8188589a5fea4a8da,relogios_presentes,33,932,1,396,18,11,14
fb29f48bfea41db52e349454f433340e,informatica_acessorios,59,690,1,300,39,9,20
0cd6e5162c88ac37f5d1aee2922c51cb,cama_mesa_banho,54,1076,1,400,33,3,23
331a9e69c95aad991177b0f1ef85a261,beleza_saude,39,460,3,800,25,6,16
5bef5f3b8482d8e586db1839a4577b87,cama_mesa_banho,52,145,1,800,21,13,15
6f20930691e0163bb23c9570a1a98402,automotivo,59,1358,4,1900,30,10,30
99342b88d6faf8f67c940d2269922f7c,moveis_escritorio,60,1060,1,8725,35,53,34
bb549d441943088b73b5c0281dbc7ba7,utilidades_domesticas,39,627,1,6200,41,30,30
c5e9b73e5f4c644885862ba3e1137b57,brinquedos,50,1492,10,733,29,11,28
61a4100ccd6d9c4c808a1fd954ddb8ad,eletroportateis,60,3839,4,1450,24,24,24
437c05a395e9e47f9762e677a7068ce7,beleza_saude,40,409,1,1110,19,11,18
18721a85f6f265d6137dfc0f88cc0534,cama_mesa_banho,41,162,1,900,33,9,38
e06d5e832b37064a0f5193515b16f44f,eletrodomesticos,49,196,3,375,31,12,23
27fdfad2c6a8f91606eb41ea396785c6,eletronicos,39,410,1,200,25,7,16
241dbc3b6d7c4b0ccb98a81a33df4e3e,moveis_decoracao,32,599,1,5300,30,35,30
96ed3b4b62790bd962aac0b317109be4,moveis_decoracao,29,1720,2,600,30,15,15
95ed9ac528aa2547407e6dff356c12ba,cama_mesa_banho,48,729,1,1500,20,30,30
451f60a1af05c5bef8d9e93fe847f6bc,utilidades_domesticas,39,687,1,525,29,17,19
ccadfeab525a9eb1569983b66e5075c4,fashion_bolsas_e_acessorios,35,920,7,100,20,2,25
6c6232ca1543c84f2dcf3f4cd2ca32d3,moveis_decoracao,58,1977,4,3350,69,11,11
9a4b403e612ff2c3b4867b318bb65d56,esporte_lazer,56,915,5,700,16,26,11
26ef5c7fd62e0e6334083bb274a003ba,automotivo,58,331,3,400,25,10,20
cac9e5692471a0700418aa3400b9b2b1,bebes,57,2440,1,375,29,14,20
703d742887bb9267f89b675608ba7aa0,cama_mesa_banho,35,509,2,950,35,6,45
79d2c1de4aaac73cf031b5e1f03a68aa,esporte_lazer,55,1129,1,300,18,12,14
9ebfbbb1a5a173f758cb76d6ecc75f9b,moveis_decoracao,46,278,3,200,22,6,15
d87a746a8c32da19aabdddac8b632877,telefonia_fixa,42,309,3,100,19,3,11
c0704b7b41d23540e8576c5e84484dcb,beleza_saude,38,2113,1,250,17,11,13
177d3d5bb9d4d29222a222e3b3554f41,papelaria,59,241,6,7550,60,20,29
2708ea4fc1340081efeffbf11f14d765,perfumaria,54,571,5,1700,20,24,30
642369377615febc7fa89e4c8df5110e,beleza_saude,42,608,1,150,16,7,12
e7890707ac0e4e190a74aa46c92e2c94,relogios_presentes,44,601,6,250,16,2,20
3dd2a17168ec895c781a9191c1e95ad7,informatica_acessorios,48,894,1,533,22,11,20
f1c7f353075ce59d8a6f3cf58f419c9c,cama_mesa_banho,56,162,5,9750,35,12,30
1de1332e38dc2f575edfeae165edea4e,cama_mesa_banho,57,293,1,2150,40,10,30
97df437aeb3472b9d42b4c2e9a9d88f6,brinquedos,17,890,1,2600,35,25,35
10adb53d8faa890ca7c2f0cbcb68d777,cama_mesa_banho,52,155,1,200,16,10,16
7bbf8eb1681f6f8ec4b6f0c1c6934718,pet_shop,57,486,2,800,35,8,35
a62e25e09e05e6faf31d90c6ec1aa3d1,relogios_presentes,58,3006,2,1000,53,8,18
5a848e4ab52fd5445cdc07aab1c40e48,,,,,400,20,12,15
4daa4067268d95d34658a10bdc86f1af,brinquedos,48,827,1,600,35,13,25
d04ae06ca1423cdc5bd50d87c0f7c372,eletronicos,58,1996,3,200,17,9,17
635b74f3dd5462e3c133b42cd9299fa2,market_place,47,121,2,200,16,20,16
6a8631b72a2f8729b91514db87e771c0,eletronicos,54,614,1,100,17,6,11
8d2597b69d4374f067b17eba13383a0e,beleza_saude,60,728,1,225,18,9,12
56c0a9eb43edf8247a0a2ef0f08af0f5,cama_mesa_banho,49,440,2,1000,50,16,16
85d619318aa201aca57171aabeed0048,esporte_lazer,34,343,1,150,21,4,19
d6160fb7873f184099d9bc95e30376af,pcs,55,3632,4,2600,16,31,39
c2d1e60e4deda24940c8039c99f08bbf,eletronicos,47,662,1,350,16,16,11
f1959b60fe1d6a15ca43bb20078bbae1,cama_mesa_banho,42,497,1,1700,50,7,39
cea3e34396621bb2677f5969c11316bc,automotivo,49,1252,2,1350,61,8,30
e50ee1b5ca5566f7f341e115533015f5,cama_mesa_banho,43,209,1,1150,33,9,38
118fa7a08a83564776c37433aca3ca71,brinquedos,47,411,1,200,28,13,22
a00d11a2119bd70d658fc7cdcf1f59d3,moveis_decoracao,44,1460,9,650,35,2,25
4fa33915031a8cde03dd0d3e8fb27f01,perfumaria,43,116,1,468,23,18,19
c62b9187381d86ae031b0bac9ead4b3d,moveis_decoracao,39,677,1,12600,35,45,35
389d119b48cf3043d311335e499d9c6b,ferramentas_jardim,59,341,2,1750,37,22,40
ea9fd984ad61025b0fc6a2a99042aa49,eletronicos,48,952,1,450,30,30,20
6752b3102ab2c1712dcefe29fd7379c1,esporte_lazer,45,315,1,390,18,13,16
34d6306314a47fe15c1efdbc23302020,informatica_acessorios,38,301,1,107,7,7,10
2f4a64fe9c6430a9626b4745227cd0e8,relogios_presentes,45,375,9,650,30,15,15
5edfda97608b60c12ad5f3139d026bfb,eletronicos,34,1130,2,500,23,16,18
d2239567438e335a463191a43f2f02ff,brinquedos,59,1849,3,2400,16,50,22
8817f0cda3d5b42e5f949ee3be9dc80c,perfumaria,54,954,1,50,16,5,11
8c591ab0ca519558779df02023177f44,ferramentas_jardim,47,1893,1,6050,20,20,20
4d687600c495f2049542171633cf1f77,cama_mesa_banho,64,409,1,18850,45,15,35
7cfda1a28e3673a7dcf2094f856bf54b,ferramentas_jardim,58,2253,5,850,21,20,14
2dda8afe04774afea003920be7d6fffb,cama_mesa_banho,55,699,1,1000,16,10,16
ddfaa1c2e19f82a47043c5f5ee1376d1,utilidades_domesticas,59,263,5,5700,54,18,35
c48ac418b79aeb75f30be25ea192b6ff,perfumaria,18,71,1,200,22,11,14
c7fd13b5e515bffdab855d0812842edb,moveis_decoracao,46,490,2,1350,30,20,20
af6ab2d196af959df0ce35fc5ea50278,utilidades_domesticas,56,747,1,850,16,17,16
672cd55beec76a54b88a865280fd9e5a,utilidades_domesticas,29,200,1,100,17,3,11
cd935d283d47f1050c505e1c39c48b67,esporte_lazer,32,658,5,281,30,14,25
ac850a749748b386d598124ae34ba1b0,utilidades_domesticas,34,665,4,24200,40,90,60
868766ed2172644fdd977d6bd395a107,brinquedos,36,217,1,250,45,15,35
bea7ea61efe95658dcd899eea73f919c,utilidades_domesticas,57,940,4,700,28,22,28
d088332df74647f2fa0a24d226b5d784,utilidades_domesticas,56,631,2,300,28,8,14
bdf752aa5ccd0dfb9e9ed401b672f133,relogios_presentes,58,558,1,150,20,5,15
242edc6b84c00f0d48c664a020a92c52,malas_acessorios,39,131,1,500,23,45,32
c4baedd846ed09b85f78a781b522f126,ferramentas_jardim,58,1893,1,5950,20,20,20
0067f97995b0c3a86739734dc87ee6b6,fashion_bolsas_e_acessorios,59,412,1,200,16,2,11
82caf2c378df511bd246f66917199274,relogios_presentes,53,728,1,225,25,12,16
00066f42aeeb9f3007548bb9d3f33c38,perfumaria,53,596,6,300,20,16,16
73326828aa5efe1ba096223de496f596,alimentos,32,1392,1,330,20,15,16
062619359d5f9a664606cb2a6ccb477a,beleza_saude,64,1394,1,2000,20,20,20
7783fe1498ca5fafb9bb45c8a1d117e4,eletrodomesticos,52,236,1,100,27,13,17
05a9dadb8402b6b7ae3dd28f7da187b5,informatica_acessorios,59,3314,2,2950,20,20,20
2cb04e10eeaa0cc28bb0b7db018c9056,beleza_saude,33,1093,1,1350,27,27,22
49eeae59754cbcf1abeeffb8f51184ee,cama_mesa_banho,49,1077,1,1575,26,21,23
225f4fe326aa42f164181adc215bcd09,telefonia,58,348,3,150,22,7,14
53759a2ecddad2bb87a079a1f1519f73,ferramentas_jardim,58,340,2,1500,30,22,30
081cac4fc215928a462eb2c06a14dffe,eletrodomesticos,50,718,3,150,16,8,16
42a2c92a0979a949ca4ea89ec5c7b934,utilidades_domesticas,41,799,1,7000,26,47,27
fb55982be901439613a95940feefd9ee,papelaria,52,211,2,7000,60,20,30
8eb7b31149dc92903e213c9896443440,utilidades_domesticas,25,243,3,525,30,9,30
f1e297029531521190bb2312a90df567,moveis_decoracao,51,1078,1,500,35,7,27
ba0aeab8fee0bfc98bb3bfbc321e6d9d,utilidades_domesticas,48,763,1,8600,35,35,35
196616257eff8bc851dc4fc041cbbbe9,moveis_sala,32,608,2,9750,27,15,92
9d51d323e75d867b50aa566d782024a5,pet_shop,38,226,1,400,30,30,20
440cb991a95f6a9c8918c112433f4d69,cama_mesa_banho,38,301,1,3040,47,10,36
e80d316020758033fb0247e553f8a640,bebes,35,547,2,12000,65,97,18
00636f9286f69c9f1bdabe76e670fb50,moveis_decoracao,60,382,1,500,25,2,17
2d4500a3d35334916c955b3c365dbefe,eletroportateis,58,2984,3,3950,43,15,32
fa51e914046aab32764c41356b9d4ea4,,,,,1300,45,16,45
f9d151cf2fc10d41cce64b782856320f,informatica_acessorios,54,454,3,75,17,6,58
f71493db6e7483d84f937e1d15eddb38,brinquedos,44,669,2,700,20,30,30
fb7a100ec8c7b34f60cec22b1a9a10e0,brinquedos,58,321,2,150,16,16,16
daf9915404caf75fa1717a436b46fa14,moveis_decoracao,63,379,5,1400,33,15,30
7d1a667dbc183583078324f912d42c6b,esporte_lazer,43,2420,1,150,16,6,11
