order_id,payment_sequential,payment_type,payment_installments,payment_value
689e8820798347950a2649f71c734bd0,1,credit_card,6,189.98
99e34b586d1fa26ea713021ff647d18d,1,credit_card,1,39.42
05ddf4cc62efcc6f34b8c693eaa2db01,1,credit_card,4,88.58
5795afd080b42134859d9b925c7919ea,1,boleto,1,71.14
f002422b59aa21ebc2c12136d1ab4019,1,boleto,1,82.12
8280bddb9636fd420fecbd96c5b0c877,1,boleto,1,77.57
8a4611e08772a0a101cbeee84f121200,1,credit_card,10,198.30
a1941edfbb473a7e0a9f1e7abbb773fd,1,credit_card,2,37.90
7ac0ea1aae0c98fd853d0baf7108099c,1,boleto,1,150.84
0c51264bdcbe5893081232bba640dba0,1,credit_card,6,94.31
383bb8b07361166ea86f3f4b51e96ff7,1,credit_card,1,42.06
3418c754c6d0c412d57cca00b6ccfbe2,2,voucher,1,4.39
3dd5f3e88e755bfddd878c1be9903b4c,1,credit_card,2,99.57
a3475ffe00b0ffdf1951a56d5a6b8102,1,credit_card,10,702.18
86e15c44520932e049ca96660a60b776,3,voucher,1,20.00
3cf6fb1fae0029f5b4f01de4dc8d2fc9,1,boleto,1,78.78
4092d9bdc6d89d05a6d5be6ef304f627,1,boleto,1,14.78
7aee2b4a36b8b9f260376a8319900aa7,1,credit_card,1,87.81
256d312e964585fcdb955a8e8edb7081,1,credit_card,2,168.65
67f9754feffe51587eed05ba198d21b0,1,credit_card,10,152.47
bbf99c13cca74b92b287695076073f09,1,boleto,1,116.82
feedf8f109c19b01f36d6d87eb1e5dbc,1,credit_card,3,140.65
e9be35cf7ca8ab06ac0fe5cd85ffc0a9,1,boleto,1,28.00
8c1d4b6d5a4c76d480dc3f8e766b285e,1,credit_card,1,123.92
bd80c61aa79867f184f4b01d69b6c03c,1,voucher,1,93.12
68a36ddf13d6fcdd7ea00d9ce11026b9,1,credit_card,4,142.66
2bcb35eae24dc9a57f35090df6a7cb67,1,debit_card,1,145.68
982e90afe2a0e9a5b5b69165a47c3a4e,1,credit_card,9,128.88
fb612793f43e55d0df079f56c7ffb811,1,boleto,1,168.20
5945dfbdeb40f07705cb97a90c68b68e,1,credit_card,6,355.01
8ee4362f8dfc794ac7cb9b309b4a87b3,1,credit_card,10,124.53
5598657697983e852a752bb7c10f4d01,1,debit_card,1,28.13
024a74550cdbd36c0fe3955fc9e2bcf0,1,credit_card,1,35.45
cf4d00ace6566015d92509e1cc8b243e,1,credit_card,2,123.01
bbcc1c8c6b1353a43012bfe1b7380a29,1,debit_card,1,51.53
309f3a08287b7191569a15914e64c3d2,1,boleto,1,39.09
ae8a31461eb719be6507a81916beb77d,1,credit_card,5,56.95
2bfe52167cb0f38cfbbdca7154dc3da4,1,credit_card,8,203.39
a26e448f7fe0273a370e603cd60933e0,1,credit_card,1,41.79
6a189ed8c568195193d5880d4c090de5,1,boleto,1,66.60
14adaa967c795bb74d70ae4eafad8d3c,1,boleto,1,55.00
032e68585bbc07ebb038769737b9410f,1,credit_card,2,812.85
d8f4c65b2259adf42e2f7f51a82fc8d0,1,voucher,1,106.54
ccc1762fa4bea334f80983e3f3a933b6,2,voucher,1,24.94
6f9bf4ab497406e0c55eb9eb7a3dcae6,1,credit_card,1,83.73
95f621764d58ab2736abbffb39a183da,1,credit_card,1,140.23
0bdfd876931ec6df01297b40e9672c12,1,voucher,1,42.44
e9ce52cd563d0124dced659e69eab10a,1,boleto,1,312.91
23e9f8ff4531eef8fbeb21efcf4ca260,1,credit_card,14,144.43
1137c5577a907523cb35ea043a976835,1,credit_card,5,248.36
6552ae78f1de31bcde1fc2cfcab0d25d,1,credit_card,3,138.62
774398c3ac79463f502a2fff60e2518f,1,boleto,1,132.05
2f610bccd0c217425cbb71bc0cdafa32,1,credit_card,1,87.32
886554d6a49f10154eb12b81a6c4ef4b,1,credit_card,4,117.46
fc124eec9edbb799119308d21bfaea54,1,boleto,1,816.36
0ab82628350881eff00a09a3a0c73970,1,credit_card,1,89.66
b2c1d65b858a8658622354076fafbd0c,1,credit_card,3,186.10
736813b41544d3ca0ed5d508802f4ca1,1,credit_card,1,77.57
367d9f6d184cf1d060d92bdc71810d2e,1,credit_card,3,333.76
5cef0136de603dac5471ed33114164ed,1,boleto,1,42.51
e56cf4189e005351c2158740a5861875,1,boleto,1,107.03
d458c1c3490c500eb8ee41abe912626e,1,credit_card,1,137.60
bfaf2a2f0abc56602d3b0fcf99576126,1,boleto,1,115.81
923dbd74822b55ab663759d1bb50823f,1,credit_card,10,141.62
793d6cba27a505c143022119b8f313f8,1,boleto,1,65.09
dec35be986f60651db9bd0edded4ff75,1,boleto,1,126.92
0bdfd876931ec6df01297b40e9672c12,2,voucher,1,127.32
b26eb89dfb4e2d970274ef0c668fd43a,1,credit_card,1,69.41
b62939b805109a6cc3874aa9ae3ac253,1,credit_card,1,56.92
d696730916dce1a0a88fb9f34407ecb2,1,boleto,1,116.96
793edc24e4e9b6c0fbb5b63b1c07910b,1,credit_card,2,70.90
ca629f02433156bf7577b63a9dc1615e,1,credit_card,4,82.13
5d7f0dc1e401127edfe8b79e174a52c8,1,credit_card,3,67.92
630c3cacbf294ed8c919a0c6a90bb1fa,1,credit_card,3,32.70
47a2809ec3c2d8c1263a2e09fb62cbcf,1,credit_card,1,127.53
019543c0de8386be97738b589ee695aa,1,credit_card,10,596.95
ac13993b49f8254ca1d6ab536c035473,1,credit_card,8,86.02
a8305d2dfd60042d6000b3de3bc533a3,1,credit_card,1,74.18
dda427569144edf4a458f8fed9d5ca4a,1,boleto,1,74.16
10482cea058f80e06b62b933eba72928,1,credit_card,1,116.36
f65b97e0ce63435e9d58afec633f3f69,1,credit_card,1,48.62
9b156799a5b75cdf61bd52c0f7e04b61,1,credit_card,10,288.13
e3be8e7970afa286e942ea4273061bae,1,boleto,1,82.21
f9f75601353a50e58746860ba04dc47b,1,credit_card,1,68.28
b33710c706a29d2ee76bc234d77edd84,1,credit_card,6,170.19
d34d57040fbd8cc561fddf442352f8eb,1,credit_card,3,175.96
0d71b869b9be4491cbc466910f186bd4,1,credit_card,1,21.78
eb07db9884e44e51d9f3f7e6ef2715d9,1,credit_card,3,70.49
93bb367e257c000bd449a46fd0e75e56,1,credit_card,1,35.26
86e15c44520932e049ca96660a60b776,2,voucher,1,20.00
e13ef2072b1d65c486d7b9fbf5dc6f01,1,boleto,1,21.87
3418c754c6d0c412d57cca00b6ccfbe2,3,voucher,1,4.39
efff0f02714bda94c05b552d6603f6f9,1,credit_card,1,71.91
c41d1d484d6eba6e4d8d981ed0768193,1,credit_card,5,184.28
e1da8361c76cab67aa3588a1fbf1af54,1,boleto,1,253.40
f037c28c7c878c3d1df3485872d3b63b,1,boleto,1,82.05
26967c9a40c842f7e0067b4ef5489082,1,boleto,1,257.87
f3d418a0887dbfd5bd41c788c87ac28b,1,boleto,1,172.81
32be14d87b5440681042a2135db3e6b5,1,credit_card,6,309.33
502fcc6b96f393f4aba791d5ba89b409,1,voucher,1,219.63
3c6ba7a3320c8c63c76d343c388ba219,1,credit_card,3,113.89
b2568132625046ee9b5384ad5bd26977,1,credit_card,6,109.60
e1d72d08a94712bb04f2e4194ba776b8,1,boleto,1,37.79
ef3d3d6bac50c7e2e1cc25ba953e11f6,1,credit_card,3,52.04
1882b3d31fb4a660930adb0ba04e8680,1,credit_card,1,82.70
3a33027df93ac0a949a75fae9571b2cb,1,credit_card,1,138.31
1cfce7466cb5b7c473426907c2cb148f,1,boleto,1,598.56
136d768d679a4fc7902e10fc81af17fc,1,credit_card,4,191.14
4d24605b62596483861b472f2c596e23,1,credit_card,6,61.27
ff70ad5dd90ca8946ddb2ba48946c0e2,1,credit_card,2,130.16
963258c35a8f30e4ab41bb49c4e493c7,1,boleto,1,21.43
4cae8f063630ed7e8cac158618f1c83b,1,credit_card,1,25.84
7bcb99610f15bdb8d701787bf59f0c25,1,credit_card,4,48.22
27c9a7fc93005e3344a0c1ffa6f931e2,1,credit_card,4,45.09
b983574a488ab6b6bf5355f8ea775f7e,1,credit_card,3,40.10
5177d1217cafa2ba15337cd62cb1fc78,1,credit_card,1,85.14
72de948f7d91e80fb80be59dce8f9322,1,credit_card,3,84.15
3418c754c6d0c412d57cca00b6ccfbe2,5,voucher,1,4.39
43443d5fff4b94d98df1ad41af13d302,1,credit_card,1,2.21
17ad13a5069275b16fe6b68460d1545b,1,credit_card,4,55.09
e0e3cde1bd7f993b460771481843727f,1,credit_card,5,180.04
f19b492f25812691633dffcf530146f6,1,credit_card,3,182.84
60721992ef4cec39824837f08c79afec,1,credit_card,5,332.33
6df2cfb6624c3e0b13775087f1cda182,1,credit_card,2,90.17
917d8fa5446854ac034de2f57c82bbee,1,credit_card,2,166.91
75213e459cfe44a61c496c864e0a8c63,1,credit_card,4,48.10
cf8f7b73e35cb19ff895c2f45c1ded72,1,credit_card,3,111.40
ac3d89654ac9458fc97bfeace44251d6,1,boleto,1,37.23
638ef1788b79081e63829d44a8f15e0c,1,credit_card,2,117.10
36b3e868e7c59377f81266ad905cbdb5,1,boleto,1,33.78
252b5c3120af058fdc9eb73b14e4b97d,1,credit_card,8,254.95
b5da536992b01709ece25ec74fbd0ebc,1,credit_card,6,124.52
062fb51d4257a8a7ef0bb5df1becde54,1,credit_card,1,37.00
f080eea3284143410083852a499aa1ca,1,boleto,1,89.58
bec7d5a25c600cedea70947a1aa39092,1,credit_card,2,176.01
36e14a46e5b025f82308a10f7a942db0,1,credit_card,1,115.94
e531208eb155aa7ad31da8a797a6efe2,1,credit_card,10,321.58
acb2afbcbcc3be10924f75fd3b6c98d8,1,credit_card,1,128.88
f63a31c3349b87273468ff7e66852056,1,credit_card,1,26.69
beee47428ec6a6984d07930d75eb3c17,1,credit_card,1,147.37
ccc1762fa4bea334f80983e3f3a933b6,1,credit_card,1,2.62
3018cabe571cb8d2600f671021243e3e,1,boleto,1,70.07
5d1e025052895991d3f50688be8f626e,1,credit_card,1,75.08
5f82563eed1525084af012688a78398a,1,credit_card,2,71.04
57e15c1ad29a85e248eeefad05d29453,1,credit_card,10,972.71
d7d0eb9fb2a389917e37fc5411078df4,1,credit_card,8,92.28
b48c1dd4cb4c98e4dceeb753c952c961,1,credit_card,8,262.42
18259cce830d6f0f67331bafa6cbe93d,1,credit_card,3,69.31
58ee901dc817aa7f36518d079340b80f,1,credit_card,5,107.59
e1e7bf45ba3cdff55983f9c1741384a0,1,credit_card,3,136.93
12f0d35d150a1645900980264e766cc6,1,credit_card,5,115.88
7a7ca02c6fd9b1c25e9452a6f56c018a,1,credit_card,1,107.29
f313336cf2b038a3ef433d8e48aec4d5,1,boleto,1,117.96
84a2a019c5e35c1b7930e967601312b7,1,boleto,1,106.67
4b707ea4e7c08fa1180bf92bede67da0,2,credit_card,1,91.70
486189e06030d36779e10e55b6220d87,1,credit_card,3,150.29
0f1e7409f75f39dd6de647d802dd1094,1,credit_card,1,58.16
509a52223ecac6d67fb765b3b37c6974,1,credit_card,2,65.70
506537a590a8f111389ca1f2a4963847,1,credit_card,6,200.92
be617734b5af69d1f5af08af4a1ac32d,1,credit_card,1,90.00
9d4be303e6a9cebfccda2d29624ca472,1,credit_card,2,114.45
62c16e40e8cd43ca10fef5eadfc2d11f,1,credit_card,1,200.76
6c2d7d5f598317a20719a7e5f5487ece,1,credit_card,1,106.14
82e4be23c247d0fe56f0fb757a26ccd4,1,credit_card,1,64.44
9486c11941b06fdf44a70c74c0d03ed3,1,credit_card,1,57.73
166e8da2582560e757c1c41e4a4148c7,1,credit_card,1,62.19
2e931584519b7ebc7b1a445a4f7cd8f1,1,credit_card,2,175.79
0849eaf857ddbba0d7a97887503f9795,1,credit_card,1,106.43
f5e9edb4041a4f6ddaac3851ae7992ee,1,debit_card,1,33.37
367d9f6d184cf1d060d92bdc71810d2e,2,voucher,1,100.00
8d3815553beb9e0a66908d8df19e7ffb,2,voucher,1,15.00
3e6f2b32accad480bf1508660cc2e609,1,credit_card,8,425.62
92e0a2b039d9ce627cbcc94ecf879f87,1,credit_card,10,111.70
61fa8d2ee24cc80feecf24ec94c68e8f,1,boleto,1,487.64
4a71c671955d20b872ceb6758387a3e5,1,credit_card,2,312.88
aa5604bf192f6ee61a0ef7b63fed898c,1,credit_card,1,229.00
4d59cc2a2e7bb6c0a851725f5888a9b5,1,voucher,1,69.46
fcffb64079d8d2cef5d9014ea91705d3,1,credit_card,2,50.69
ec3d63b91b19bedcbe453ea0df14dd50,1,credit_card,2,117.96
83b168c70ec0325445963b36cda1eef3,1,credit_card,2,73.27
6f85fa051c6abbc96216b2dfb6af04b4,1,debit_card,1,114.33
4d6f79209e34185f85488e65c20c63a8,1,credit_card,1,256.77
2e7b6fd2d14510c3828fa09dc0b9c082,1,credit_card,2,106.87
9d9fcb45ee8881b84ca11e65a913941a,1,boleto,1,71.62
3742e108eff3341dbaa5e22f6e2fd38b,1,credit_card,1,50.00
fbe1b2aeb4cba6d2bc309c735a062549,1,credit_card,2,136.93
a65ca70a0647f6ec2e7b4a0a49d3a500,1,credit_card,2,325.89
55e6c58fec03654f425a4d47cf4631eb,1,credit_card,2,101.29
c57cf7b41f793c7c74b7e51f236eb57f,1,boleto,1,77.94
00324b3eda39ba5ecce3945823e3594c,1,boleto,1,110.07
1f0caeab2e84048dd8f4d149904c0d8f,1,credit_card,8,127.69
3418c754c6d0c412d57cca00b6ccfbe2,1,credit_card,1,1.79
55a4f9b50beced29f599c03bf4df76e0,1,credit_card,8,87.15
e70405e60d48ff7771de55e6b39a09da,1,credit_card,1,128.26
205d5db88d0a8b3736d1afa2f6a329c5,1,boleto,1,89.17
dca63e525f9401c2d75b39006727511b,1,credit_card,7,76.14
52b584ffb85f68adad88374d3c150147,1,credit_card,1,130.70
c2e3096cfe14dd179f75dc83746fe2a8,1,credit_card,1,41.75
7b7e1acab40b5a906d8f82e23d1c8687,1,credit_card,4,219.38
1c17925c49f9d7785ecc1febf7f30363,1,credit_card,1,78.60
9024a48543f0247467a77a9208311c07,1,credit_card,1,59.00
b5fd688e3b4992b03fe982e9d569653b,1,credit_card,10,109.31
b67c515c4ce95d8b4b79cce37eaf9e23,1,boleto,1,194.80
418bafc9ec22366d00fdadab496b0215,1,credit_card,2,51.13
9b881df263e0c26b3fb8584bc0da7317,1,credit_card,1,53.27
14af65d7109058f32b35ed10a594cfc0,1,credit_card,5,144.82
e15504d16c775034b44d4637a745a5a5,1,credit_card,1,104.30
1f0c014f0e64850a2020368551656dba,1,credit_card,1,27.30
ccc1762fa4bea334f80983e3f3a933b6,7,voucher,1,6.65
00ba57ae98928df6ba6ec9d3d8d4b1b7,1,credit_card,7,149.01
db4e3bec0b52410d044c3f9d6bd6f804,1,credit_card,8,692.59
ddff0e1a8a73007a387e5edb05973958,1,credit_card,6,117.60
da48ff98ca6bec2aa39f5cce1db9f04b,1,credit_card,1,44.00
7a3073d28930e698b650ba8cf83e741b,1,credit_card,2,91.79
886cadc098626f2e17d54f76b7bac8bd,1,credit_card,3,115.45
8d5522903eb78728024e688cd6ee9dbf,1,boleto,1,81.89
a4d63c74eb133a700461000c2e8df158,1,credit_card,4,93.31
a3e866227b2e2569279dc36cbab3944b,1,credit_card,7,74.07
ba6db6908932a9ed2a611c82ef295d37,1,credit_card,2,139.27
91c72081ae9c08e96d0bc952f73e6188,1,credit_card,2,336.28
abfacef50a27d7cea3f2c7aa60c08245,1,boleto,1,45.00
b178e047b185d2f781a3646f88ec3e52,1,credit_card,4,73.34
f30149f4a8882a08895b6a242aa0d612,1,credit_card,3,120.24
f538ab1833873a6a10bf9e563867c4cc,1,credit_card,2,62.65
d454b242faeb348060250fcf92c1db01,1,credit_card,8,106.70
ccc1762fa4bea334f80983e3f3a933b6,6,voucher,1,5.44
d0f706ec8a0d8cd8b1733c1f2f7f4701,1,credit_card,4,79.33
3d9650eb93f7e3a88b65616691a0126b,1,boleto,1,125.86
67d234bcc416725cb502c08117a69500,1,credit_card,3,43.00
e010818e0f8eab0076d80f8699a22aa6,1,boleto,1,216.47
542b5e9b74a189f238b8ddb6f4805667,1,credit_card,4,71.26
d7b00090ed4c28c03afc316bc0a2ec17,1,boleto,1,156.85
a7b5e82b294d8eac1109824b0194abb9,3,voucher,1,36.81
ccc1762fa4bea334f80983e3f3a933b6,3,voucher,1,5.06
887c6b210d8a2d3a1158dfaaec74e786,1,credit_card,2,80.61
5fe019f7d1eaebdb3da79811a3bcd58d,1,credit_card,3,33.51
97117f0564b324e2fde477ebb108bc11,1,boleto,1,102.64
132f922490ba371efd891cf7f81648e1,1,credit_card,9,126.49
23169ab372b70385fcc9668d29aad84a,1,credit_card,6,66.99
367d9f6d184cf1d060d92bdc71810d2e,3,voucher,1,100.00
f7a1e468985217906faa7ad93b8a3f38,1,boleto,1,155.73
4676e642aa92a4ba1131e935a2ac6246,1,credit_card,2,111.83
21264ae81b0f6ee6e1d2664ee10c51fc,1,credit_card,5,228.24
76dafeb35f47c9cdb8aa7971022e0978,1,credit_card,2,24.77
93fe3d332271d38d6974bec644168f57,1,credit_card,10,121.83
780d2033f54e261503435dd8a2873909,1,credit_card,1,139.32
a67a7dcbea2b5ce61ba8bc99ff7362db,1,credit_card,8,591.88
4b1e9e86e377397f8b305cc26fb038a9,1,credit_card,1,116.36
e439b72b2d1f22819e11acbbc8102216,1,credit_card,1,88.54
c41deac864c11ed028c447061d233e3b,1,credit_card,5,102.37
84f72613dabd8b11141ae6e2710c413c,1,credit_card,1,41.71
8564eda5247ce8353cdf36e0ccd2f2c7,1,credit_card,3,116.68
ff92e046b12e7380a5a54db4e3fdf615,1,credit_card,1,31.94
9bee2a0789ef47ce6515c171c803a285,1,credit_card,3,195.46
e7a1c10937aa6080039693c6dd27387d,1,credit_card,1,304.38
1d549356573aec2c60e329901bdba77e,1,credit_card,7,274.47
98b7513b33b639343a4a8955906e61a4,1,credit_card,1,79.81
c0b7fa0a374f7d9ed01d813a0aa67f71,1,credit_card,2,35.78
fe64eabd5c2ee60296c45eba2835b9ef,1,credit_card,13,138.94
1f0caeab2e84048dd8f4d149904c0d8f,2,voucher,1,100.00
7b1cf9f880b0f7eba111c5342dd2fba9,1,credit_card,4,105.28
88495a304ffc01e1af6d23769628f3b0,1,credit_card,4,128.62
0b3c0b254cd889f96d5426417aa548cd,1,credit_card,3,221.89
bd8c777b163d434c13d72bc016869c97,1,debit_card,1,147.69
2ee460773e708be4e0208745a3864b8c,1,credit_card,1,81.12
271c268d4d21a60bfad6ddb92be3ba3b,1,credit_card,1,87.54
0d9e86e02c1a823b20c03ea29d616607,1,credit_card,6,289.45
4b707ea4e7c08fa1180bf92bede67da0,1,credit_card,1,5.45
f12cefe9433959386542247656221808,1,credit_card,1,80.95
9950e10864fad6c02ade4829884ebd39,1,credit_card,1,66.67
6dabb450123d01750d1b176ea59026a1,1,credit_card,3,39.62
c33d4d6f164d581e80ca8b8b11bf45ae,1,boleto,1,106.85
28f5b7eeb630d537533dec10991130fc,1,credit_card,10,153.70
4452080876f5de5c69e66d6d8b9e10cc,1,credit_card,3,121.98
6e24be5a5995507b208981073d5b6820,1,credit_card,3,37.82
ce01ef7df5891810a0899cd241279caf,1,boleto,1,140.91
56ecfea68a6a0f6592184f65abc70394,1,credit_card,1,35.77
153fb90c16a95a3c0ea6cc48a1a4069c,1,credit_card,8,126.31
204618d5b8734931d5988bf6c4827e48,1,credit_card,4,84.05
5bbb9f480d85449ab94a389f7cdae20b,1,credit_card,4,336.34
bd814ae8402bcbe563ceed37d1b7db49,1,boleto,1,44.13
0487b902149eab8ec30e844142ee3e3a,1,credit_card,3,108.12
7af8968dd47046c37943560bd00782b6,1,credit_card,1,23.90
222078339afa2788819420928e8b859c,1,boleto,1,55.00
e9965bb148ec7e8cb64c20b78218adf3,1,boleto,1,51.12
67e1523ecabbe030f525c66b8cc57fa2,1,credit_card,1,34.00
9617fe1d020cfc23b838a49896e0f4e0,1,credit_card,1,38.05
0d2676e37c740455a4f662cb7a88e6f1,1,credit_card,10,601.09
660a02c58e33a4d888a10733703398a5,1,credit_card,2,68.12
a7b5e82b294d8eac1109824b0194abb9,2,voucher,1,38.00
2c49b1336713953c90ab5e1f16ce5012,1,credit_card,10,866.36
1f4010e63b5ac13defa48305766a912a,1,credit_card,2,191.49
eb22d6eb9946f4e045cffb03414af48a,1,credit_card,7,430.04
9b867baf23bb7cd0720825a08a58dcac,1,credit_card,1,113.55
ccc1762fa4bea334f80983e3f3a933b6,10,voucher,1,23.41
f4b984332e7956371b352bb4edae2cac,1,credit_card,6,215.01
a6b4a07846eeb32164672a9299ab8aa3,1,credit_card,2,48.69
4205a3c89c70026b43d90706a98e2f17,1,boleto,1,76.88
17279938859725061b927842cc521d9d,1,credit_card,3,133.34
d8ae8039b59ce1eb9a0f9579e07d30c7,1,boleto,1,176.49
5d36e8ca3ccd1262b7641467fdba0b8e,1,credit_card,1,102.90
dcd9141cf681c0a831e8988b32156d3c,1,credit_card,5,91.99
2d57b1f21a3ec32c23b4d6e95870e4a7,1,credit_card,4,2032.04
b3878761474174aa7dfaa4140dd91ae5,1,boleto,1,138.60
1343e1f31a0f108d5102319b6624021b,1,credit_card,5,167.04
2c16fd106856fc1209898f20b68c943c,1,credit_card,5,119.50
e57a80c38db54b7ff20c18cfe7bc2840,1,credit_card,3,67.22
d0ddded2fb44f032154b6149cce5e2e6,1,credit_card,1,72.84
09e90e3936db197d43b9bde1291c307d,1,boleto,1,86.99
834f1f6bfd5b32cabaa2d0d31dfcf63c,1,credit_card,3,105.28
6779036ed0ba358b53a569a733f3e408,1,boleto,1,353.45
5fd3e686087ab4cd93b354b63771d6aa,1,credit_card,7,76.66
09bfed54145e573d48e1685dcf11fb6c,1,boleto,1,117.38
37455a7ce5cca45395e5b3c399e12310,1,credit_card,1,237.54
6b89a78e042eff08232ab1fec808a30a,1,credit_card,3,147.23
1ee34237b5f6da17a68b98f9f27e4a4c,1,credit_card,2,142.27
350bbe08ad1344030593d837cc982113,1,credit_card,3,32.77
1958dfc7a44c7967a1f5339f67db8fe3,1,credit_card,2,40.00
5a06ec99090e75d00d2b33b0efdce2f4,1,credit_card,2,125.53
01ba495d945c6a1c5b198bbad63e61c6,1,credit_card,6,135.51
ccc1762fa4bea334f80983e3f3a933b6,9,voucher,1,6.57
a187f41f4cc3a98eaf1e82f8b79c6fb2,1,credit_card,2,52.91
5a902cc5a20f8cd076f116d16d5aef9d,1,credit_card,8,1653.60
50361b5016be065cd60c76a7f14b3750,1,credit_card,1,78.55
193f0a2e7d76b4a6b080379a0fa83391,1,credit_card,4,41.72
ccc1762fa4bea334f80983e3f3a933b6,5,voucher,1,8.31
06daa9224cad114ece451ff00c20d49f,1,credit_card,2,89.63
bafd325431534dcd8f9bbd75c67db66f,1,credit_card,3,886.58
b2d88e5f45a8f1f5215146eeb66d49c7,1,credit_card,6,158.52
64cbe98d3ef9d927297f7dea3fab17d6,1,credit_card,10,256.91
d32d839e4c6f7772888cc70c40f23abe,1,credit_card,8,351.99
7013bcfc1c97fe719a7b5e05e61c12db,1,boleto,1,65.52
0d760576500ea8611379a97ddcebf3db,1,boleto,1,106.16
36e138bc060bf5e8b34ff5a25cdef48c,1,boleto,1,178.06
171706c3cdc94b7ab32ba08a0c408b21,1,credit_card,1,69.77
354f62589ab0a15eb57e820d6fcbe9b5,1,credit_card,3,101.90
a0d5633fe92946ea39b59d2fd89d249c,1,debit_card,1,225.70
5fe019f7d1eaebdb3da79811a3bcd58d,2,voucher,1,34.84
cc652a820b30631f5db92ac08dcadbc7,1,credit_card,1,65.71
581ca172b817d8c5626a66b8cbfe11e7,1,boleto,1,178.90
9e98c3552018458c0a2dbfda35bbfbfb,1,credit_card,7,76.66
68da13c8f4ec09d2e31633d8ea16c15e,1,boleto,1,515.28
286f5f216f1c33c728468b8049169006,1,boleto,1,195.22
9a55824805066e5b894f07c60e254854,1,credit_card,1,128.83
dd12f57a8bc06b6105b3e8c0c1bdbabd,1,credit_card,2,75.68
65a56537a4b967ab349287b7c0229c07,1,credit_card,2,60.44
9d81bb437ca5583e95a56300b3576228,1,credit_card,1,80.91
a178e361fe66cd0d0e9416db6da9ce1b,1,credit_card,3,37.89
ce6f24ccb16af897b7650022beead374,1,credit_card,6,298.32
86501b9ee48e914f406cd33ddf6f77fb,1,credit_card,4,398.62
8d3815553beb9e0a66908d8df19e7ffb,1,voucher,1,20.00
0bdfd876931ec6df01297b40e9672c12,3,voucher,1,125.92
0733aab1e972ab531705cf45a1e77281,1,credit_card,1,76.41
248deb3ef512379585029c544c063a3b,1,boleto,1,95.37
9e50d6711cd120b8b6fecc98aca9d306,1,credit_card,2,62.28
9cfc94a00cf39aa53d8f701fade170b9,1,boleto,1,74.33
f7adb52b8785594c7e357054489e371a,1,credit_card,1,5.26
bca647a251ea21807ba8cf824272dcfd,1,credit_card,4,91.23
02014f2495eef0e869616829d481d743,1,credit_card,6,1342.63
2b9c1a6934f2dd62cbe6df11189fb65f,1,credit_card,1,87.55
330003e600912f03d0036088e5eadf64,1,boleto,1,62.42
4b8f98e50ffa9c1b021c197d39c58bb2,1,credit_card,3,205.81
8e337e3b4df76fa95a5e03ba9675cb56,1,credit_card,3,204.06
b079c98bfa00c43a0fa13df10b7d9d2f,1,credit_card,4,60.13
91c75b7ba1ec17918b96773bc0f8f443,1,credit_card,1,22.04
c977f4831578bc1ea3d13592827eb6fb,1,boleto,1,79.50
8b7b3969f3c39c57ab6c9d0df5741f39,1,credit_card,5,52.59
d523e3017b5b43a3ce38bfc92347c050,1,credit_card,8,328.38
d836fc392b89243c807bf3366c68fbee,1,credit_card,1,83.66
64307ceb91666760cf3ff463618302fd,1,boleto,1,44.42
f4683514d8411fbd52a4f1524915fff1,1,credit_card,6,65.05
df5c9b471c8cb2bf4fd5d986d8811ed1,1,credit_card,1,33.10
970b0850a5b6ccaa34a0e887e8d10a5b,1,credit_card,10,134.72
86e15c44520932e049ca96660a60b776,1,credit_card,1,33.27
1ad631eef80afb67f53ed0b9083846e7,1,boleto,1,197.45
4a16403a2f6d6324c545f6b70581c2c9,1,boleto,1,22.75
6f51c1344ad020aefab85b67a98bebd1,1,credit_card,6,139.61
9af89743e7144e56b5e028a248174ef1,1,credit_card,2,103.14
51bd890febd880cb94d9051fd28f289e,1,credit_card,1,83.87
232b75e8b6faa6ca2063184414e634a7,1,boleto,1,180.95
ccc1762fa4bea334f80983e3f3a933b6,4,voucher,1,3.78
71c1a607d67393d01bef51c097368feb,1,credit_card,8,313.22
eaa862b99d06a963cff6699021d83f09,1,credit_card,1,62.65
7cbc4b1a42129d7c6f9b4f14371ac4c3,1,credit_card,1,117.96
4dea917f3fa605c7d6eff1a97a207768,1,credit_card,3,74.20
07083f97580544bb7ba3372759150f49,1,credit_card,2,35.81
5a42d01f5fdf7a96312618390f361e72,1,boleto,1,162.85
9463979a72f79c0324a07095d572007e,1,boleto,1,76.19
222e2e919b398d9f76f574166e305c62,1,debit_card,1,61.57
f23565614af219662cb662c56a0d2f71,1,credit_card,1,216.15
93d350ebaa988529d9b1988c454035b2,1,credit_card,10,188.45
c5c6895d5f18ff51c8fb2af8121d1c9c,1,credit_card,2,44.82
344711e5a1c4b5c82cf1ffa1d358ecd1,1,credit_card,2,138.84
e894c57e9986a9c5936b17fe19400a6a,1,credit_card,2,141.13
0ea9a0ba0b616d087150d5db5f31fc6e,1,credit_card,3,96.43
67bc13a75930f4cf503a251f12328045,1,credit_card,1,311.59
4bf9917773b973b77d02d12241387084,1,credit_card,8,367.11
0f1fc45267bd2edfbaa6af5e47dbd0d8,1,credit_card,6,62.41
f49c0fbc31a71d739df8b7c13dd6ffd8,1,credit_card,6,63.51
624cb9936b306450dbb6445fbadfb208,1,credit_card,3,77.42
fae508e3ea9697ecb70c66eca76f4b63,1,credit_card,2,42.42
479ca7b6834ffb05666e813c9c0dddf8,1,credit_card,5,376.69
c5c8bc5afd5caf252e62d89148e0d342,1,credit_card,2,117.30
4a15263dd8da51ee9b6c6ed9fa843ee9,1,credit_card,2,126.24
7885efcad4dae013491156c565d65d50,1,credit_card,1,47.68
737a52582de776db2631a7d53cb29eed,1,boleto,1,61.75
e243d2b9a888be9451926d6053edf2a6,1,credit_card,1,94.50
21ac7b9aaf4cb4e41aa7ed2722a0c2ab,1,credit_card,10,758.26
bafd325431534dcd8f9bbd75c67db66f,2,voucher,1,43.99
7b71869b0ed372d90284fcfbfbba82d9,1,credit_card,3,36.63
c77ab6252aa05bf818cb8b39d4879b21,1,boleto,1,47.00
557de3912df820904b9204e0d1879256,1,credit_card,8,83.86
e3194d56283622975638628a739c9e84,1,debit_card,1,67.83
96c26f94aabe1e27bcc5068044c5da90,1,credit_card,1,77.95
c3cf38b5ae4bba4ccb2082824d3066e0,1,boleto,1,231.14
7802207732bf2bf55f1994667489339b,1,boleto,1,69.54
77fbc4cdd3be2594cbb02bac5e3ce914,1,credit_card,10,222.63
e0017093576ff7e25777c2d023eb1cd9,1,credit_card,1,37.24
9b18393baecb1432441d81ce51e14fbf,1,credit_card,2,73.66
206dc2e3ed3121cb9271e8922d9650b3,1,boleto,1,105.59
5add03213ad417aab3988852ea890572,1,credit_card,3,96.80
0241b276e1e2b1d6873473c44240b426,1,credit_card,3,101.03
f51fb43d2d69e83cc9cca35f9706798b,1,credit_card,4,46.61
23dd9b9b8eb4352e2905bf46a41e5ad2,1,credit_card,2,81.72
bc8206fa80d1bcd38257bd4550932b78,1,boleto,1,177.42
f63a31c3349b87273468ff7e66852056,2,voucher,1,19.41
ceddfcaa82b18d944e4de24213a6fd4a,1,credit_card,4,222.48
82daed31f80350ce51f518369a8d181c,1,credit_card,5,96.88
a49b30472ac98d5d5e1889d3ce2974b1,1,credit_card,3,109.25
923452229b8bb09c9011ced5f73a0893,1,credit_card,1,30.51
2180c97a87cb56e53fff589f28985825,1,credit_card,8,376.97
5fe0491bbf2891e0f240aee0fa0332a1,1,credit_card,1,56.10
d9e5305b48eff370ffafa031d6027518,1,boleto,1,104.85
932fbcd8ff83452581f2b710115f094e,1,credit_card,1,156.72
f396e1280028fa9c8c83111abee5f2e9,1,boleto,1,455.38
b3311a70844e97acd4e111dac452a341,1,credit_card,2,130.25
4fa1b6d5d3ca98e8def932544cc51b90,1,credit_card,4,89.41
a7b5e82b294d8eac1109824b0194abb9,1,voucher,1,105.98
7ff15ea63e622694922805d48de711a1,1,credit_card,4,130.26
3e8c191415aece16ba1ac896f535b484,1,credit_card,1,50.13
c88c214c277ccf07d8f8992b66796546,1,credit_card,7,158.53
65c5c8d2e87139529c41cf8307ba1f65,1,credit_card,8,1806.68
f7adb52b8785594c7e357054489e371a,2,voucher,1,114.90
98464a5096e400810b94bb93f38924c9,1,debit_card,1,2404.72
6bdcc275fba0fb4ece1d33e9d7126f6a,1,credit_card,10,300.87
20415fe2d2bbc0e8cd136855c2d3f149,1,credit_card,1,43.28
10e133f423bb02952878401b944fa13f,1,credit_card,10,323.52
d41019a8da12cde6c8dba824444cf38d,1,credit_card,3,190.48
4194efa7ec651ea7442c7f01988877bd,1,credit_card,8,109.80
63a19e889b69e5ef9ee2b2e646509051,1,credit_card,1,46.13
44367541b21451fc1fff30873b2cd899,1,credit_card,3,496.18
520511b04850b7b40c753fb70aca7bcb,1,credit_card,4,189.07
8d82989b46a15271fe364e6492758722,1,credit_card,1,36.43
783f0149c8c49e2539f7a09dc2237b5b,1,credit_card,3,169.92
3e41fd4c8d9609903634b36c09183b78,1,credit_card,1,46.75
365a8708db2878154916b372f72e17ef,1,boleto,1,123.89
3c843728a555b7e433f4a128b82d6740,1,credit_card,3,156.19
c588d6fe9640b6198171ed8c30981057,1,credit_card,1,35.42
60de731b89e8c9651392a445b2813ff9,1,credit_card,10,233.55
ef4e154fd9b51d276fad7ed482b97e58,1,credit_card,1,319.11
ccc1762fa4bea334f80983e3f3a933b6,8,voucher,1,3.88
f2fdb2c26514430fe5fc50af581e9d2c,1,boleto,1,36.60
3f927a0036358d9522078e7e3007cfe4,1,credit_card,1,76.15
3a9731efdd545919f0c6c36c8633b7fd,1,credit_card,2,52.87
2f4011790ff902584d5b011f0e35ff1d,1,voucher,1,180.21
eb1873ec4d6a2af1c0626a7d08bd9c09,1,credit_card,10,828.08
1523268cac9326ce1a5fbac7f88a6f20,1,credit_card,1,217.91
38e3895efc70d2d46a3b967b8781368a,1,credit_card,10,104.70
5c5bddc85dbccc2797c8fcfc4aeeb3a7,1,credit_card,2,148.15
970faa2fc574e975f2badf8b2783c112,1,credit_card,1,102.64
146344c554458a6d7e2f92948e52e8b8,1,debit_card,1,37.44
1397417a57ad1bbfe8d639df8cdee908,1,credit_card,6,173.95
4bee560781d45bb4b18efd58fef1901e,1,credit_card,1,38.72
6b11e7b75e0feb0302e6054a2e65be71,1,credit_card,5,55.50
9d230d6d2c7b315e6420c9f2c0a85938,1,credit_card,10,146.40
9c3ac80bb91312f5c23ffc1097c4ba7d,1,credit_card,1,17.77
a5c681209e1bcb90066e530c285ce2c5,1,credit_card,2,98.44
3147d340c802cf04b463c4a5e532745d,1,credit_card,5,117.94
c235e3fbe42d171c9177e6664107170d,1,credit_card,2,21.94
07460d5693ce1f6577ebd04b4ad091eb,1,credit_card,8,172.52
c2ef874559083f9b66c092fe59f382b2,1,credit_card,1,19.64
43443d5fff4b94d98df1ad41af13d302,2,voucher,1,290.53
0d6350e1fa2acb1318e3a53d52333e25,1,credit_card,1,45.78
8fc32fd1d663bcad34398d254fcce471,1,credit_card,3,221.47
8428cdf79e64b95486e06ad5d0573e22,1,credit_card,6,386.46
ac8f8a6e0d980aae7905fb9b3480078d,1,credit_card,10,295.72
e734700453d78cc2958b64b3b5613bcd,1,credit_card,3,91.15
c3c35f2d43a0d5fd996de1f3b77ffa0d,1,boleto,1,66.05
9c23c5e00db2827a08ee53074a3eb60e,1,credit_card,1,33.00
f454701e5160f7518990fcac29a81932,1,debit_card,1,153.72
99d330b158a97e4b525cb725fa9571ec,1,credit_card,3,148.70
6ded11f0a307eed2ae0931fe59f4c599,1,credit_card,1,54.11
ae0fffa23dda62380795c427a8f734e8,1,credit_card,2,109.99
c99f7c8803c7a958c31ba67e7432ba16,1,credit_card,5,246.36
3399c5d5b9eb49b7a4ec11d7c39a8aec,1,credit_card,3,121.68
d8d281c1a1398a1e835fdc4adfb81e2a,1,credit_card,7,702.41
3418c754c6d0c412d57cca00b6ccfbe2,4,voucher,1,4.39
60b570df9018c6b6441017314a2dd081,1,boleto,1,1351.44
dba3d308cfb77b3fcc46a50e560080bb,1,credit_card,5,1898.27
efdd6716d5125862a11d4e354bd4ec3c,1,credit_card,3,84.23
2efe3d3b0ddc295d2ce1c43f021078cb,1,credit_card,1,103.02
af4de5572edcf4dac89b10578b09c496,1,credit_card,1,84.72
df0036e685fb491dbb08531f082ddbb6,1,credit_card,1,44.28
eddf1b58726e1b53c010f681422195fc,1,credit_card,1,96.00
de2bff9e29299dc921f2e276c8408400,1,credit_card,1,1221.39
f222c56f035b47dfa1e069a88235d730,1,boleto,1,98.62
b60e4bb897c3faf7417e11850072fab0,1,credit_card,1,23.10
3e18227567dbe13ebe679ef9eea4d872,1,boleto,1,104.97
905564c4ef42ed11c74cc6f3d1919bcd,1,boleto,1,177.27
3cf387bb14e9db171ccbb9b87ea607bb,1,credit_card,1,161.02
e910fb096edc468fd26534cb846e182e,1,credit_card,3,173.82
bab00350f5ef0c26654bc8eb1b90ea9f,1,credit_card,2,161.86
a6f1dca3527b8ae1a077c9c9375d9f06,1,credit_card,5,95.26
5664fde64525f1c1c6a8ef23aa35dc22,1,credit_card,6,247.95
e3e1d2fe1c3f816ace8a772a4dff8a1d,1,credit_card,3,166.59
60301aefa80ed57de1c39335c519622c,1,credit_card,1,84.27
a216d63457e3501eeab4375752f0fbbe,1,credit_card,5,138.25
2e7afd467bd078429896367562ec0727,1,credit_card,4,46.63
e7bbb39c507d08caa0aee263d3d6ca55,1,credit_card,4,201.58
a93517c2ce1c5cf1b4d0f513f712e6dd,1,credit_card,3,44.10
a9fa7ea99c0724de00e9d31f2a39a723,1,boleto,1,332.07
e65fa5f31ce4436d38bcf5e109fd43e4,1,credit_card,3,159.77
21938ab3a8cc42a797d428700bcf04ee,1,credit_card,3,200.33
953924bfb9b567973c9f02020eb17eab,1,credit_card,1,67.35
ab82b0d931d692c586fadda4ef9c1397,1,boleto,1,73.34
2c115ba9e25f2b8932ec710356d9eca9,1,boleto,1,32.96
53595a8aa421790cc9d2e85db64cb3c1,1,credit_card,1,87.39
56400a721b65efb0da1a9f11ea5b2dc7,1,credit_card,1,72.16
